HR,C_SA,C_SV,C_PA,C_PV,R_SA,R_tSA,R_PA,R_tPA,R_SV,R_t_c,R_p_o,R_p_c,R_m_o,R_m_c,R_a_o,R_a_c,k_pas_LV,k_pas_RV,k_act_LV,k_act_RV,Amref_LV,Amref_SEP,Amref_RV,Vw_LV,Vw_SEP,Vw_RV,LAV0u,LAV0c,K1,Height,Weight,Sex,RAV0u,expPeri,Age,BMI,Alcohol,Drug,HGB,FBG,Creatinine,NYHAClass,BSA,FirstDiagnosisOfHeartFailureInThePast18Months,UsageOfERA,UsageOfCCB,UsageOfSGLT2,UsageOfStatin,UsageOfAsprin,UsageOfNitrates,UsageOfDiuretic,O2Supp,UsageOfBetaBlocker,UsageOfACEi_ARB,HTN,PHD,PH,CAD,SHD,MI,HCM,NCCM,RCM,DCM,Amyloidosis,ValvularDisease,ValveRepair,PericardiumDisease,Pericardiectomy,SeptalMyomectomy,AF,OtherArrhythmia,HLD,DM,COPD,CTD,HTh,LTh,ICD,CRT,Pacemaker,LiverFailure,RenalFailure,RespiratoryFailure,AD_AA,HeartTransplant,KidneyTransplant,LiverTransplant,LungTransplant,PancreasTransplant,ASD,VSD,OtherShunt,BNP,SBP_D,DBP_D,RAPmean_D,RAPmax_D,RVSP_D,RVEDP_D,minRVP_D,PASP_D,PADP_D,PCWP_D,PCWPmax_D,LVIDs_D,LVIDd_D,CO_D,EF_D,LVEDV_D,LVESV_D,RVEDV_D,RVESV_D,EF_RV_D,HedLW_D,HedSW_D,MVr_D,TVr_D,EAr_D,PVR_D,RVSWI_D,LAd_D,Duration,EndEvent,HFtype_HFpEF,HFtype_HFrEF,HFtype_PH-Suspected,Smoking_Current,Smoking_Former,Smoking_Never
70.18114,3.092058,47.97284,10.983848,5.476873,1.1634204,0.13120629,0.115205914,0.041802675,0.05693281,25967.76,0.010368642,4793.4126,0.051289838,83390.84,0.021766394,66499.836,-174111.83,-584178.6,278574.12,44927.145,69.91334,44.49228,149.4245,7.486847,19.65744,71.58114,-10.681389,14.464071,7.8911886,171.58673,79.877914,0.0,-15.854425,2.1395056,53.238194,27.986635,0.0,0.0,12.662029,139.01312,193.247,1.0,1.9190528,0.0,0.0,0.0,0.0,0.0,0.0,0.0,0.0,0.0,1.0,0.0,0.0,0.0,1.0,0.0,0.0,0.0,0.0,0.0,0.0,0.0,0.0,0.0,0.0,0.0,0.0,0.0,0.0,0.0,0.0,0.0,0.0,0.0,0.0,0.0,0.0,0.0,0.0,0.0,0.0,1.0,0.0,0.0,0.0,0.0,0.0,0.0,0.0,0.0,0.0,19.72872,138.98785,79.22332,9.648311,11.027244,31.33122,8.147227,7.307406,26.240326,11.382369,4.0961227,-0.9296392,2.5700243,4.1612525,6.151819,56.22312,67.47283,17.244476,152.65634,82.35716,43.641502,0.59945506,0.7499566,1.359223,2.1697927,0.035473432,200.76306,304.6002,3.202711,3.5135217,1.0,0.0,0.0,1.0,0.0,1.0,0.0
74.57598,-4.777454,54.829456,17.232576,3.6638637,-0.74462587,-0.047275815,-0.28260386,-0.038091786,-0.047629196,66344.66,-0.019938627,11951.481,-0.01882248,222951.86,-0.21290639,193389.34,-450628.72,-3008948.2,269795.88,69768.47,184.91171,86.31534,141.52293,192.45592,85.73549,69.410675,41.021526,112.6945,-5.947939,164.51385,85.06506,0.0,45.468765,-0.15392505,12.074412,32.963276,1.0,1.0,7.8302765,97.10203,188.83043,1.0,1.9093472,1.0,0.0,0.0,0.0,1.0,1.0,0.0,1.0,0.0,1.0,0.0,0.0,0.0,0.0,1.0,0.0,1.0,0.0,0.0,0.0,1.0,0.0,0.0,0.0,0.0,0.0,0.0,0.0,1.0,1.0,0.0,0.0,0.0,0.0,0.0,1.0,0.0,0.0,1.0,0.0,1.0,0.0,0.0,0.0,0.0,0.0,0.0,0.0,0.0,0.0,2933.343,168.68074,90.52788,-2.073905,-5.2473726,35.314564,0.19886044,-5.8914156,29.053373,15.14341,17.130836,23.546207,3.7058136,5.6714396,9.028269,77.15242,285.21072,145.98077,107.726395,7.2419214,89.22923,1.4006389,1.9580197,1.5204694,-0.9127188,1.61537,-38.8641,1190.6418,4.486164,1.7547916,0.0,0.0,1.0,0.0,1.0,0.0,0.0
82.07875,1.3782127,36.00454,7.327602,0.9533768,1.1941096,0.1554185,0.035901707,-0.027093625,0.006749771,43939.977,0.004641092,8039.0825,0.02701979,123171.92,0.024006806,9683.8,483259.88,-627842.3,228104.66,19508.596,131.42711,67.12772,125.03652,85.94487,46.346375,75.64763,19.399477,61.852486,9.849823,168.64384,64.069626,1.0,19.830366,-1.1806645,83.01135,24.056791,1.0,0.0,9.1025915,150.33493,87.89435,2.0,1.7276129,0.0,0.0,1.0,0.0,0.0,1.0,0.0,1.0,0.0,1.0,0.0,1.0,0.0,0.0,1.0,0.0,0.0,1.0,0.0,0.0,0.0,0.0,0.0,0.0,0.0,0.0,0.0,0.0,1.0,1.0,0.0,0.0,0.0,0.0,0.0,0.0,0.0,0.0,0.0,0.0,0.0,1.0,0.0,0.0,0.0,0.0,0.0,0.0,0.0,0.0,1177.8793,146.83118,77.91128,14.683476,15.079826,31.659523,14.7603855,11.669421,30.65247,22.339588,28.113657,35.46075,4.273053,5.420737,4.9633203,36.664967,214.85127,139.44356,53.344772,-10.31569,70.51926,0.90806574,1.1213893,1.8901137,0.8563205,1.1886505,103.6815,619.53357,4.585127,2.906672,0.0,1.0,0.0,0.0,0.0,0.0,1.0
71.54019,1.995567,59.23223,18.846554,6.9676523,-0.29303578,-0.0026289958,-0.14888959,0.019802786,-0.02169233,53089.566,-0.010975738,5384.9863,0.01159076,197991.61,-0.097253,160174.62,-706437.25,-2698371.2,309500.6,59335.062,188.89536,74.237564,176.34512,116.60228,47.829895,101.40226,50.11591,106.79333,0.641571,179.57188,133.84717,0.0,57.94004,-0.39196703,13.669674,42.932457,1.0,0.0,7.685895,94.54453,153.18808,0.0,2.5388765,1.0,0.0,0.0,0.0,0.0,0.0,0.0,1.0,0.0,0.0,1.0,0.0,0.0,0.0,0.0,0.0,0.0,0.0,0.0,1.0,0.0,0.0,0.0,0.0,0.0,0.0,0.0,0.0,1.0,0.0,0.0,0.0,0.0,0.0,0.0,1.0,0.0,0.0,1.0,0.0,0.0,0.0,0.0,0.0,0.0,0.0,0.0,0.0,0.0,0.0,1182.2478,148.44914,80.77987,4.3546505,2.279253,31.047796,5.427004,2.2619257,26.274946,11.8092165,5.913954,4.7652345,5.7487307,7.2036138,11.182835,47.77819,332.95203,221.43028,159.92393,65.05858,88.95606,0.754867,0.8013166,-0.11319882,0.44630983,-0.073652685,21.863605,846.2528,3.8065648,4.089943,0.0,1.0,0.0,0.0,0.0,0.0,1.0
71.62486,3.669062,34.485695,10.026159,3.7447314,1.285918,0.1093716,0.050626967,-0.052608564,0.036219083,23296.479,0.007838562,2881.94,0.01920559,55754.258,-0.012819485,65903.8,81291.15,1743763.8,212619.06,91053.08,162.12596,52.78162,153.61357,136.8206,46.76361,46.757725,1.4620051,49.026886,7.337176,169.35684,111.36996,0.0,-2.9554362,0.6527297,57.962765,39.877544,0.0,0.0,13.705229,130.33334,158.96829,0.0,2.2699635,1.0,0.0,0.0,0.0,1.0,1.0,0.0,0.0,0.0,1.0,0.0,0.0,0.0,0.0,1.0,0.0,0.0,0.0,0.0,0.0,0.0,0.0,0.0,0.0,0.0,0.0,0.0,0.0,1.0,0.0,0.0,0.0,0.0,0.0,1.0,0.0,0.0,0.0,0.0,0.0,0.0,0.0,0.0,0.0,0.0,0.0,0.0,0.0,0.0,0.0,-677.68256,160.35838,96.06567,10.369222,13.229322,29.985933,10.205287,7.618932,26.700724,15.851973,15.8216095,16.596987,4.0273924,5.606569,5.117087,53.185925,227.0745,145.16731,120.82344,48.06122,40.127537,1.1527879,1.2846621,2.3172524,1.1142044,0.8057216,90.596886,563.1764,4.4297285,3.2287426,0.0,1.0,1.0,0.0,0.0,1.0,0.0
67.19925,8.132187,29.533749,4.124424,4.753896,1.0495269,0.12734328,0.1826976,-0.0023271632,-0.009620536,37812.55,0.0045825983,6813.4185,0.0035261915,89330.88,-0.022659749,92808.695,383690.3,197542.16,64256.58,19557.316,127.87053,55.54161,142.26015,90.63659,42.24408,73.58885,-15.219703,2.8057926,5.388577,164.7488,63.406734,0.0,-26.172365,1.90155,39.57365,24.900753,1.0,0.0,11.64557,155.23497,98.47761,1.0,1.7004163,1.0,0.0,0.0,0.0,0.0,0.0,0.0,0.0,0.0,1.0,1.0,0.0,0.0,0.0,0.0,0.0,0.0,0.0,0.0,0.0,0.0,0.0,0.0,0.0,0.0,0.0,0.0,0.0,1.0,0.0,0.0,0.0,0.0,0.0,0.0,1.0,0.0,0.0,0.0,0.0,1.0,0.0,0.0,0.0,0.0,0.0,0.0,0.0,0.0,0.0,-497.0136,95.33531,57.379936,10.805968,13.3831005,25.920729,10.648941,4.758916,21.082296,11.891185,6.705492,4.38738,3.843414,4.387019,3.7053022,31.468565,169.37132,147.95868,86.767426,41.849598,60.117302,0.9631739,0.9957412,0.42638266,1.7300102,1.807837,313.1227,697.0562,3.0346558,1.3749118,0.0,1.0,0.0,0.0,0.0,1.0,0.0
62.975117,0.8988695,34.765656,14.815428,3.041346,1.1973864,0.17206511,0.038731277,-0.017389597,0.0026116758,65393.145,0.0023308874,7488.275,0.03315666,144848.4,-0.023524554,121761.82,25395.402,-1429810.8,152526.92,55023.36,140.71306,58.730537,94.203156,112.1036,49.888363,9.634852,33.437733,78.834564,-2.35673,144.66628,77.438774,0.0,30.623549,-4.2375164,72.25481,37.028996,1.0,0.0,11.437548,184.35538,104.41049,2.0,1.7265567,1.0,0.0,0.0,0.0,0.0,1.0,0.0,1.0,0.0,1.0,1.0,1.0,0.0,0.0,1.0,0.0,0.0,0.0,0.0,0.0,0.0,0.0,0.0,0.0,0.0,0.0,0.0,0.0,1.0,1.0,1.0,1.0,0.0,0.0,0.0,1.0,0.0,0.0,0.0,0.0,0.0,0.0,0.0,0.0,0.0,0.0,0.0,0.0,0.0,0.0,187.15889,148.32019,67.91166,3.0459483,0.5753805,27.963213,3.5205047,3.9520216,25.312708,13.481829,12.697086,12.519462,4.0740967,5.1731386,4.256357,43.7472,201.03616,123.27031,18.7658,-35.87269,60.405823,0.9901846,1.2370231,2.4764795,-0.18222457,0.18626276,114.141106,840.5743,4.35065,-0.24634653,0.0,0.0,1.0,0.0,0.0,1.0,0.0
68.340065,-1.0012321,10.525695,3.8212776,0.62743783,2.5723822,0.29610246,0.4022888,0.2374435,0.29922196,31708.59,0.004895319,395.47165,0.009943396,73126.36,0.1325922,-28421.291,-27844.621,-967627.25,142762.16,-3238.243,51.535503,11.450479,46.30873,-43.520863,-20.559553,34.9711,55.665707,84.65756,14.8008995,127.485085,20.735271,0.0,56.28827,-5.1659517,65.13838,24.183367,0.0,1.0,12.493004,183.25204,-40.973373,1.0,0.97419983,1.0,0.0,0.0,0.0,0.0,0.0,0.0,1.0,0.0,1.0,1.0,0.0,0.0,0.0,0.0,0.0,0.0,0.0,0.0,0.0,1.0,0.0,1.0,0.0,0.0,0.0,0.0,0.0,1.0,0.0,0.0,0.0,0.0,0.0,0.0,1.0,0.0,0.0,0.0,1.0,0.0,0.0,0.0,0.0,0.0,0.0,0.0,0.0,0.0,0.0,637.6202,125.11314,63.33841,16.00037,16.698133,49.430103,15.224506,13.067389,47.565517,22.16665,25.985666,28.509962,4.300739,5.182116,-0.22314432,30.325829,35.231182,39.286003,-78.66553,-73.012924,61.50252,0.20300028,0.27416575,2.8796296,2.590817,1.5166135,383.61087,894.3768,4.6555557,2.1904442,0.0,0.0,1.0,0.0,1.0,0.0,1.0
40.258198,-4.2990656,30.601349,19.176695,2.2980478,1.5267565,0.27516967,0.16958034,0.055172004,0.23799661,66760.82,-0.00025698074,-5994.062,-0.007996741,93231.41,0.13956639,-13451.529,-215364.77,-1772300.9,9865.069,-28300.781,146.08348,35.56598,95.57159,83.97717,16.475208,41.67321,141.16348,211.60811,4.179064,120.07599,105.32741,0.0,156.62265,-8.411176,61.0935,55.801445,0.0,0.0,15.888207,173.2364,104.13317,1.0,1.8911456,1.0,0.0,0.0,0.0,0.0,0.0,0.0,0.0,0.0,1.0,1.0,0.0,0.0,0.0,0.0,0.0,0.0,1.0,0.0,0.0,1.0,0.0,0.0,0.0,0.0,0.0,0.0,0.0,0.0,0.0,0.0,0.0,0.0,0.0,0.0,0.0,0.0,0.0,0.0,0.0,1.0,0.0,0.0,0.0,0.0,0.0,0.0,0.0,0.0,0.0,1856.2084,161.47675,71.78596,7.943523,8.053526,41.354313,6.739998,8.072151,38.413525,20.679785,21.21933,18.140121,5.0427456,6.4686127,3.8222826,29.720648,188.91394,132.62192,-61.474545,-54.05695,17.175491,0.6909481,1.0659324,2.5812454,0.32451674,1.544701,263.94705,1306.1,6.3175464,1.7768307,0.0,0.0,1.0,0.0,0.0,0.0,1.0
38.64784,4.8416586,39.084713,5.507011,3.8354063,1.0633514,0.17352548,0.19403706,0.12682001,0.09521244,6928.551,-0.008184415,4252.0596,0.017861264,-8302.526,0.07723425,101910.87,-177604.02,-1109323.9,190683.31,74998.48,126.98191,64.64548,54.200336,85.678696,48.22172,-0.53916353,39.54863,101.253975,3.953262,161.18172,90.565895,0.0,37.10604,0.6072289,83.37541,35.869205,1.0,0.0,14.523754,133.46278,-33.68835,2.0,1.9858038,0.0,0.0,0.0,0.0,0.0,1.0,0.0,0.0,0.0,1.0,0.0,1.0,0.0,0.0,0.0,0.0,0.0,1.0,0.0,0.0,0.0,0.0,0.0,0.0,0.0,0.0,0.0,0.0,0.0,0.0,0.0,1.0,0.0,0.0,0.0,0.0,0.0,1.0,0.0,1.0,1.0,0.0,0.0,0.0,0.0,0.0,0.0,0.0,0.0,0.0,-1955.2611,111.98114,55.966244,2.2443044,6.654497,38.015335,2.237032,3.3905587,37.73059,13.324454,14.101343,16.039982,4.2691793,5.946585,3.8801448,60.879017,194.46378,103.79541,-75.903824,-123.94174,101.481346,1.027447,1.3348728,3.0033295,0.9251605,1.0715814,320.37903,749.898,5.5212135,4.4241176,0.0,0.0,0.0,0.0,0.0,0.0,0.0
83.84868,8.506792,39.122135,1.3481677,4.160393,1.0940148,0.056367256,0.15346979,0.018940438,-0.033800207,34483.836,-0.0005517634,2856.161,0.022946429,62144.254,-0.034686096,66332.37,196956.73,-48956.99,189484.23,72402.266,125.51403,53.245922,151.00659,60.691376,28.28824,85.77418,-1.2277061,29.29146,2.731405,172.37094,84.30919,0.0,-5.5744605,0.37668365,49.35001,29.267622,1.0,0.0,11.342709,161.28545,98.93029,2.0,1.9826764,0.0,0.0,0.0,0.0,1.0,0.0,0.0,1.0,0.0,1.0,0.0,1.0,0.0,0.0,1.0,0.0,0.0,0.0,0.0,0.0,0.0,0.0,0.0,0.0,0.0,0.0,0.0,0.0,1.0,1.0,0.0,0.0,0.0,0.0,0.0,1.0,0.0,1.0,0.0,0.0,0.0,0.0,0.0,0.0,0.0,0.0,0.0,0.0,0.0,0.0,-389.8022,100.3327,67.4281,7.0044813,8.152258,33.73797,7.855048,5.240095,32.16342,15.54917,11.337452,12.589915,4.2341113,5.5102844,4.697626,40.846806,186.96298,139.55875,111.73483,58.632744,43.292812,0.54361045,0.62387305,1.386438,1.4855095,1.137123,214.48679,231.2797,3.548187,0.6914838,1.0,1.0,0.0,0.0,0.0,0.0,0.0
59.79923,3.5797834,13.663486,6.3149114,1.5938329,1.8066093,0.29067484,0.19230023,0.12326409,0.19826141,249.72316,0.010749709,2237.4158,0.045359485,12438.076,0.061155435,97505.18,-109909.15,769038.56,243776.94,52627.41,53.921684,17.01111,73.61951,20.406605,6.936255,26.0641,-2.5606043,34.060852,13.556732,153.8277,72.33319,0.0,-11.826115,0.49809307,92.24132,31.941545,1.0,0.0,11.267246,146.24228,83.33875,2.0,1.7482638,0.0,0.0,1.0,0.0,1.0,1.0,0.0,1.0,1.0,1.0,0.0,1.0,0.0,0.0,0.0,0.0,0.0,0.0,0.0,0.0,0.0,0.0,0.0,0.0,0.0,0.0,0.0,0.0,0.0,0.0,0.0,1.0,0.0,0.0,1.0,1.0,0.0,0.0,0.0,0.0,0.0,0.0,0.0,0.0,0.0,0.0,0.0,0.0,0.0,0.0,-531.0503,135.61304,58.23561,15.335464,17.997892,35.541786,14.888767,12.82603,35.37419,17.341928,17.5006,19.243258,2.2269666,3.9248226,4.081707,72.21686,2.4815612,-59.144966,2.7654717,-54.871643,78.609276,0.78129417,1.0428965,2.2297645,1.3198587,-0.088453345,203.34329,756.7144,4.0490103,1.4141964,0.0,0.0,0.0,1.0,0.0,1.0,0.0
74.81658,-4.98025,47.742363,14.33184,2.2119546,-0.9327555,0.022026898,-0.11402261,0.03493718,0.050293352,68117.24,-0.022254657,10113.974,-0.04131224,240043.5,-0.047983147,109946.734,-343810.25,-3646093.5,97283.2,30350.064,174.40868,77.86714,84.00298,161.50961,68.92823,64.00709,97.10345,162.01675,-1.997759,163.03969,76.83733,0.0,112.31327,-3.2340147,18.13235,31.524668,1.0,1.0,8.800284,76.19594,85.55561,0.0,1.829148,1.0,0.0,0.0,0.0,0.0,0.0,0.0,1.0,0.0,1.0,1.0,0.0,0.0,0.0,1.0,0.0,0.0,1.0,0.0,1.0,1.0,0.0,0.0,0.0,0.0,0.0,0.0,0.0,1.0,0.0,0.0,0.0,0.0,0.0,0.0,0.0,0.0,0.0,0.0,0.0,1.0,0.0,0.0,0.0,0.0,0.0,0.0,0.0,0.0,0.0,2757.9243,128.50589,70.98843,1.9892187,1.5234761,52.50788,5.3656187,-0.76282835,47.949207,26.312279,29.812296,40.724945,4.93425,6.619159,7.0349064,53.654694,280.18152,173.97545,-36.409992,-66.074646,50.09655,1.1522303,1.595392,1.696033,-1.16387,3.6798007,127.02421,1135.9983,5.2944303,4.6548433,0.0,0.0,1.0,0.0,0.0,0.0,1.0
74.9197,2.2189012,40.021866,3.4050674,3.332563,0.19377218,0.08426144,0.028051417,0.030834572,0.10643183,-34599.242,-0.00500428,611.9823,0.0045230994,-22518.162,0.04305959,79875.98,-332555.44,-1631751.5,163248.22,60469.34,132.20703,51.352093,128.45796,129.32025,49.468853,91.405914,18.374098,76.89838,3.1442962,167.94926,66.69606,0.0,16.29304,3.4303718,50.917812,25.320328,1.0,0.0,7.730398,146.31224,95.669464,2.0,1.7390555,1.0,0.0,0.0,1.0,0.0,1.0,0.0,1.0,1.0,1.0,0.0,0.0,1.0,0.0,0.0,1.0,0.0,0.0,0.0,1.0,0.0,0.0,1.0,0.0,0.0,0.0,0.0,0.0,1.0,0.0,0.0,0.0,0.0,0.0,0.0,0.0,0.0,1.0,0.0,1.0,1.0,0.0,0.0,0.0,0.0,0.0,0.0,1.0,0.0,0.0,1041.2144,119.68713,67.48031,1.0502973,4.7471375,35.28179,1.4919716,-1.2156281,36.48451,18.32062,14.9861765,19.670689,3.237307,5.227111,6.719169,71.994385,174.18338,74.211296,66.423775,-12.289885,102.65856,1.4489834,1.5580621,2.050887,2.5664685,1.7035263,214.48553,1169.1029,4.791591,3.617718,1.0,0.0,0.0,0.0,0.0,0.0,1.0
74.6109,6.155935,12.7634325,-0.28045765,1.8598714,1.1027195,0.15066029,0.2046078,0.08529431,0.04427885,476.35165,0.0029970033,1686.1115,0.020841207,1024.7957,0.01906963,59921.18,180594.48,182031.98,147633.14,64571.555,107.562256,35.483242,116.27988,57.283234,18.942091,71.486855,9.120719,45.728683,8.826072,157.05273,57.448082,0.0,3.5246618,-0.63667583,63.86424,25.263945,1.0,0.0,10.556195,138.50305,53.812008,0.0,1.5951049,0.0,0.0,0.0,0.0,0.0,1.0,0.0,1.0,0.0,1.0,1.0,1.0,0.0,0.0,0.0,0.0,0.0,0.0,0.0,0.0,0.0,0.0,0.0,0.0,1.0,0.0,0.0,0.0,1.0,0.0,0.0,0.0,1.0,0.0,1.0,1.0,0.0,0.0,0.0,0.0,0.0,0.0,0.0,0.0,0.0,0.0,0.0,0.0,0.0,0.0,561.7795,119.398224,66.23425,11.528644,14.954777,43.58916,12.617732,8.493376,39.394043,18.290192,18.976582,22.19409,3.7902591,5.038987,3.3698053,43.820072,125.00304,66.5895,49.297085,3.1968064,63.205246,0.7167657,0.9357501,2.5402317,1.5637097,1.3760148,188.80519,509.8595,3.972394,4.67807,0.0,0.0,1.0,0.0,0.0,1.0,0.0
86.12304,3.8079174,52.30736,20.863241,3.1797485,-0.3474892,-0.0061732843,-0.28332785,-0.20889172,-0.12675743,46181.516,-0.010744053,13560.037,-0.027905516,188079.08,-0.10728,161413.06,225680.19,-1176844.5,313100.25,70757.77,277.4609,112.594955,203.29674,229.71234,91.21905,102.273506,27.922657,101.87468,1.9653734,188.55106,159.88814,1.0,31.726357,0.03768284,24.32905,50.472954,1.0,1.0,9.969961,155.31256,177.71352,0.0,2.888783,1.0,0.0,0.0,0.0,0.0,0.0,0.0,0.0,0.0,0.0,0.0,0.0,0.0,0.0,1.0,0.0,0.0,0.0,0.0,0.0,0.0,0.0,0.0,0.0,0.0,0.0,0.0,0.0,1.0,0.0,0.0,0.0,0.0,0.0,0.0,1.0,0.0,0.0,0.0,0.0,1.0,0.0,0.0,0.0,0.0,0.0,0.0,0.0,0.0,0.0,-1093.7046,132.28612,74.67663,5.0136814,4.931904,12.9578495,4.399952,1.6943784,5.5313663,15.061011,24.393122,29.092535,6.9777875,8.501052,9.783446,43.592484,507.3176,362.26483,170.78238,53.054386,77.45389,1.2255037,1.607088,3.4633088,0.4565412,3.071957,-402.4745,1134.7905,5.8354306,4.342263,1.0,1.0,0.0,0.0,1.0,1.0,0.0
70.39813,5.4776874,35.396423,2.0743923,3.7136242,0.052084353,0.061011877,0.028726844,0.09318395,0.08403332,-10997.41,-0.0036028358,2496.868,-0.018844062,71949.59,0.0029033562,2201.0679,69401.375,-1267431.1,156903.38,50618.14,171.23917,74.47263,195.24077,100.60077,41.38382,131.551,70.36892,140.27129,-2.628547,166.38593,83.88908,0.0,78.006386,2.380638,30.647158,31.340929,1.0,0.0,4.497492,116.1968,152.0546,2.0,1.934146,1.0,0.0,0.0,0.0,0.0,0.0,0.0,1.0,1.0,1.0,0.0,0.0,0.0,0.0,0.0,0.0,0.0,0.0,0.0,1.0,0.0,0.0,0.0,0.0,0.0,0.0,0.0,0.0,1.0,0.0,0.0,0.0,0.0,0.0,0.0,1.0,0.0,1.0,0.0,0.0,0.0,0.0,0.0,0.0,0.0,0.0,0.0,1.0,0.0,0.0,2032.2115,116.282646,64.65789,0.13046901,3.36197,42.380657,1.8629547,-2.424398,38.947174,14.96217,12.759271,20.128614,4.976815,6.520597,7.146131,45.690704,306.35974,200.33011,162.50562,83.06912,86.15955,0.98398113,0.99234843,2.1260018,1.6874223,2.9974008,167.3707,1074.9818,4.8596897,2.0765285,1.0,0.0,0.0,0.0,0.0,0.0,1.0
87.64813,4.2523813,18.526167,-2.1265047,0.726969,1.0915736,0.071300864,0.14662573,0.06798386,0.09183024,25115.266,0.000766698,-240.82967,0.0059795515,24029.203,0.091831006,61169.117,182087.48,-51768.723,42742.06,65076.77,143.76501,56.55843,129.23512,104.55931,41.539993,68.57038,33.774635,83.28087,4.3309717,158.4002,65.61147,0.0,32.033318,-3.949318,57.054863,27.714022,1.0,0.0,13.110273,145.75244,82.36589,2.0,1.6865939,1.0,0.0,0.0,0.0,1.0,1.0,1.0,1.0,0.0,1.0,1.0,1.0,0.0,0.0,0.0,0.0,0.0,0.0,0.0,1.0,1.0,0.0,0.0,0.0,1.0,0.0,0.0,0.0,0.0,0.0,0.0,0.0,1.0,0.0,0.0,0.0,0.0,0.0,0.0,0.0,0.0,0.0,0.0,0.0,0.0,0.0,0.0,0.0,0.0,0.0,1671.0537,99.83275,71.821075,7.5193,9.352718,47.133682,10.488406,7.555453,47.25583,26.698051,26.939793,35.861115,3.7956424,5.3164606,2.2721977,38.569626,208.60983,143.78969,54.12052,23.026926,30.592459,1.0476192,1.1363016,3.3252497,0.24428117,2.1599708,305.26163,417.27325,4.657693,4.4859896,0.0,0.0,1.0,0.0,0.0,0.0,1.0
96.7766,0.30858582,57.308453,14.244559,4.9594903,0.19530693,-0.018351603,-0.080991805,-0.06828612,-0.043251734,75151.67,-0.01399024,7258.3574,-0.035105012,193948.7,-0.072108656,173536.06,-102854.984,-604794.5,54500.316,54497.754,172.84018,49.357193,60.610012,206.97258,67.591545,1.2892146,53.52477,89.27345,-0.54513276,175.75925,115.14402,1.0,61.81273,2.544263,15.647389,38.850174,1.0,1.0,9.408555,106.60025,95.33293,0.0,2.3279533,1.0,0.0,0.0,0.0,0.0,0.0,0.0,1.0,0.0,1.0,1.0,1.0,0.0,0.0,1.0,0.0,0.0,0.0,0.0,1.0,1.0,1.0,0.0,0.0,0.0,0.0,0.0,0.0,0.0,0.0,0.0,0.0,0.0,0.0,0.0,0.0,0.0,0.0,0.0,0.0,0.0,0.0,0.0,0.0,0.0,0.0,0.0,0.0,0.0,0.0,2474.395,155.19164,104.6781,6.64847,5.1028485,32.30168,8.129687,1.897626,32.328926,21.920187,24.908611,28.21623,3.9682248,5.1167064,7.3858957,50.755924,211.48697,155.23598,-45.94374,-70.11106,32.513504,1.4875959,1.6682754,-0.9888034,-1.0193547,3.3318412,90.67968,915.0922,4.1906137,4.8580694,0.0,1.0,0.0,0.0,0.0,0.0,1.0
85.37385,2.835412,34.382877,5.895917,2.9689908,1.080164,0.091381416,0.09217902,0.043683432,0.015110689,7753.196,-0.00055755494,1917.5778,0.030630881,4874.3057,0.0021779363,74876.07,-6523.66,-1147205.4,232002.11,56009.203,87.86164,41.07552,89.62553,33.413673,19.363697,34.409748,22.963028,57.568275,2.4561148,159.99646,50.905525,0.0,22.635616,-1.0994349,65.360344,22.092936,1.0,0.0,12.225595,114.939125,64.39044,2.0,1.5353981,1.0,0.0,0.0,0.0,1.0,1.0,1.0,1.0,0.0,1.0,0.0,1.0,0.0,0.0,0.0,0.0,0.0,0.0,0.0,0.0,0.0,0.0,0.0,0.0,0.0,0.0,0.0,0.0,1.0,1.0,0.0,0.0,1.0,0.0,0.0,0.0,0.0,0.0,0.0,0.0,1.0,0.0,0.0,0.0,0.0,0.0,0.0,0.0,0.0,0.0,710.11285,116.73147,71.130684,5.9386616,6.89296,29.429575,6.6465693,5.385104,26.91033,13.754148,13.728419,16.989649,3.6368892,5.1330767,3.9297023,43.55758,99.3387,41.596516,41.470432,-1.3470302,60.792896,0.6311045,0.8571648,2.5787005,1.0966502,0.91012627,80.56625,152.30638,3.950319,1.6009338,1.0,0.0,1.0,0.0,0.0,1.0,0.0
84.37779,4.2462,38.762177,6.674414,3.888241,0.9063924,0.11351808,0.12980744,0.031255137,0.006129451,7558.3667,0.0038826582,1426.502,0.017153086,14731.366,-0.027509505,63575.93,180659.33,-836597.44,154844.22,66593.305,109.99315,41.16194,114.492134,65.28173,24.959549,60.49831,20.104246,50.1052,1.1878911,160.35204,58.012424,0.0,18.548468,0.0816933,58.947216,24.94421,1.0,0.0,10.540601,152.34383,67.120834,0.0,1.6300023,0.0,0.0,1.0,0.0,0.0,0.0,1.0,1.0,1.0,1.0,0.0,1.0,0.0,0.0,0.0,0.0,0.0,0.0,0.0,0.0,0.0,0.0,1.0,0.0,0.0,0.0,0.0,0.0,0.0,0.0,0.0,0.0,1.0,0.0,1.0,0.0,0.0,0.0,0.0,0.0,0.0,1.0,0.0,0.0,0.0,0.0,0.0,0.0,0.0,0.0,897.11993,120.8438,69.681816,6.160094,6.562753,36.35757,7.0002766,2.591012,33.206165,15.212367,13.208934,15.538936,4.0039372,5.177425,3.7219546,31.847612,135.73349,89.00647,61.76878,19.857306,39.36099,0.7474564,0.823202,1.1807444,1.5302014,1.6869463,207.88872,417.97537,3.963829,0.37670177,1.0,1.0,0.0,0.0,0.0,1.0,0.0
81.5454,1.2019768,30.70499,8.902268,2.5467794,0.6474325,0.08550668,0.05450268,-0.003791638,0.04309659,20391.213,0.001922035,3785.8645,0.016548127,67163.484,-0.014985409,61221.47,189883.84,629632.06,251891.88,85430.21,159.77292,70.66979,177.5161,109.1349,51.29547,99.587585,3.1094117,52.105545,12.013943,168.83507,80.658,0.0,-0.9574297,0.10293401,54.19559,29.299755,0.0,0.0,12.435692,116.68089,165.16566,2.0,1.9124608,1.0,0.0,0.0,0.0,1.0,0.0,0.0,1.0,0.0,1.0,0.0,1.0,0.0,0.0,0.0,0.0,0.0,0.0,0.0,0.0,0.0,0.0,0.0,0.0,0.0,0.0,0.0,0.0,1.0,1.0,0.0,0.0,1.0,0.0,0.0,0.0,0.0,0.0,0.0,0.0,0.0,0.0,0.0,0.0,0.0,0.0,0.0,0.0,0.0,0.0,1147.3641,146.03477,86.35764,12.9291935,16.756573,44.307316,14.985843,7.8442597,41.732155,22.91593,21.062147,25.229427,4.6212654,6.1085505,5.1193347,38.373253,258.40378,176.92116,153.44005,76.188126,42.311962,0.93826026,1.0546521,1.9375706,1.3058858,0.69186515,82.64896,547.76434,4.550084,-0.06623623,1.0,0.0,1.0,0.0,0.0,1.0,0.0
57.636623,-5.923989,16.66953,17.231224,-0.7369069,1.7369357,0.16639248,0.08515661,0.13262479,0.059009507,100789.125,0.005384731,17708.295,0.032093205,275606.84,-0.041364897,135655.88,565847.7,331889.03,504572.38,143289.36,169.93524,109.650314,110.55806,58.97173,61.12673,14.396216,53.558453,100.42227,18.54611,164.16797,96.67964,0.0,56.878746,-4.367174,66.33124,37.838943,0.0,0.0,14.191838,-44.793762,-168.5593,1.0,2.0311677,1.0,0.0,0.0,0.0,0.0,0.0,0.0,0.0,0.0,0.0,0.0,0.0,0.0,0.0,0.0,0.0,0.0,0.0,0.0,1.0,0.0,0.0,0.0,0.0,0.0,0.0,0.0,0.0,0.0,1.0,0.0,0.0,0.0,0.0,0.0,1.0,0.0,1.0,1.0,0.0,1.0,0.0,0.0,0.0,0.0,0.0,0.0,0.0,1.0,0.0,-647.5043,220.61774,119.75428,21.293499,21.013407,77.17211,24.706291,22.892757,71.59537,39.021317,41.898033,47.92368,6.266258,7.472985,5.061755,31.70804,375.05566,288.87,33.71384,-23.106071,91.04787,0.5603855,0.90723735,1.769171,-2.0079312,0.8261229,439.21744,1030.0654,4.415147,3.1916327,0.0,1.0,0.0,0.0,1.0,0.0,0.0
59.674484,2.657506,17.561102,-1.2553136,-0.47062063,3.547635,0.3107933,0.4235972,0.18694589,0.24138276,-29388.941,0.009355219,4811.5938,0.035527773,11892.925,0.24980344,104546.664,175573.8,34174.902,307919.2,150858.53,45.28978,-23.997053,-79.363045,72.62663,0.5201503,-122.06327,58.946247,113.35072,11.1282015,148.48434,57.47228,0.0,63.09798,-0.7065116,109.19128,29.21286,0.0,0.0,10.938838,141.1088,-93.869965,2.0,1.5513209,1.0,0.0,0.0,0.0,0.0,1.0,0.0,0.0,0.0,0.0,0.0,0.0,1.0,1.0,0.0,0.0,0.0,0.0,0.0,1.0,0.0,0.0,0.0,0.0,0.0,0.0,0.0,0.0,0.0,0.0,0.0,0.0,0.0,0.0,0.0,0.0,0.0,1.0,0.0,0.0,1.0,0.0,0.0,0.0,0.0,0.0,0.0,0.0,0.0,0.0,-715.25757,193.1334,104.90327,10.096976,13.180819,52.387894,8.740827,9.631874,53.732483,24.58897,33.380272,42.710865,1.8621507,3.9587998,1.2891583,79.51921,-86.76264,-150.56682,-257.18597,-284.44797,145.39896,1.1913935,1.6425674,4.0120482,1.8219714,1.966939,99.84205,1503.8556,5.7182236,1.5828269,0.0,1.0,0.0,0.0,1.0,1.0,0.0
14.316079,-8.811365,53.228336,31.304419,-1.7584606,0.5410557,0.082855694,-0.2941504,-0.023612652,-0.083596855,63392.43,-0.03686721,23612.52,-0.015191416,333387.1,-0.024975792,162256.16,143336.17,-1798446.0,690672.9,132306.52,391.0619,142.01614,238.31763,367.38266,132.7982,138.5863,161.71555,333.3978,17.096886,176.49513,209.81561,0.0,187.56503,-3.3030164,108.802795,73.25754,0.0,0.0,15.349472,-39.87856,-86.93215,1.0,3.3937638,1.0,0.0,0.0,0.0,0.0,0.0,0.0,0.0,0.0,1.0,0.0,0.0,0.0,0.0,0.0,0.0,0.0,1.0,0.0,0.0,0.0,0.0,0.0,0.0,0.0,0.0,1.0,0.0,1.0,1.0,0.0,0.0,0.0,0.0,0.0,1.0,0.0,1.0,0.0,0.0,1.0,0.0,0.0,0.0,0.0,0.0,0.0,0.0,0.0,0.0,-1594.2406,275.90674,131.04434,16.697077,17.81903,57.19739,18.975676,11.556057,57.226635,34.76856,51.84063,66.57769,6.886403,10.503475,9.324965,92.265,737.75757,466.19067,130.84949,-31.353981,178.2454,1.9688059,2.8842716,4.601474,-1.5771148,2.3753083,-373.73416,1498.4176,10.1439705,-4.7121077,0.0,1.0,0.0,0.0,0.0,0.0,0.0
102.199326,-2.2110631,27.86479,9.023777,-2.1511528,0.44101414,0.14252701,-0.054947846,-0.0572478,0.04248937,77883.805,-0.00050820404,1137.9786,0.030643687,155708.95,0.12110326,62273.418,206186.44,-859238.6,311703.1,100462.91,137.51471,40.519817,83.45002,77.27199,21.787487,18.142023,63.509434,110.212074,2.7641475,146.72685,80.865555,0.0,67.603294,-6.9282584,64.685196,36.846573,1.0,0.0,11.112819,156.83618,53.898796,2.0,1.7652079,1.0,0.0,1.0,0.0,0.0,0.0,0.0,1.0,0.0,1.0,1.0,1.0,0.0,0.0,0.0,0.0,0.0,1.0,0.0,1.0,0.0,0.0,0.0,0.0,0.0,0.0,0.0,0.0,1.0,0.0,0.0,0.0,0.0,0.0,0.0,0.0,0.0,0.0,0.0,0.0,0.0,0.0,0.0,0.0,0.0,0.0,0.0,0.0,0.0,0.0,303.03912,143.42987,74.00326,10.0439205,7.4766526,39.79543,11.061319,13.328954,41.738113,30.81762,38.883938,47.934574,4.299301,6.3048954,6.389667,52.091602,203.18552,130.92947,-16.460846,-50.88486,42.99931,0.59861535,0.8464691,2.796415,-0.6985541,1.6935203,-66.75451,944.2017,4.621899,-1.0227746,0.0,0.0,1.0,0.0,0.0,0.0,1.0
66.82457,6.147759,29.82861,5.554093,4.2320104,0.53186107,0.09380614,0.14171287,0.045856677,0.025917564,25089.938,0.009363197,1890.4482,0.046643972,2156.1677,0.022156717,53906.426,-85914.234,-520756.1,185981.6,83925.484,81.94693,43.986713,115.06317,27.52247,21.486357,46.293434,-4.791931,21.1304,2.1542416,159.01677,96.30603,0.0,-13.481612,-0.7737228,38.378525,37.98973,1.0,0.0,15.969734,104.41454,75.02203,1.0,2.039433,0.0,0.0,1.0,0.0,0.0,0.0,0.0,1.0,1.0,1.0,1.0,1.0,0.0,0.0,0.0,0.0,0.0,0.0,0.0,0.0,0.0,0.0,0.0,0.0,0.0,0.0,0.0,0.0,1.0,0.0,0.0,0.0,0.0,0.0,0.0,1.0,0.0,0.0,0.0,0.0,0.0,0.0,0.0,0.0,0.0,0.0,0.0,0.0,0.0,0.0,-906.0567,99.99163,60.067253,5.542271,7.7526803,40.087982,6.502277,6.4051914,36.35124,16.503197,7.2765827,5.4674797,2.5828674,4.206417,4.580305,65.026024,93.40031,39.134922,71.41705,24.237652,53.448566,0.67430586,0.808959,1.4484873,0.3971201,0.3383987,336.65707,188.97095,3.037272,2.9661243,0.0,0.0,0.0,1.0,0.0,1.0,0.0
62.629948,-1.963216,84.26027,27.221268,8.199932,1.0553488,0.09686191,-0.028831417,-0.033454727,0.016815837,39551.605,-0.0146584315,12906.119,-0.012497625,185868.62,-0.09938328,83926.49,-318331.72,-2114811.2,256476.48,47779.52,139.47345,56.577106,76.072075,143.22664,59.31385,-23.257536,67.89131,130.94466,-7.0789824,164.20404,136.09279,0.0,75.208374,2.9923217,51.001583,51.26402,1.0,0.0,13.018154,190.48311,18.439869,2.0,2.5191486,1.0,0.0,0.0,0.0,0.0,0.0,0.0,0.0,0.0,1.0,1.0,1.0,0.0,0.0,1.0,0.0,0.0,0.0,0.0,0.0,0.0,0.0,0.0,0.0,0.0,0.0,0.0,0.0,1.0,0.0,1.0,1.0,0.0,0.0,0.0,0.0,0.0,0.0,0.0,1.0,1.0,0.0,0.0,0.0,0.0,0.0,0.0,0.0,0.0,0.0,-538.3373,181.63136,101.08454,-3.7384107,-5.1438527,11.500536,-5.6913643,-6.573393,8.248231,3.620655,1.4874761,-0.039225817,3.6128776,5.2889724,6.2262964,59.368904,173.02776,88.39458,7.7393184,-44.983727,57.615623,1.2916551,1.509199,1.8034325,0.5810553,1.9631907,-31.918182,337.933,4.8522687,-0.5221756,0.0,0.0,0.0,0.0,0.0,1.0,0.0
81.055046,5.2379193,25.085926,9.992721,4.6143823,1.3361242,0.11031509,0.19133227,0.048566755,0.06847321,22478.268,0.012407939,2525.5254,0.028157735,20905.719,0.011937511,59238.8,29820.209,-644264.0,91983.984,39663.207,75.47877,39.328163,101.40453,28.483538,20.811346,36.355114,-20.809336,-6.4635983,2.7494984,162.38358,74.55557,0.0,-30.838953,-0.35587645,39.41962,28.685678,1.0,0.0,14.104643,179.51384,82.63644,2.0,1.8200815,0.0,0.0,0.0,0.0,1.0,1.0,0.0,1.0,0.0,1.0,1.0,1.0,0.0,1.0,0.0,0.0,0.0,0.0,0.0,0.0,1.0,0.0,0.0,0.0,0.0,0.0,0.0,0.0,1.0,0.0,0.0,0.0,0.0,0.0,0.0,1.0,0.0,0.0,0.0,0.0,0.0,0.0,0.0,0.0,0.0,0.0,0.0,0.0,0.0,0.0,-90.47492,95.49852,64.681526,6.557744,7.511487,28.348562,7.5910716,6.063162,26.722885,16.991589,6.7850833,3.6165252,2.563969,3.6966949,2.6058133,45.78028,78.05342,55.81611,56.276928,33.614277,26.889053,0.721994,0.772313,1.539948,1.4856337,1.000114,378.11957,-25.343088,2.372797,2.5329292,0.0,0.0,1.0,0.0,0.0,1.0,0.0
85.29757,2.0722573,20.421476,6.9040103,1.1653775,2.3855286,0.17612913,0.00086509186,0.020622855,0.11468878,30378.236,0.016548514,7693.8677,0.054771245,116522.18,0.07653129,87747.336,279359.4,321269.25,173559.81,-12778.977,36.26149,28.919193,25.437435,23.74264,23.900492,-36.414272,11.227881,29.258717,18.107683,171.38585,46.39333,1.0,10.743954,1.2324402,88.704216,17.370947,0.0,0.0,12.834026,188.67822,104.47991,1.0,1.5501887,1.0,0.0,1.0,0.0,1.0,0.0,0.0,1.0,0.0,1.0,0.0,1.0,0.0,1.0,0.0,1.0,0.0,0.0,0.0,0.0,0.0,0.0,0.0,0.0,1.0,0.0,0.0,1.0,1.0,1.0,1.0,0.0,0.0,0.0,0.0,0.0,0.0,0.0,0.0,1.0,1.0,0.0,0.0,0.0,0.0,0.0,0.0,0.0,0.0,0.0,89.96478,141.48592,88.230446,18.928484,20.691887,17.490597,16.642332,15.569762,14.773384,13.646282,25.764708,28.123531,1.9562222,3.421722,2.063889,47.148754,-25.426,-55.889545,-30.380575,-77.61678,70.63527,0.99109626,1.1399394,1.3152323,0.89946675,0.7246672,-66.12981,362.98764,3.6928256,5.874734,0.0,1.0,0.0,0.0,0.0,0.0,0.0
20.803886,-9.726208,36.45806,23.699213,-0.33180198,2.7648764,0.13163818,0.24908687,0.10268497,-0.009899134,-10248.245,-0.050234977,8980.415,0.007782253,31248.338,-0.09285586,14097.857,-98614.9,-2328857.8,352788.9,94146.14,311.14096,113.659874,182.33215,352.2474,132.17369,125.4361,132.7317,270.64346,7.887058,163.2913,104.96669,0.0,157.27336,-6.274742,117.22074,41.15886,0.0,0.0,21.455076,-51.800205,-154.27538,2.0,2.1522315,0.0,0.0,1.0,0.0,1.0,1.0,1.0,0.0,0.0,1.0,0.0,1.0,0.0,0.0,1.0,0.0,1.0,1.0,0.0,0.0,1.0,0.0,0.0,0.0,1.0,0.0,1.0,0.0,1.0,1.0,0.0,0.0,0.0,0.0,0.0,1.0,0.0,1.0,0.0,1.0,1.0,0.0,1.0,0.0,0.0,0.0,0.0,0.0,0.0,0.0,1156.1088,265.98132,140.33844,6.699596,12.381037,68.692345,9.894676,3.4015145,76.37695,34.920757,37.7641,48.314873,4.961192,7.645014,1.1797148,86.70348,532.8033,323.8639,26.648836,-57.693623,117.86383,2.3546116,3.3203585,6.665919,-0.09680247,1.3045666,227.86224,1361.1182,9.748947,4.0545106,0.0,1.0,0.0,0.0,0.0,0.0,0.0
83.7235,4.589105,30.654276,-3.0457838,1.8755348,0.84442335,0.13135216,0.24320418,0.15341918,0.14060473,-16053.673,0.011323293,1408.5172,0.031073088,-54415.266,0.08273714,114048.32,35391.273,48524.805,348116.94,195310.55,45.037724,19.32791,69.746284,-0.7560594,3.4517899,-15.38085,-3.2863235,38.99392,-1.2915673,164.5439,84.58945,0.0,-8.945024,1.0695977,62.738777,32.422623,0.0,0.0,12.084456,108.55291,32.06941,2.0,1.9450825,1.0,0.0,1.0,0.0,0.0,0.0,1.0,0.0,0.0,0.0,1.0,1.0,0.0,1.0,1.0,0.0,0.0,0.0,0.0,0.0,0.0,0.0,0.0,0.0,0.0,0.0,0.0,0.0,0.0,0.0,0.0,1.0,0.0,0.0,0.0,0.0,0.0,0.0,0.0,0.0,0.0,0.0,0.0,0.0,0.0,0.0,0.0,0.0,0.0,0.0,-91.04478,143.06844,78.98463,1.8040661,3.0311549,66.37132,3.7409327,3.3495429,64.14269,26.342743,23.567757,33.399216,1.0647115,3.5017438,5.8892436,87.567184,-3.9045177,-71.00767,34.309006,-42.2611,80.27081,0.6950319,0.7900327,2.770095,1.4007531,1.969633,224.31639,807.2976,3.7115982,6.1869636,0.0,1.0,0.0,0.0,1.0,0.0,0.0
67.605064,0.35262007,37.7446,10.059225,3.6979234,1.090654,0.1056642,0.03213367,0.077492036,0.05418565,31330.055,-0.010747957,9393.078,0.03498184,154846.0,-0.07253918,40583.777,-338770.12,-2915083.2,233398.81,26135.152,81.18687,47.380962,61.77053,81.3691,46.135647,31.50303,6.8359656,49.59499,5.481061,159.61972,41.16995,0.0,5.0486956,-1.2420793,65.205185,20.308027,0.0,0.0,12.109531,161.694,71.631676,2.0,1.4170346,0.0,0.0,0.0,0.0,1.0,1.0,0.0,1.0,0.0,1.0,0.0,1.0,0.0,0.0,1.0,0.0,1.0,0.0,0.0,0.0,1.0,0.0,1.0,0.0,1.0,0.0,0.0,0.0,1.0,1.0,1.0,1.0,0.0,0.0,0.0,1.0,0.0,1.0,0.0,1.0,1.0,0.0,0.0,0.0,0.0,0.0,0.0,0.0,0.0,0.0,891.2419,131.07524,66.72867,5.9116063,7.0252914,25.641003,5.961515,1.2774632,24.288536,8.581968,10.272962,11.611941,2.4699256,4.054569,3.3761241,66.62988,66.41397,-10.016604,-26.175173,-84.77808,100.62674,1.063801,1.557063,1.9496746,1.1309448,-0.4365092,113.0735,446.88635,4.1611366,2.473252,0.0,1.0,0.0,0.0,1.0,1.0,0.0
85.02862,0.13691595,29.768768,7.804432,1.9553765,0.31469655,0.11693907,0.10550451,0.020730134,0.11804526,21674.826,-0.0032324248,-1505.6901,0.031745657,77308.39,0.0530361,50483.605,-317879.25,-763757.7,294.82413,53703.26,118.339005,22.569372,106.65802,129.64418,32.520782,69.06309,26.675169,54.351227,-0.8219513,147.99641,60.539047,0.0,26.441448,-4.114025,39.490475,30.750677,1.0,0.0,14.570244,128.40944,-124.91228,1.0,1.5721593,1.0,0.0,0.0,1.0,0.0,0.0,0.0,1.0,1.0,1.0,0.0,0.0,0.0,0.0,0.0,0.0,0.0,0.0,0.0,0.0,0.0,0.0,0.0,0.0,0.0,0.0,0.0,0.0,0.0,0.0,0.0,0.0,0.0,0.0,0.0,0.0,0.0,0.0,0.0,0.0,0.0,0.0,0.0,0.0,0.0,0.0,0.0,0.0,0.0,0.0,922.87775,111.74435,65.398224,3.2448292,4.4035993,50.316196,4.6731515,3.3634496,50.021843,28.047243,20.385197,18.200161,2.4035826,4.289443,4.006819,74.92903,101.91391,54.07972,23.06245,0.056860983,38.532284,1.206692,1.46286,0.8240911,0.2762133,0.97435236,357.514,1114.6779,3.5696847,3.2708602,0.0,0.0,1.0,0.0,0.0,0.0,1.0
77.28064,2.9103138,34.349575,8.579661,3.1670127,0.22557822,0.07817501,0.03395419,0.028256206,0.085414134,36033.812,0.017269772,4071.1396,0.02860792,71940.234,0.018796759,37848.855,19324.328,-555761.06,181952.4,59593.79,99.87209,69.62111,166.03557,42.412033,41.916832,96.68619,-35.319004,-3.7484498,7.278048,175.74751,80.04145,0.0,-46.616848,-1.3074797,35.52941,26.229479,1.0,0.0,13.001635,137.42188,188.7545,3.0,1.9550567,1.0,0.0,0.0,0.0,1.0,1.0,0.0,1.0,0.0,1.0,0.0,0.0,0.0,0.0,0.0,0.0,0.0,0.0,0.0,0.0,1.0,0.0,1.0,1.0,0.0,0.0,0.0,1.0,0.0,0.0,0.0,0.0,1.0,0.0,0.0,0.0,0.0,0.0,0.0,1.0,0.0,0.0,0.0,0.0,0.0,0.0,0.0,0.0,0.0,0.0,867.10925,105.82569,64.70427,11.465643,12.906925,38.49743,13.829682,7.990429,36.118813,21.662977,17.037292,20.495676,3.2560532,4.6474986,5.014639,47.712204,181.11406,108.83473,159.88176,86.0986,37.876095,0.79818803,0.8549525,1.3867652,1.6950974,0.7696508,274.90927,138.31537,3.1506143,0.8286207,1.0,1.0,0.0,0.0,0.0,1.0,0.0
77.143005,10.36307,15.100628,-1.4703683,2.4738533,1.5887542,0.2277106,0.19565603,0.010742371,0.06204829,25100.264,0.026628211,1896.4042,0.025231645,26515.715,0.133668,53092.848,388368.1,1923567.4,180706.97,98401.99,106.80188,43.47107,128.74765,31.718796,14.33754,23.449337,2.0302768,18.01611,7.911465,156.4014,39.623207,0.0,-3.673091,1.5687041,56.333725,19.87124,0.0,0.0,11.486362,86.30378,-36.285664,1.0,1.3792878,0.0,0.0,0.0,0.0,0.0,0.0,0.0,1.0,0.0,0.0,0.0,0.0,0.0,0.0,0.0,0.0,0.0,0.0,0.0,0.0,0.0,0.0,0.0,0.0,0.0,0.0,0.0,0.0,0.0,0.0,0.0,0.0,0.0,0.0,0.0,0.0,0.0,0.0,0.0,1.0,0.0,0.0,0.0,0.0,0.0,0.0,0.0,0.0,0.0,0.0,-22.86588,75.265144,40.031136,10.494326,14.344207,19.172262,9.493651,10.679598,15.692956,10.643789,12.210585,12.365626,4.487761,5.2746596,3.5982344,31.296942,152.93617,123.06202,81.50969,51.20248,20.016981,0.65072453,0.7508877,2.7330418,1.7100587,1.9202368,135.74303,303.40613,3.0333538,5.118909,0.0,1.0,0.0,0.0,0.0,0.0,1.0
88.189865,1.951835,13.561897,6.7344723,2.1514847,1.1847175,0.12847394,0.28116724,0.12288466,0.10648633,19442.69,-0.00065468095,2550.0327,0.015547054,54502.203,0.055674125,86306.016,147766.4,-1203012.5,104878.875,38967.086,83.609184,45.259754,89.70876,20.961025,18.974653,69.67542,27.032522,45.954124,6.457058,150.32143,52.298603,0.0,23.306816,-0.40563163,43.326233,25.74103,1.0,0.0,11.378066,139.68138,39.031143,2.0,1.4962661,0.0,0.0,0.0,0.0,0.0,1.0,0.0,1.0,1.0,1.0,1.0,1.0,0.0,1.0,0.0,0.0,0.0,0.0,0.0,0.0,1.0,0.0,0.0,0.0,0.0,0.0,0.0,0.0,1.0,0.0,0.0,0.0,0.0,0.0,0.0,1.0,0.0,1.0,0.0,0.0,0.0,0.0,0.0,0.0,0.0,0.0,0.0,0.0,0.0,0.0,599.56067,94.19536,61.633984,8.952592,12.474127,53.006702,12.600075,8.845675,52.930016,28.879284,17.685131,19.901638,3.5194108,4.6179204,2.6547966,44.207123,111.94497,89.925606,4.773914,2.8877652,35.301617,0.59052265,0.80385274,1.9787675,1.6585376,2.0340974,520.5624,418.5796,3.3625746,2.8959842,0.0,0.0,1.0,0.0,0.0,1.0,0.0
83.23904,1.3373941,44.46654,10.192815,2.439711,1.1278019,0.12696548,-0.15094616,-0.043486126,0.048725463,44349.16,0.0030444893,13016.495,0.007916467,192074.72,-0.0010017677,45975.223,422053.4,-1588103.6,238146.75,-3367.9116,118.58904,69.830154,77.17706,75.093575,47.564434,16.84856,27.569431,81.15845,3.1547272,159.03645,74.96081,0.0,24.402462,-1.0616579,69.72769,31.590916,1.0,0.0,7.71439,247.97194,190.0197,2.0,1.8026646,0.0,0.0,0.0,0.0,1.0,1.0,1.0,1.0,0.0,1.0,1.0,0.0,0.0,0.0,1.0,0.0,0.0,0.0,0.0,0.0,0.0,0.0,1.0,0.0,0.0,0.0,0.0,0.0,0.0,1.0,1.0,1.0,0.0,0.0,1.0,1.0,0.0,0.0,0.0,1.0,0.0,0.0,0.0,0.0,0.0,0.0,0.0,0.0,0.0,0.0,852.1534,144.78908,78.57615,6.575261,5.8969154,9.946219,4.714084,3.7496552,6.3042645,8.605244,21.308931,28.152843,4.1603193,5.4992642,4.4925785,35.02331,187.89287,101.61712,-22.872438,-85.73107,97.96977,0.9361433,1.2704871,3.3029444,1.2363629,1.4999247,-144.28761,292.29196,4.888852,1.5010582,0.0,0.0,0.0,0.0,0.0,0.0,0.0
55.959743,2.8296778,59.206417,15.180464,6.677982,1.8252313,0.09532124,-0.11065851,-0.009471683,0.02402054,3272.0273,0.0085812425,4482.828,0.031246018,34187.492,-0.05940363,107392.24,-200026.95,1245416.4,323281.97,53618.73,135.71349,49.963684,111.12675,103.24504,38.907936,-12.37108,-1.419333,44.341393,1.9223193,177.21846,82.31061,1.0,-2.632311,6.7009616,64.17354,25.887794,1.0,1.0,9.711897,126.961105,127.724144,2.0,1.9910723,0.0,0.0,0.0,0.0,1.0,1.0,1.0,1.0,0.0,1.0,1.0,1.0,0.0,0.0,1.0,0.0,0.0,1.0,0.0,0.0,0.0,0.0,0.0,0.0,0.0,0.0,0.0,0.0,0.0,0.0,0.0,1.0,0.0,0.0,1.0,1.0,0.0,0.0,0.0,0.0,1.0,0.0,0.0,0.0,0.0,0.0,0.0,0.0,0.0,0.0,-130.49207,172.76204,99.913864,2.8412647,4.5411267,-3.1777575,-1.1706495,-1.0111957,-8.153488,-6.932351,3.1176362,3.1624174,3.9040973,5.4325356,6.02131,55.841908,176.10219,84.860374,91.72277,-8.966248,78.15076,1.1159072,1.2371382,2.126394,2.346106,0.2916718,-236.873,228.7538,4.00988,4.418624,0.0,0.0,1.0,0.0,1.0,0.0,0.0
67.45182,2.596314,37.794456,8.932449,3.8141186,1.4755887,0.15582305,0.18163016,0.13776475,0.09465863,-43516.816,-0.003015244,1294.3025,0.032464486,4752.28,0.021821953,167503.94,-227449.28,-1374306.8,199050.52,63725.027,140.36229,40.254883,146.61005,100.60761,28.124199,95.558784,42.531006,90.64103,0.6879962,165.69876,52.630833,1.0,49.11314,2.521435,78.2632,20.360004,1.0,1.0,9.1723585,93.12739,65.53367,2.0,1.5878575,1.0,0.0,0.0,0.0,0.0,1.0,0.0,1.0,1.0,1.0,1.0,1.0,0.0,0.0,0.0,0.0,0.0,0.0,0.0,0.0,0.0,0.0,0.0,0.0,0.0,0.0,0.0,0.0,1.0,1.0,0.0,0.0,0.0,0.0,1.0,0.0,0.0,0.0,0.0,0.0,1.0,0.0,0.0,0.0,0.0,0.0,0.0,0.0,0.0,0.0,1762.9366,142.24841,70.604805,1.657601,5.227162,40.721905,3.0694408,-1.7019682,37.931866,13.188694,10.924797,16.458534,4.2528358,5.548736,4.925789,45.0783,179.90541,99.18361,121.912346,50.368965,75.54151,1.0764802,1.2157652,2.5471127,2.6815271,1.1752561,76.946266,1048.621,5.1271706,4.3025036,0.0,0.0,1.0,0.0,0.0,1.0,0.0
60.14405,-0.19851945,23.271885,1.4513407,0.20048164,0.27984658,0.13563739,-0.0035220638,0.10507074,0.14484286,15641.959,0.0015869184,4462.7334,0.038950358,105310.36,0.06947559,64881.15,-263573.75,85543.58,266582.4,98660.16,128.33968,47.582325,154.51663,108.12758,40.37833,89.75386,37.64359,107.66169,11.090301,157.41821,79.50403,0.0,39.678555,-1.7857642,81.160835,34.118713,1.0,0.0,10.930783,114.51446,42.8679,1.0,1.8338922,1.0,0.0,0.0,0.0,0.0,0.0,0.0,1.0,0.0,1.0,0.0,1.0,0.0,0.0,0.0,0.0,1.0,0.0,0.0,1.0,0.0,0.0,0.0,0.0,0.0,0.0,0.0,0.0,1.0,1.0,0.0,0.0,0.0,0.0,0.0,0.0,0.0,0.0,0.0,0.0,0.0,0.0,0.0,0.0,0.0,0.0,0.0,0.0,0.0,0.0,1078.0621,157.85634,77.59963,9.635423,13.1029,62.73497,10.044165,8.077176,58.292404,24.867392,26.91329,32.634983,2.7512145,5.122731,6.894108,83.98025,149.05954,25.308086,122.1534,24.812496,84.7883,1.1361505,1.4649105,2.9620037,-0.09578574,0.29959297,91.118,1339.3795,5.011751,5.9662666,0.0,0.0,1.0,0.0,0.0,0.0,1.0
73.06954,1.6068263,36.160454,9.096531,3.3689017,1.1338718,0.14018115,-0.01128106,0.0066444897,0.09323301,33333.055,0.0063180844,3339.2122,0.023940127,128433.12,0.060088933,95053.61,-108638.97,-651854.1,273079.16,24360.14,92.99303,35.581776,111.12771,43.481834,18.573265,36.96174,31.388798,71.796814,2.4072452,160.06516,48.230877,0.0,31.33077,2.2191448,58.419857,20.68907,1.0,0.0,11.031639,122.97106,204.32376,1.0,1.5107957,1.0,0.0,0.0,0.0,0.0,0.0,0.0,0.0,0.0,1.0,1.0,0.0,0.0,0.0,0.0,0.0,0.0,1.0,0.0,0.0,0.0,0.0,1.0,0.0,0.0,0.0,0.0,0.0,0.0,0.0,0.0,0.0,0.0,0.0,0.0,0.0,0.0,0.0,0.0,0.0,0.0,0.0,0.0,0.0,0.0,0.0,0.0,0.0,0.0,0.0,-303.27695,132.57774,72.024765,6.3722787,7.4015965,15.598773,3.5422778,3.6243823,11.836585,7.4832053,11.377354,13.388146,2.7067287,4.538241,4.7415524,60.277332,114.01058,44.44853,71.20569,9.253153,58.178482,0.80295527,0.9512244,2.2117214,1.81044,1.614986,37.817726,572.3198,4.037202,3.935968,0.0,0.0,0.0,0.0,0.0,0.0,1.0
45.91391,-0.9365696,-16.838106,-1.5262903,-4.4843187,4.0750937,0.32499522,0.54692376,0.30402267,0.26085824,23080.73,-0.016937757,7726.873,0.021375734,70065.33,0.18637556,62720.59,622417.9,1292795.6,317552.28,97932.63,137.48027,49.31988,-44.4722,63.79177,26.058405,-55.558903,118.50606,173.04736,25.632463,142.16827,50.49553,0.0,131.54855,-3.6062036,115.046295,29.097185,0.0,1.0,15.298273,15.152311,-341.61517,1.0,1.4112232,1.0,0.0,0.0,0.0,0.0,1.0,0.0,0.0,0.0,0.0,0.0,0.0,0.0,0.0,0.0,0.0,0.0,1.0,0.0,1.0,0.0,0.0,0.0,0.0,0.0,0.0,0.0,0.0,1.0,0.0,0.0,1.0,0.0,0.0,0.0,1.0,0.0,1.0,0.0,0.0,1.0,0.0,0.0,0.0,0.0,0.0,0.0,0.0,0.0,0.0,-1697.3479,189.20815,110.905914,22.062801,30.107788,81.013374,22.981659,24.973698,83.17717,41.179783,56.27559,72.104904,6.5303636,7.800422,-1.6782497,37.73298,225.7508,173.46146,-294.8001,-275.91513,117.16164,0.6681597,1.191576,5.6074324,0.43525296,2.4968655,404.12836,1457.9363,6.6058235,7.1635647,0.0,1.0,0.0,0.0,1.0,0.0,0.0
61.791965,-3.8792892,29.489027,17.413774,1.9076574,2.3207412,0.27140525,0.25098178,0.16866492,0.22085905,82386.57,-0.009041666,5944.163,0.020073788,195609.06,0.0921086,-35802.125,-209192.61,-1235882.9,213284.39,-14936.417,104.64772,42.509914,65.78953,24.078316,14.751359,34.52526,50.897575,75.71458,8.714899,145.43428,54.998764,0.0,54.241993,-5.977798,56.74454,29.115854,0.0,0.0,15.584174,75.059,-122.76413,2.0,1.4801753,0.0,0.0,0.0,0.0,0.0,0.0,0.0,0.0,0.0,0.0,0.0,1.0,0.0,0.0,0.0,0.0,0.0,0.0,0.0,1.0,0.0,0.0,0.0,0.0,0.0,0.0,0.0,0.0,0.0,0.0,0.0,0.0,0.0,0.0,0.0,0.0,0.0,1.0,0.0,0.0,0.0,0.0,0.0,0.0,0.0,0.0,0.0,0.0,1.0,0.0,371.04562,155.66751,80.62112,15.2014675,14.36857,35.938705,12.936701,12.949633,37.765415,20.587572,26.279718,30.389,5.123719,6.046993,2.3220687,23.774824,162.27473,142.79718,-66.14473,-50.881218,37.558598,0.47077265,0.71165115,2.244215,1.2050033,1.1797323,357.96854,418.12756,4.2667327,5.0224094,0.0,0.0,1.0,0.0,0.0,0.0,1.0
63.291443,-0.21360281,51.19863,29.244862,4.785355,2.6536121,0.21306291,-0.05745974,0.03380484,0.13633208,73655.45,0.00466518,8355.136,0.0010702609,119133.06,0.024606576,174850.33,333850.72,851242.3,324805.6,-39598.54,160.84154,69.83791,73.0856,52.096397,25.945017,-19.774189,87.05811,117.604164,1.9343371,161.91743,115.49198,1.0,101.74273,4.3385906,56.36176,43.610214,0.0,1.0,15.221216,37.792046,109.98272,1.0,2.2509513,1.0,0.0,0.0,0.0,0.0,0.0,0.0,0.0,0.0,1.0,1.0,0.0,0.0,0.0,0.0,0.0,0.0,0.0,0.0,0.0,0.0,0.0,0.0,0.0,0.0,0.0,0.0,0.0,0.0,1.0,0.0,0.0,0.0,0.0,0.0,1.0,0.0,0.0,0.0,0.0,0.0,0.0,0.0,0.0,0.0,0.0,0.0,0.0,0.0,0.0,-446.54254,159.40518,83.413,9.368554,7.551358,-0.8622356,3.7765179,6.891744,-4.6576066,1.401663,22.90013,25.545853,6.8772025,7.508381,4.6129956,18.526354,286.7038,254.21904,8.0062065,-25.119766,22.649647,0.45373273,0.47115415,2.1171005,0.62445486,2.5344222,-267.68665,515.49744,5.0800548,5.95018,0.0,0.0,1.0,0.0,1.0,0.0,0.0
102.287605,2.4009311,27.689747,3.1873782,2.3813472,1.2353671,0.10143139,0.20155977,0.03419335,0.034215476,15225.822,0.007183737,7011.221,0.01686472,151222.7,0.018705564,67824.88,142714.08,-167580.48,285584.84,128531.06,80.84764,25.384499,121.350075,50.900166,16.566732,57.48465,1.5353163,30.124306,5.2669854,155.27913,45.46199,0.0,-5.2779455,2.340401,42.46121,21.96472,1.0,0.0,6.850893,180.21582,40.750072,2.0,1.4295795,1.0,0.0,0.0,0.0,0.0,0.0,0.0,0.0,0.0,0.0,0.0,0.0,1.0,1.0,0.0,0.0,0.0,0.0,0.0,0.0,0.0,0.0,0.0,0.0,0.0,0.0,0.0,0.0,0.0,0.0,0.0,0.0,0.0,0.0,0.0,0.0,0.0,0.0,0.0,0.0,0.0,0.0,0.0,0.0,0.0,0.0,0.0,0.0,0.0,0.0,764.1382,136.81651,83.00445,7.5828304,10.496391,46.02433,9.652318,4.8034625,44.986115,22.128048,14.991528,18.499456,2.6983325,4.1581163,5.088668,58.91661,68.17947,20.325256,103.16637,42.4539,48.500324,0.8249857,0.9897717,2.334959,2.2509124,2.4153569,259.1456,867.4346,3.2222743,1.0516827,0.0,1.0,0.0,0.0,0.0,1.0,1.0
28.059284,-5.66023,33.482124,3.551432,-0.13502306,1.7928178,0.19693156,0.48427334,0.2571556,0.12605448,-12775.618,-0.037901714,4682.8447,0.0004501571,-25158.055,0.039783895,-7632.1562,-172190.08,-3529908.2,124382.47,85064.336,216.5682,93.4289,127.41802,208.08504,88.69393,115.964096,91.91339,193.64333,4.145116,146.62592,24.891602,0.0,102.01799,-7.591851,102.08351,19.459093,0.0,0.0,16.075415,50.006893,-70.912415,2.0,1.1693988,0.0,0.0,1.0,0.0,0.0,0.0,0.0,0.0,0.0,1.0,0.0,1.0,0.0,0.0,0.0,0.0,0.0,1.0,0.0,0.0,1.0,0.0,1.0,0.0,0.0,0.0,1.0,0.0,1.0,1.0,0.0,0.0,0.0,0.0,1.0,0.0,0.0,1.0,0.0,1.0,1.0,0.0,0.0,0.0,0.0,0.0,0.0,0.0,1.0,0.0,2285.8584,180.18549,93.56361,1.1010723,7.258348,92.66751,7.121954,3.2873843,96.37305,37.95193,29.484028,41.425873,5.1375084,7.1501884,0.40398613,55.63493,385.37805,243.26804,-57.81599,-84.49892,79.99736,1.6329288,2.2266302,5.3492928,1.0405287,1.6963764,688.4033,1695.2725,7.387722,4.3420634,0.0,0.0,1.0,0.0,0.0,0.0,1.0
75.370705,3.5658062,40.388336,13.375378,4.7428055,1.6028214,0.14692907,0.18592253,-0.017457148,0.029638747,-13478.01,0.017071005,-2223.1204,0.033635218,-58501.89,-0.020026693,52714.54,-30941.662,300386.75,141063.55,93474.66,112.72458,25.780378,142.96445,86.772385,19.414104,36.421173,-3.2167869,25.331831,-0.72700655,162.56645,68.54969,1.0,-6.678172,0.79344875,60.682384,27.482864,1.0,0.0,14.281657,148.96167,56.143604,0.0,1.7592076,1.0,0.0,0.0,0.0,0.0,0.0,0.0,1.0,0.0,1.0,0.0,0.0,0.0,0.0,0.0,0.0,0.0,0.0,0.0,0.0,0.0,0.0,1.0,0.0,0.0,0.0,0.0,0.0,1.0,0.0,0.0,0.0,0.0,0.0,1.0,0.0,0.0,0.0,0.0,0.0,1.0,0.0,0.0,0.0,0.0,0.0,0.0,0.0,1.0,0.0,-111.15393,130.85884,76.21542,3.4322343,4.5154424,25.097876,4.0830116,1.1790864,24.328981,12.743163,5.6405735,5.0184174,3.0733685,4.4683,3.1410763,45.10188,117.81261,60.861115,150.93178,88.97425,10.285205,1.0702723,0.9861426,1.8966556,2.0142398,1.2679033,200.91002,388.36298,3.6689923,-0.37123066,1.0,1.0,0.0,0.0,0.0,1.0,0.0
53.58013,4.345585,22.23992,6.1243606,1.8049946,2.3287237,0.26752776,0.35307604,0.16610204,0.19563615,10144.612,0.010955296,5118.1353,0.045541003,37656.16,0.09476213,-16119.979,-10556.044,431035.6,221206.83,143555.88,86.36099,1.9050492,50.252003,66.18005,3.5238285,-23.973871,-13.147147,33.183533,13.9681835,148.57283,114.98383,0.0,-24.7975,-4.6864505,85.2935,49.470024,0.0,0.0,16.55142,137.18463,-138.76389,2.0,2.192402,0.0,0.0,0.0,0.0,0.0,0.0,0.0,0.0,0.0,0.0,0.0,0.0,0.0,0.0,1.0,0.0,0.0,1.0,0.0,0.0,0.0,0.0,0.0,0.0,0.0,0.0,0.0,0.0,1.0,0.0,0.0,0.0,0.0,0.0,1.0,0.0,0.0,0.0,0.0,1.0,1.0,0.0,0.0,0.0,0.0,0.0,0.0,0.0,0.0,0.0,-1244.6427,159.8443,81.80077,12.786078,15.527997,56.71195,13.428462,11.827901,55.46357,26.760221,24.774742,25.733816,1.9307112,3.9461918,1.7158128,78.35673,54.90649,-5.4113226,-58.301834,-94.39603,76.96774,0.97764045,1.219575,2.4197414,1.1777219,0.5999125,256.40057,714.676,4.71249,3.8229203,0.0,1.0,0.0,0.0,0.0,1.0,0.0
60.135696,5.051215,-2.5617607,3.881053,0.7183588,1.5906457,0.25941235,0.31307897,0.0939087,0.17262428,43905.49,0.020340357,-1991.1115,0.024443638,100257.11,0.11014249,37572.52,320340.3,386730.16,62824.09,-4795.7812,143.06815,51.850655,216.04326,27.174234,8.110272,168.1874,40.340595,75.99326,16.53846,134.7956,67.85307,0.0,37.578735,-2.47505,45.51418,36.965588,1.0,0.0,9.892782,126.56533,37.444004,1.0,1.5324496,1.0,0.0,0.0,0.0,0.0,0.0,0.0,0.0,0.0,1.0,0.0,0.0,0.0,0.0,0.0,0.0,0.0,0.0,0.0,1.0,0.0,0.0,1.0,0.0,0.0,0.0,0.0,0.0,0.0,0.0,0.0,0.0,0.0,0.0,0.0,1.0,0.0,0.0,0.0,1.0,0.0,0.0,0.0,0.0,0.0,0.0,0.0,0.0,0.0,0.0,1581.373,111.8572,48.592262,21.023102,23.347736,54.995834,21.446175,16.172573,51.895153,27.438139,24.666645,24.178303,5.202237,5.8334823,3.1202915,26.585802,242.14413,199.79001,168.49261,123.616165,35.94642,0.38295025,0.43044776,2.9831913,2.6133444,0.9731857,366.4905,1133.2972,3.7919264,1.6531823,0.0,0.0,1.0,0.0,0.0,0.0,1.0
45.693516,4.9317293,1.0278443,-9.887719,-0.63195944,-0.08740323,0.058803085,0.0882732,0.12575385,0.008528901,-24503.037,0.011717852,297.1888,0.008894831,10470.138,-0.019616403,98612.36,-40395.797,818768.44,235076.33,199770.28,191.3624,58.72109,217.22829,135.15521,37.11927,128.74794,53.158897,141.34535,10.633732,157.09882,48.184505,0.0,57.616592,-0.9810987,60.250816,23.063383,1.0,1.0,8.313214,24.595024,126.25012,1.0,1.4712831,1.0,0.0,0.0,0.0,0.0,1.0,0.0,0.0,0.0,1.0,0.0,0.0,0.0,0.0,0.0,0.0,0.0,0.0,0.0,1.0,0.0,0.0,1.0,0.0,0.0,0.0,0.0,0.0,1.0,0.0,1.0,0.0,0.0,0.0,0.0,1.0,0.0,1.0,0.0,0.0,0.0,1.0,0.0,0.0,0.0,0.0,0.0,0.0,0.0,0.0,835.1054,124.56771,61.390526,7.455949,14.168754,77.60368,13.766866,5.141098,70.44059,25.434984,26.091484,38.104355,4.056722,6.338928,5.1047597,74.56479,307.09006,150.68976,223.71765,88.638466,89.24864,1.1591898,1.3136569,3.5592406,-0.114209116,2.2253666,314.44864,1380.503,6.0881605,5.106872,0.0,1.0,0.0,0.0,0.0,0.0,0.0
83.10568,5.1624055,41.0773,8.72047,4.8505397,1.95915,0.12192431,0.16917914,0.031357884,0.03278013,3736.4128,0.009506426,-583.6552,0.026807176,-19525.059,0.00044834285,17408.645,162340.06,-652864.5,147557.12,29917.648,81.108376,31.918833,92.21422,23.309053,10.403046,23.460064,12.955021,32.178192,-0.8482388,156.10007,66.07997,0.0,9.012272,0.36740518,51.16465,28.26193,1.0,0.0,12.075567,168.72964,75.00546,2.0,1.6943892,1.0,0.0,0.0,0.0,1.0,1.0,1.0,1.0,1.0,1.0,1.0,1.0,0.0,0.0,0.0,0.0,0.0,0.0,0.0,0.0,0.0,0.0,1.0,0.0,1.0,0.0,0.0,0.0,1.0,0.0,0.0,0.0,1.0,0.0,1.0,1.0,0.0,1.0,0.0,0.0,0.0,0.0,0.0,0.0,0.0,0.0,0.0,0.0,0.0,0.0,134.3267,114.929375,75.64542,4.41866,4.93511,17.6631,3.7354653,3.437781,14.899245,7.7533526,6.3788495,7.426603,3.666825,4.775186,2.4491906,31.65209,83.209404,60.335022,38.41576,14.858506,43.755394,0.55679137,0.6024209,1.8568177,2.0901122,1.381919,174.6761,-35.872787,3.1948006,0.85140073,1.0,0.0,0.0,0.0,0.0,1.0,0.0
49.866436,3.1656342,38.53976,2.5514796,3.7468407,1.4021955,0.1697359,0.23525041,0.19061388,0.14238366,-1581.9325,0.01047499,3669.327,0.023160959,93.42817,0.020721203,101567.69,-20657.096,258161.27,252137.7,120045.2,83.68697,50.72766,112.56462,36.52403,31.364042,20.541862,22.815088,75.14029,5.1997004,167.89433,69.94111,0.0,21.708189,1.9384606,70.22383,25.900133,1.0,0.0,11.867648,95.841965,3.4578707,2.0,1.8084376,0.0,0.0,1.0,0.0,0.0,1.0,1.0,1.0,0.0,1.0,1.0,1.0,0.0,0.0,0.0,0.0,0.0,1.0,0.0,0.0,1.0,0.0,0.0,0.0,0.0,0.0,0.0,0.0,0.0,1.0,0.0,1.0,0.0,0.0,0.0,0.0,0.0,0.0,0.0,0.0,1.0,0.0,0.0,0.0,0.0,0.0,0.0,0.0,0.0,0.0,204.97269,153.26761,81.77651,5.60165,8.417463,57.034916,7.4971,4.3200035,52.608685,17.950966,15.245631,19.581837,2.8512807,4.621502,4.7386513,57.634968,100.203384,23.443956,71.05743,-5.2802377,77.01481,0.84785223,1.0444115,1.9130477,1.3162397,0.9852198,308.9286,671.6151,4.320667,1.6189194,0.0,0.0,1.0,0.0,1.0,0.0,0.0
79.075134,4.6004224,25.781185,4.0117445,2.8388548,1.3034375,0.124708265,0.1762577,0.033400256,0.021483582,26153.201,0.0060794605,1929.4565,0.0245308,25398.223,-0.012414401,64381.035,254092.17,429591.06,200101.75,69573.05,91.14014,30.77091,130.04536,46.12917,16.121864,66.186104,-1.3773123,32.69868,10.88662,159.48038,76.30386,0.0,-7.0648065,-1.4221212,56.76331,31.526028,0.0,0.0,12.730364,143.25426,281.14935,2.0,1.8168776,0.0,0.0,0.0,0.0,1.0,0.0,0.0,1.0,0.0,0.0,1.0,1.0,0.0,0.0,0.0,0.0,0.0,0.0,0.0,0.0,0.0,0.0,0.0,0.0,1.0,0.0,0.0,0.0,0.0,1.0,0.0,0.0,1.0,0.0,0.0,0.0,0.0,0.0,0.0,0.0,0.0,0.0,0.0,0.0,0.0,0.0,0.0,0.0,0.0,0.0,426.7932,127.21142,74.5417,15.285007,16.770586,41.17276,16.722738,10.560645,37.846466,20.525732,16.365683,17.817703,2.80025,4.288508,3.3595614,51.36926,82.64509,34.262165,96.197685,42.646072,57.424023,0.7253862,0.86229473,1.4588003,1.4317958,0.8971486,208.06755,238.94463,3.8798301,1.4591479,0.0,0.0,0.0,0.0,0.0,1.0,0.0
76.42724,0.5851437,32.11313,11.596744,3.8159747,1.3664128,0.13527068,0.11859916,0.060217876,0.052482188,17632.959,0.008237328,5855.1514,0.036741544,109314.016,0.005138739,145121.89,-158798.34,-650480.7,306818.44,49185.63,79.82623,36.49369,126.915016,16.823048,14.172944,67.43916,7.820316,34.11707,8.721244,159.677,47.499096,0.0,4.734891,2.4267805,48.41339,21.110928,0.0,0.0,10.536821,127.097855,75.73887,1.0,1.4811778,1.0,0.0,1.0,0.0,0.0,0.0,0.0,1.0,0.0,0.0,0.0,1.0,0.0,0.0,0.0,0.0,0.0,0.0,0.0,0.0,0.0,0.0,0.0,0.0,0.0,0.0,0.0,0.0,0.0,0.0,0.0,0.0,0.0,0.0,0.0,0.0,0.0,0.0,0.0,0.0,0.0,0.0,0.0,0.0,0.0,0.0,0.0,0.0,0.0,0.0,477.80478,137.28577,79.44891,9.997794,12.463789,34.061966,10.503215,7.1413207,29.742912,15.921985,9.225276,9.151004,2.7976055,4.395791,4.866517,63.990368,95.366646,35.598793,101.71186,34.587265,64.2286,0.6397608,0.7354338,2.0693388,2.4853232,1.0777398,221.93002,355.92407,2.8224933,4.6066823,0.0,1.0,0.0,0.0,0.0,0.0,1.0
63.830185,6.961003,26.080511,4.2041698,4.857937,1.2352798,0.10587275,0.2512098,0.057590965,0.06821477,37573.89,0.00030385968,-1004.1225,-0.001017406,23413.08,0.023759697,40802.953,44000.242,1638081.4,102128.41,72651.24,186.66193,58.286617,195.47604,125.93474,38.642666,98.11158,49.325333,99.64708,9.16882,161.1595,115.314285,0.0,54.765995,0.60497797,21.213251,43.42775,0.0,0.0,14.15641,85.73888,61.11979,1.0,2.2412684,1.0,0.0,0.0,1.0,0.0,0.0,0.0,1.0,0.0,0.0,1.0,1.0,0.0,0.0,0.0,0.0,0.0,0.0,0.0,0.0,1.0,0.0,0.0,0.0,0.0,0.0,0.0,0.0,1.0,0.0,0.0,0.0,0.0,0.0,0.0,0.0,0.0,0.0,0.0,0.0,0.0,0.0,0.0,0.0,0.0,0.0,0.0,0.0,0.0,0.0,744.4119,134.62257,85.967255,10.160702,14.122592,42.44076,11.336908,8.55653,39.83726,19.518482,11.385898,7.892139,5.481097,6.4498034,5.050536,36.84802,300.45023,233.66902,141.90149,96.49523,34.89315,0.97438514,1.0030547,1.5281475,1.0284684,0.89027363,267.5185,573.7982,4.294696,5.6004853,0.0,0.0,1.0,0.0,0.0,0.0,1.0
42.174347,-3.007349,14.877035,16.791204,3.1080773,4.0684237,0.17109023,0.55083364,0.07792913,0.099051155,30679.13,-0.020187486,-4192.693,0.020256143,80822.93,-0.007967829,53664.31,-49678.242,934145.5,133346.3,-1580.3413,211.0357,55.790405,180.95032,170.02197,50.661762,115.89581,80.76681,141.9104,20.060015,147.8891,93.65496,0.0,88.47897,0.24854305,75.584496,39.157433,0.0,0.0,18.600805,183.67776,-55.95713,1.0,1.9210175,1.0,0.0,0.0,0.0,1.0,1.0,0.0,1.0,0.0,1.0,1.0,1.0,0.0,0.0,0.0,0.0,1.0,1.0,0.0,1.0,1.0,0.0,0.0,0.0,1.0,0.0,0.0,0.0,1.0,0.0,0.0,1.0,0.0,0.0,1.0,1.0,0.0,1.0,0.0,1.0,1.0,0.0,0.0,0.0,0.0,0.0,0.0,0.0,0.0,0.0,-901.5109,216.0722,140.42899,18.426348,25.569765,47.332413,19.501545,14.455878,53.71441,29.532393,16.832706,14.645854,5.4807415,6.6553416,-0.20445982,29.634624,325.23843,270.71512,68.51574,36.599476,46.597454,1.1504323,1.521286,3.3660822,3.6701555,-0.10570974,661.5277,843.0356,5.8452005,0.6130975,0.0,0.0,1.0,0.0,0.0,1.0,0.0
75.433395,-1.3951677,42.94637,11.812478,3.6366024,1.7320507,0.1481562,0.15206124,0.076801844,0.06938709,32076.709,-0.0004582488,3419.0076,0.03955749,77108.54,0.014000251,84391.73,10227.136,-798186.1,241471.94,78647.32,144.71417,64.12615,126.57552,91.89328,43.25226,51.622345,27.02331,58.607887,2.4661825,159.9074,55.24067,0.0,27.355745,0.2287568,80.51077,24.109898,1.0,0.0,11.68693,119.738205,103.60435,2.0,1.5738517,1.0,0.0,0.0,0.0,1.0,1.0,0.0,1.0,0.0,1.0,0.0,1.0,0.0,0.0,1.0,0.0,0.0,0.0,0.0,0.0,0.0,0.0,0.0,0.0,0.0,0.0,0.0,0.0,1.0,1.0,0.0,1.0,1.0,0.0,0.0,1.0,0.0,0.0,0.0,0.0,0.0,0.0,0.0,0.0,0.0,0.0,0.0,0.0,0.0,0.0,992.9749,169.03174,93.75188,3.4477594,4.389613,46.553253,4.1866574,3.4550736,45.379673,18.318125,11.78191,12.301651,4.709253,5.834774,4.5378933,33.898838,227.10303,173.50493,72.63528,34.18815,22.261595,0.85096335,0.956532,1.5208097,0.5087334,0.18216886,326.56015,811.20416,4.544431,3.1345727,1.0,0.0,0.0,0.0,0.0,1.0,0.0
81.76713,0.34950373,37.91642,8.228283,3.6484392,0.08221473,0.08696521,0.25354818,0.08150126,0.08233777,3329.4668,0.02263236,3785.0051,0.0074438523,38164.516,0.10886564,124576.31,-185236.83,-3613778.8,249533.03,129961.945,71.38075,70.11333,166.3079,10.766678,36.348824,100.65514,26.854895,69.05392,-6.636502,153.55197,30.906485,0.0,24.975227,-0.12579083,25.80405,18.674057,0.0,0.0,13.223228,69.74541,53.184692,1.0,1.2513088,1.0,0.0,0.0,0.0,0.0,1.0,0.0,1.0,0.0,0.0,0.0,0.0,0.0,0.0,0.0,0.0,0.0,1.0,0.0,0.0,0.0,0.0,1.0,0.0,0.0,0.0,1.0,0.0,0.0,0.0,0.0,0.0,0.0,0.0,0.0,0.0,0.0,0.0,0.0,0.0,1.0,0.0,0.0,0.0,0.0,0.0,0.0,0.0,0.0,0.0,1195.0757,71.310555,41.96009,-5.615164,-2.2531066,60.86473,-0.62001127,-2.9070506,57.196136,25.69046,5.473831,8.228592,2.3695314,4.4053698,5.425372,72.263885,121.45535,40.572845,177.74982,127.601326,17.759546,0.7317058,1.2091532,4.17426,1.7034769,2.6184053,606.217,566.0248,4.0034933,1.2738874,0.0,1.0,0.0,0.0,0.0,0.0,1.0
73.08273,6.3698597,-3.8702097,4.98286,1.476095,1.3369004,0.21456757,0.4598158,0.19300891,0.21724665,-9049.834,0.010764353,650.7368,-0.00032135987,66575.19,0.11777274,73805.8,47870.605,-1479534.2,80710.95,51196.668,116.564735,29.392159,199.11482,22.472883,-6.0945454,155.97585,87.53565,123.894745,1.8707907,142.11026,90.12096,0.0,96.64047,-0.4801175,35.49921,42.314613,1.0,0.0,10.491707,118.86931,169.6458,1.0,1.8396617,1.0,0.0,0.0,0.0,0.0,0.0,0.0,0.0,0.0,1.0,1.0,0.0,0.0,0.0,1.0,0.0,0.0,0.0,0.0,0.0,0.0,0.0,1.0,0.0,0.0,0.0,0.0,0.0,1.0,0.0,0.0,0.0,0.0,0.0,0.0,1.0,0.0,1.0,0.0,0.0,0.0,0.0,0.0,0.0,0.0,0.0,0.0,0.0,0.0,0.0,583.8019,84.130684,38.832687,4.861305,10.228802,76.16385,7.1406956,3.6620677,71.26599,32.794357,19.684334,23.767876,3.5918787,5.0774436,4.2440295,62.020092,152.44284,123.385925,192.36334,157.50012,20.541168,0.50930256,0.55006623,3.5943098,2.6545877,3.880462,447.522,1658.3317,5.3505983,4.3238115,1.0,0.0,1.0,0.0,0.0,1.0,0.0
74.342575,5.20748,46.042538,16.237576,6.448394,1.6056917,0.16654536,0.22061053,-0.052655526,0.038987406,36545.21,0.016748557,6219.0693,0.022341087,123642.85,0.013098341,93520.086,168463.42,818872.0,210145.47,87657.234,110.58083,47.460716,140.96503,71.58491,33.389828,18.301994,11.538812,32.64832,0.81449294,171.10747,114.29176,0.0,10.454178,3.519153,36.917377,40.682755,1.0,0.0,13.916973,111.84702,51.255085,1.0,2.3003185,1.0,0.0,0.0,0.0,0.0,0.0,0.0,0.0,1.0,0.0,0.0,0.0,0.0,0.0,1.0,0.0,0.0,0.0,0.0,0.0,0.0,0.0,0.0,0.0,0.0,0.0,0.0,0.0,0.0,0.0,0.0,0.0,0.0,0.0,0.0,0.0,0.0,0.0,0.0,0.0,1.0,0.0,0.0,0.0,0.0,0.0,0.0,0.0,0.0,0.0,-564.7049,143.21153,84.42615,5.9041667,7.4625926,24.824137,5.3414593,5.5090714,21.797949,16.203434,1.7502481,-4.918603,3.3447359,4.393643,6.3714457,46.680958,133.54996,99.41165,125.88788,83.36772,18.979929,0.9213305,0.97910774,1.1103257,1.3982098,1.5258937,312.5741,638.60187,2.8877416,0.9099037,0.0,1.0,0.0,0.0,0.0,1.0,1.0
52.79802,4.3530354,52.346027,10.090177,3.965913,-0.044669148,0.043974612,-0.118221186,-0.08323728,-0.07748565,37815.29,0.0057807732,11949.253,0.0012932031,125991.28,-0.11639199,114392.23,300145.34,365294.53,345896.94,178997.9,229.16531,116.11481,208.13408,191.16483,95.997025,57.848976,-7.30709,69.97514,2.2549093,180.97711,128.00096,0.0,-14.163085,0.34592128,51.625637,42.879044,0.0,1.0,12.502511,51.321674,-13.165238,1.0,2.4991071,1.0,0.0,0.0,0.0,0.0,1.0,0.0,0.0,0.0,0.0,0.0,0.0,0.0,0.0,0.0,0.0,0.0,0.0,0.0,1.0,0.0,0.0,0.0,0.0,0.0,0.0,0.0,0.0,0.0,0.0,0.0,0.0,0.0,0.0,0.0,1.0,0.0,1.0,0.0,0.0,1.0,0.0,0.0,0.0,0.0,0.0,0.0,0.0,0.0,0.0,-1228.3176,152.64302,78.78053,3.3905485,3.7953837,34.200947,5.6236672,2.820127,28.277277,16.524931,12.7569685,12.507707,5.0281024,6.631608,8.530864,52.404346,423.2627,287.854,200.54324,78.65522,101.20028,1.4117987,1.6785938,1.5922583,-1.0285944,0.923673,167.0534,1098.5349,4.658546,-1.6529961,0.0,1.0,0.0,0.0,0.0,0.0,0.0
25.957615,5.867425,25.522154,5.1288958,3.9549713,-1.1090419,0.12906797,0.28644675,0.2586195,0.13448262,13378.132,-0.008826628,10360.447,0.014679757,124307.42,0.005822778,108623.99,-439314.56,-1733419.8,355738.84,226853.64,121.85413,70.68255,205.3997,88.569275,54.679455,141.76906,29.938263,127.19205,6.1425147,153.25444,150.55562,0.0,26.246819,1.0929374,48.455875,61.126232,0.0,0.0,17.490225,24.99323,-132.85805,1.0,2.6056173,0.0,0.0,1.0,0.0,0.0,0.0,0.0,0.0,0.0,1.0,0.0,0.0,0.0,0.0,0.0,0.0,0.0,1.0,0.0,0.0,0.0,0.0,0.0,0.0,0.0,0.0,1.0,0.0,1.0,1.0,0.0,0.0,0.0,0.0,1.0,0.0,0.0,0.0,0.0,1.0,1.0,0.0,0.0,0.0,0.0,0.0,0.0,0.0,1.0,0.0,93.812164,126.49451,46.74689,2.6466105,10.130989,98.84612,7.3622017,2.5795572,97.118454,35.449165,15.6853695,14.744526,0.568425,3.9515867,8.581693,121.27431,176.7095,29.960066,183.0127,67.50053,86.808334,1.2705287,1.9563472,2.4964533,1.617264,1.5449771,636.1728,1186.804,5.9416285,4.4538345,0.0,1.0,0.0,0.0,0.0,0.0,0.0
75.35159,4.166733,19.325718,4.561316,1.6467203,1.4343058,0.17994069,0.085730486,0.11337457,0.10637177,17307.344,0.012510797,3507.4634,0.02003469,20993.643,0.07118322,64972.49,38252.35,-749224.94,198581.73,44588.066,69.18019,27.306406,54.42972,-12.453133,-2.473016,-1.0741017,-0.64697665,25.137987,5.0150156,142.79546,39.341602,0.0,-11.008304,-2.172245,54.46842,23.909504,1.0,0.0,10.495586,149.65721,123.876274,2.0,1.296539,1.0,0.0,0.0,0.0,0.0,0.0,0.0,0.0,0.0,1.0,1.0,0.0,0.0,0.0,0.0,0.0,0.0,0.0,0.0,0.0,0.0,0.0,1.0,0.0,0.0,0.0,0.0,0.0,1.0,0.0,0.0,0.0,0.0,0.0,0.0,1.0,0.0,0.0,0.0,0.0,0.0,0.0,0.0,0.0,0.0,0.0,0.0,0.0,0.0,0.0,-296.9974,89.32358,46.111183,8.33878,8.864488,22.070024,7.7981787,7.0080967,17.39364,8.57475,18.123951,23.251402,3.7072282,4.8447113,2.2780378,40.391014,73.92404,38.054134,-15.111555,-44.53927,66.96337,0.38805738,0.40898988,3.3688126,1.4432855,1.9830978,-1.0801755,237.54256,3.4444325,2.3020587,0.0,0.0,1.0,0.0,0.0,1.0,0.0
11.460988,-5.111821,12.133417,30.302439,1.9107836,0.49099043,0.13550647,-0.17414881,0.001004587,0.017391827,131161.2,-0.014946592,18645.826,0.028478466,501208.1,-0.16787504,258585.61,-648913.2,-2531356.5,268715.47,9090.915,232.44455,102.39427,200.17389,241.31111,109.87327,115.09835,42.478874,148.14677,18.768154,157.54033,126.78829,0.0,42.316864,-3.7255356,71.8253,48.808678,1.0,1.0,9.539258,140.6794,248.61337,2.0,2.321228,1.0,0.0,0.0,0.0,1.0,1.0,0.0,0.0,0.0,1.0,1.0,0.0,0.0,0.0,0.0,0.0,0.0,1.0,0.0,0.0,0.0,0.0,0.0,0.0,0.0,0.0,1.0,0.0,1.0,1.0,0.0,1.0,0.0,1.0,0.0,1.0,0.0,0.0,0.0,1.0,1.0,0.0,0.0,0.0,0.0,0.0,0.0,0.0,0.0,0.0,-128.80698,216.03395,89.34765,18.346758,20.037798,37.756676,20.648619,12.572206,34.672176,21.0971,24.444342,24.9465,3.5633013,5.815072,7.1494465,77.0158,399.03232,192.33511,146.09303,-7.4785433,115.11701,1.7170272,2.7746933,4.458255,1.5897381,-1.3014342,-77.92357,1383.4526,6.4415464,-3.4139986,0.0,0.0,1.0,0.0,1.0,0.0,0.0
74.379616,4.4532323,28.703972,-1.9697647,1.7829267,1.1265988,0.1282513,0.06912985,0.10860547,0.12031927,2624.8394,0.00652409,2253.9092,0.021726722,34011.277,0.08063434,4012.275,125455.586,-1689291.4,137188.75,13614.639,103.68521,58.876583,100.57025,25.24945,23.847029,65.9054,49.16813,84.40222,5.019449,163.4079,31.41297,0.0,53.879074,-1.8191363,65.53179,13.871894,1.0,0.0,8.341802,122.83626,135.90001,2.0,1.3458011,1.0,0.0,0.0,0.0,0.0,1.0,1.0,0.0,0.0,1.0,1.0,0.0,0.0,0.0,0.0,0.0,0.0,1.0,0.0,0.0,0.0,0.0,1.0,0.0,0.0,0.0,0.0,0.0,1.0,0.0,0.0,0.0,0.0,0.0,0.0,1.0,0.0,1.0,0.0,0.0,0.0,0.0,0.0,0.0,0.0,0.0,0.0,0.0,0.0,0.0,1216.9357,100.977516,58.805374,8.307728,9.027647,32.189163,8.554562,7.5459194,28.465445,12.506556,19.77798,26.913006,4.9323344,5.893028,3.3180878,20.856962,172.73837,132.70416,19.1043,-8.048315,62.94381,0.54039526,0.5801336,2.181824,1.2404389,1.5900154,143.56511,436.7979,4.2797537,1.9862382,1.0,0.0,1.0,0.0,0.0,0.0,1.0
70.544106,5.6598964,32.4242,9.119375,4.7609043,1.3627028,0.08094321,0.19701874,0.006838156,0.030909963,-10365.219,0.0138643645,2588.9302,0.021103777,2430.9583,-0.0038269162,92464.266,213805.89,1546820.9,83917.56,49985.695,196.16501,83.68678,251.23337,126.57819,54.305294,146.40517,-10.108799,21.346735,12.664572,187.77153,85.69336,1.0,-13.396213,3.1599212,42.501373,23.329967,1.0,0.0,13.168382,128.50871,41.788666,2.0,2.0828345,0.0,0.0,0.0,1.0,0.0,1.0,0.0,1.0,0.0,1.0,1.0,0.0,0.0,0.0,0.0,0.0,0.0,0.0,0.0,0.0,1.0,0.0,1.0,0.0,0.0,0.0,0.0,0.0,1.0,0.0,0.0,1.0,0.0,0.0,0.0,0.0,0.0,0.0,0.0,0.0,1.0,0.0,0.0,0.0,0.0,0.0,0.0,0.0,0.0,0.0,-496.3911,112.70215,76.54793,11.978076,17.44898,38.729626,15.183198,8.156046,35.21697,20.021873,12.543989,11.240344,5.672363,6.2554207,3.5865586,23.426926,358.50153,296.5636,268.59558,186.0594,17.7412,1.0465158,0.95668304,1.7316759,2.8212333,1.0272254,233.63824,411.6313,3.9185984,3.3788447,1.0,0.0,1.0,0.0,1.0,0.0,0.0
63.352962,3.7839727,68.6069,14.917049,7.0274906,1.402751,0.1707335,0.059080187,-0.029199792,0.04065419,7402.7363,0.0053771324,5385.1143,0.034653205,94764.98,0.029028356,76698.75,-126234.76,-883728.94,209421.81,45487.664,143.52219,58.07575,130.20686,101.75071,40.198845,35.926407,41.255676,80.14711,-4.434087,169.14085,84.72105,0.0,47.408184,4.4564233,72.38993,31.401758,1.0,0.0,12.052339,81.23473,-10.161891,2.0,1.9736991,0.0,0.0,0.0,0.0,0.0,0.0,0.0,0.0,0.0,1.0,0.0,1.0,0.0,0.0,1.0,0.0,0.0,0.0,0.0,0.0,0.0,0.0,0.0,0.0,0.0,0.0,0.0,0.0,1.0,0.0,0.0,0.0,0.0,0.0,0.0,0.0,0.0,0.0,0.0,0.0,0.0,0.0,0.0,0.0,0.0,0.0,0.0,0.0,0.0,0.0,541.0153,140.83511,70.765434,-2.8274174,-0.882058,12.08198,-4.2098265,-2.724854,9.467563,3.1621475,-3.346617,-6.341181,4.256692,5.4336896,6.409404,48.449078,212.61122,145.16081,78.835236,27.71864,37.009655,1.0288801,1.1234895,1.4893081,1.0931485,0.7357361,82.178535,646.3959,4.0461245,2.7671402,0.0,1.0,0.0,0.0,0.0,1.0,1.0
64.21472,-2.2728524,52.68738,16.092379,4.8610964,0.73597395,0.0981951,0.117947355,0.06224711,0.061456125,10363.664,0.002142515,1954.4789,0.034754686,46255.695,-0.025710555,58913.746,-474896.34,-2151630.5,348635.5,89205.55,113.54618,62.782925,164.1533,58.067673,40.63417,98.39507,9.93868,75.88378,10.801888,176.67761,96.10788,0.0,7.840928,-1.1056905,70.84958,32.26764,1.0,0.0,14.127043,95.1533,151.52498,2.0,2.1246536,0.0,0.0,1.0,0.0,0.0,1.0,0.0,1.0,0.0,0.0,0.0,1.0,0.0,0.0,0.0,0.0,0.0,0.0,0.0,1.0,0.0,0.0,1.0,0.0,0.0,0.0,0.0,0.0,1.0,1.0,0.0,0.0,0.0,0.0,0.0,0.0,0.0,0.0,0.0,1.0,0.0,1.0,0.0,0.0,0.0,0.0,0.0,0.0,0.0,0.0,266.7205,166.29256,92.95831,9.235533,11.501303,51.585712,11.645684,7.0851955,50.927113,23.675247,11.267432,12.147901,3.0771601,5.5344934,6.3943396,64.20016,189.55136,72.28496,151.84938,58.679226,55.2339,0.8305377,0.96168214,2.0003395,1.319612,-0.49956253,330.72922,353.65833,4.842889,0.62114567,1.0,1.0,0.0,0.0,0.0,1.0,1.0
52.920246,0.6331529,23.015926,8.289446,-0.6785706,1.1487633,0.0639187,0.029290237,0.060511082,0.022212371,41360.51,-0.03128565,8543.685,-0.023686267,79361.33,-0.042058535,120546.05,428510.7,-188697.34,216240.02,69413.21,260.1146,100.55775,81.71241,220.89499,83.089066,46.069424,133.60045,225.68411,11.097496,163.38113,136.54683,0.0,153.91542,-1.9290457,58.638996,51.063137,0.0,1.0,12.194709,51.40318,-27.56218,1.0,2.5025933,1.0,0.0,0.0,0.0,0.0,1.0,0.0,1.0,0.0,1.0,0.0,0.0,0.0,0.0,1.0,0.0,0.0,1.0,0.0,1.0,1.0,0.0,0.0,0.0,0.0,0.0,0.0,0.0,1.0,0.0,0.0,0.0,0.0,0.0,0.0,1.0,0.0,1.0,0.0,0.0,1.0,0.0,0.0,0.0,0.0,0.0,0.0,0.0,0.0,0.0,-42.56815,166.45476,98.24876,11.620313,14.725088,55.75502,13.894354,10.964412,54.25054,30.467121,45.747417,61.11637,7.654142,9.089025,4.481274,41.57935,463.54303,332.48962,-90.5119,-143.47467,104.81529,1.2456623,1.7248678,3.6412005,-1.2913818,3.2275605,-3.0951107,1390.4099,7.3651457,5.0344787,0.0,0.0,1.0,0.0,1.0,0.0,0.0
64.4748,-2.2556443,46.38156,7.361669,3.4163375,2.1089292,0.16156894,0.311423,0.09013343,0.035413142,-14225.98,0.005248558,2413.273,0.0057526547,6252.9814,0.09366161,146263.11,-36658.734,-856893.56,354615.38,174567.23,135.90181,13.018445,86.65968,143.2841,26.428553,13.133018,72.83589,137.18108,2.7675703,152.98296,50.364357,0.0,81.16427,0.85595286,74.87564,24.792662,0.0,0.0,9.4696,72.40693,84.41247,1.0,1.491951,1.0,0.0,1.0,0.0,0.0,0.0,0.0,0.0,0.0,0.0,0.0,1.0,0.0,0.0,0.0,0.0,0.0,0.0,0.0,1.0,0.0,0.0,0.0,0.0,0.0,0.0,0.0,0.0,0.0,0.0,0.0,0.0,0.0,0.0,0.0,0.0,0.0,1.0,1.0,0.0,1.0,0.0,0.0,0.0,0.0,0.0,0.0,0.0,0.0,0.0,1073.8961,214.73132,119.117035,5.0879545,5.407767,65.558105,7.33725,1.575014,64.43154,23.730362,15.313444,19.953602,2.9579844,5.0512414,4.6183896,72.93217,117.71828,29.233322,7.7471294,-46.68135,77.62087,1.2185398,1.4681255,1.698705,0.5151796,2.0597668,357.73203,1431.4474,5.166201,-0.7485949,0.0,1.0,0.0,0.0,0.0,1.0,0.0
91.68787,9.000275,29.2745,2.451217,3.5226276,0.69017106,0.01684773,0.02082622,0.013342296,0.027870795,47850.777,0.0017254554,7164.065,0.026020447,119818.97,0.0003984121,41323.61,60923.566,-811970.75,154013.2,1891.0652,88.31362,54.59498,116.344574,40.356552,31.940805,73.36808,4.850629,29.964283,12.775182,183.71606,90.67163,1.0,3.757694,0.9636738,41.8485,27.627274,1.0,0.0,12.196885,125.36809,80.38376,2.0,2.0901542,1.0,0.0,0.0,0.0,0.0,0.0,0.0,1.0,0.0,1.0,0.0,0.0,1.0,0.0,0.0,0.0,0.0,0.0,0.0,0.0,0.0,1.0,0.0,0.0,0.0,0.0,0.0,0.0,1.0,0.0,0.0,0.0,1.0,0.0,0.0,0.0,0.0,0.0,0.0,1.0,0.0,0.0,0.0,0.0,0.0,0.0,0.0,0.0,0.0,0.0,227.98418,79.14734,66.07797,15.597322,17.5129,23.358206,15.492208,12.217272,23.30629,16.654236,19.806463,20.536398,3.2689388,4.755285,4.139881,51.50952,131.69089,77.4093,79.27746,21.890816,55.289024,0.7679967,0.88966835,1.7333663,1.3531868,1.0433482,18.000917,-205.46564,3.3990765,0.28384244,1.0,1.0,0.0,0.0,0.0,0.0,1.0
74.65573,3.1303217,29.069523,7.403992,2.6167471,0.83658993,0.0761641,0.04024413,-0.007407561,-0.010456272,17595.768,0.005776542,1943.1145,0.010318885,-4239.4336,-0.026263544,24669.66,324605.6,398090.06,165866.73,74886.81,135.15645,56.531307,123.08467,98.54796,42.49829,46.083885,13.410632,52.435127,6.500447,161.57336,70.95488,0.0,10.192728,-0.7403705,51.27626,27.87399,1.0,0.0,12.273193,142.34065,24.128428,0.0,1.7782089,1.0,0.0,0.0,0.0,0.0,1.0,1.0,1.0,0.0,1.0,0.0,1.0,0.0,0.0,0.0,0.0,0.0,0.0,0.0,0.0,1.0,0.0,1.0,0.0,0.0,0.0,0.0,0.0,1.0,1.0,0.0,0.0,1.0,0.0,0.0,0.0,0.0,0.0,0.0,0.0,0.0,0.0,0.0,0.0,0.0,0.0,0.0,0.0,0.0,0.0,675.7699,131.31209,81.45439,11.42994,13.000838,30.166824,11.971386,6.933385,25.66882,14.829118,19.1529,23.78856,4.22974,5.3499646,3.378213,30.556892,189.68623,129.49704,74.67763,16.160387,53.24097,0.96764684,1.0894608,1.56935,1.201833,1.541079,78.95996,93.013916,3.8402488,2.0831513,0.0,0.0,1.0,0.0,0.0,1.0,0.0
62.333237,2.4268405,42.300537,9.191965,3.6560042,1.4190191,0.19841792,0.09366021,0.02149994,0.086024985,-4259.5054,0.011118021,10.863882,0.02871294,3543.983,0.0107921045,28002.422,30035.402,-232704.5,187924.1,77703.51,113.385475,32.134895,106.30674,73.25709,20.452742,22.337238,2.9348288,48.035572,2.5688474,156.02803,57.039318,0.0,-3.9606335,-0.48611385,82.67532,26.366753,1.0,0.0,11.502866,172.95314,168.72014,2.0,1.5741842,1.0,0.0,0.0,0.0,0.0,1.0,0.0,0.0,0.0,1.0,0.0,1.0,0.0,0.0,0.0,0.0,0.0,0.0,0.0,0.0,0.0,0.0,1.0,0.0,0.0,0.0,0.0,0.0,1.0,1.0,1.0,1.0,0.0,0.0,1.0,1.0,0.0,0.0,0.0,0.0,0.0,0.0,0.0,0.0,0.0,0.0,0.0,0.0,0.0,0.0,437.47858,141.13626,68.7208,3.783667,5.433463,25.284977,3.4843292,0.9692584,21.515944,9.3392725,9.503875,10.609848,3.3200283,4.89111,3.5046866,44.627308,117.09498,59.26419,67.22524,4.2050934,46.829716,0.91649574,0.94736373,1.8653512,1.545371,0.71179795,142.71503,470.051,4.262913,0.8618694,1.0,1.0,0.0,0.0,0.0,1.0,0.0
87.57357,3.9031281,46.232048,12.440178,4.3147616,1.8399758,0.16139098,0.04724461,0.007832212,0.106189854,35324.867,0.020857165,2888.204,0.018200813,7904.572,0.1782752,145023.45,238332.14,469450.28,252219.16,105402.2,97.736694,21.552782,-6.9711843,78.64652,18.870134,-95.2776,36.07984,73.0673,2.2575686,157.31624,120.876495,0.0,36.640038,1.9115053,63.8383,47.62974,0.0,0.0,11.327613,122.98697,58.78555,2.0,2.2998443,1.0,0.0,0.0,0.0,1.0,1.0,0.0,0.0,0.0,0.0,0.0,0.0,0.0,0.0,1.0,0.0,0.0,0.0,0.0,1.0,0.0,0.0,0.0,0.0,0.0,0.0,0.0,0.0,0.0,0.0,0.0,0.0,0.0,0.0,0.0,0.0,0.0,0.0,0.0,0.0,1.0,0.0,0.0,0.0,0.0,0.0,0.0,0.0,0.0,0.0,-454.87772,154.07753,89.939514,6.5846214,4.147947,20.30992,5.0106115,7.0143714,21.120417,13.299186,18.433855,19.62408,3.3752015,4.721958,5.7701883,49.71928,78.22535,28.805725,-116.76187,-144.56432,63.560326,0.9942467,1.0430604,1.2487191,-0.0032566786,1.7490271,-73.955696,642.21515,4.4200435,1.0258759,0.0,1.0,0.0,0.0,0.0,1.0,0.0
55.09689,3.3309934,40.27369,12.640236,1.0817276,-0.01950538,0.10784101,-0.08735883,0.029355092,0.01742034,19796.934,-0.009985929,15311.213,0.029304381,158682.61,0.021203687,22902.516,222334.27,-2713621.5,304164.0,59245.523,188.6568,101.161194,165.33179,176.63316,91.41039,127.944496,26.738747,113.743675,10.816932,171.77382,120.79729,0.0,24.803219,-2.2536085,79.21923,42.718285,0.0,0.0,10.421761,165.60947,-19.550493,2.0,2.3926523,0.0,0.0,0.0,0.0,0.0,1.0,0.0,0.0,0.0,1.0,0.0,1.0,0.0,1.0,1.0,0.0,0.0,1.0,0.0,0.0,0.0,0.0,0.0,0.0,0.0,0.0,1.0,0.0,1.0,1.0,1.0,0.0,0.0,0.0,1.0,1.0,0.0,1.0,0.0,0.0,1.0,0.0,0.0,0.0,0.0,0.0,0.0,0.0,0.0,0.0,380.8021,128.90698,56.904827,10.914023,13.285213,38.987934,13.379537,7.91693,37.78616,23.21859,28.825314,35.470985,3.9420824,6.2301106,5.8091335,71.70132,343.82208,195.09332,68.990585,-34.805042,126.30721,1.4233271,2.0787158,3.002842,1.8728771,0.85669404,-106.27082,511.4177,5.728779,-2.9338696,0.0,1.0,0.0,0.0,1.0,0.0,0.0
86.51808,4.2541113,15.250064,6.9973974,2.9784484,0.5659556,0.08744306,0.18871568,0.0077490243,0.015265322,23677.932,0.011241416,3480.25,0.008503775,56508.46,0.021088704,100137.88,274480.28,253433.1,124173.61,53556.242,170.97012,87.77483,252.36226,84.87955,49.798733,170.63503,12.107134,49.40261,14.097761,166.68924,82.82657,0.0,10.891308,-0.2563478,17.314402,30.072369,0.0,0.0,10.7024145,128.81747,132.67805,2.0,1.889769,1.0,0.0,0.0,0.0,0.0,0.0,0.0,1.0,0.0,1.0,1.0,1.0,0.0,0.0,0.0,0.0,0.0,0.0,0.0,0.0,1.0,0.0,1.0,0.0,0.0,0.0,0.0,0.0,1.0,0.0,0.0,0.0,0.0,0.0,0.0,0.0,0.0,0.0,0.0,0.0,1.0,0.0,0.0,0.0,0.0,0.0,0.0,0.0,0.0,0.0,2492.1833,112.38274,68.39109,16.36196,18.823849,47.64785,20.38581,13.355893,43.93443,28.673452,17.871166,17.19735,5.544181,5.9782495,5.514386,18.712845,316.2574,256.30963,268.39313,205.26672,30.540083,0.8097337,0.9641324,2.3684208,2.4182305,1.3457094,267.56317,428.6552,3.556761,4.9610496,0.0,0.0,1.0,0.0,0.0,0.0,1.0
60.84563,0.6775764,0.37239704,-1.4576527,-4.2680845,1.0230157,0.2823193,0.026923634,0.050331857,0.17105389,20068.705,0.012259925,-4551.0166,0.06868475,140047.95,0.1839682,27540.336,182735.94,-2923258.5,17882.795,-43719.46,161.47461,44.699314,118.99141,56.08689,5.9459977,118.15708,85.87146,126.342155,16.168629,140.96574,-5.255547,0.0,95.88798,-11.488141,100.452965,10.596543,1.0,0.0,7.077782,123.81553,160.32489,1.0,0.77396137,1.0,0.0,0.0,0.0,0.0,0.0,0.0,1.0,0.0,1.0,1.0,0.0,0.0,0.0,1.0,0.0,0.0,0.0,1.0,1.0,1.0,0.0,1.0,0.0,0.0,0.0,0.0,1.0,0.0,0.0,0.0,0.0,0.0,0.0,0.0,0.0,0.0,0.0,0.0,0.0,0.0,0.0,0.0,0.0,0.0,0.0,0.0,0.0,0.0,0.0,2439.6584,93.796814,25.23501,17.126286,19.370451,44.410534,19.373337,15.784756,39.1786,25.103548,39.408634,49.85291,6.569939,7.5495114,2.5276241,11.760573,270.01392,206.60866,-34.254017,-58.62233,67.18512,0.28191185,0.49754786,3.7476802,1.5052822,0.09690337,-151.29652,1506.2535,5.19702,-1.4094956,1.0,0.0,1.0,0.0,0.0,0.0,1.0
60.035336,-0.73149365,39.148895,13.018686,0.7948766,0.82872784,0.18741807,0.13410652,0.104572564,0.08698415,71174.23,-0.026972247,13923.535,0.0044405675,158685.33,0.034146436,27621.96,323798.34,-1811367.1,186432.38,40769.42,201.04234,96.506294,63.273777,142.93387,71.64369,39.320763,47.689915,110.85878,6.471424,157.00752,88.75965,0.0,47.363514,-5.1698337,100.57715,38.44107,0.0,0.0,17.130499,126.55485,-169.79852,2.0,1.9443431,0.0,0.0,1.0,0.0,0.0,0.0,0.0,0.0,0.0,1.0,0.0,1.0,0.0,0.0,1.0,0.0,0.0,1.0,0.0,0.0,1.0,0.0,0.0,0.0,0.0,0.0,0.0,0.0,1.0,1.0,0.0,1.0,0.0,0.0,1.0,0.0,0.0,1.0,0.0,1.0,1.0,0.0,0.0,0.0,0.0,0.0,0.0,0.0,0.0,0.0,-501.60373,130.9936,64.122055,7.1218705,9.974148,49.94818,9.337998,8.001169,53.37927,27.817642,34.507656,41.656883,6.0178714,7.3585124,2.25851,39.906235,390.90076,303.37375,-132.95584,-141.29558,45.940384,1.0539635,1.3739185,3.270349,0.012669027,1.692244,224.1331,748.3262,6.0305376,3.1130612,0.0,0.0,0.0,0.0,0.0,1.0,0.0
59.127125,-5.7157545,67.39317,22.842415,4.5135956,0.44344062,0.07720703,-0.07461473,0.004221024,-0.03742047,-9628.973,-0.029019475,5408.801,0.0021707765,64123.832,-0.12079391,141028.84,-452711.53,-2621557.8,443581.47,97798.484,192.5077,64.923744,103.07978,165.09096,58.541946,43.065582,87.960075,174.58595,3.369861,167.40298,110.859215,0.0,99.26917,2.1495318,78.06425,40.266243,1.0,1.0,9.1813545,88.60863,109.661255,0.0,2.2506275,1.0,0.0,0.0,0.0,0.0,1.0,0.0,0.0,0.0,1.0,1.0,1.0,0.0,0.0,0.0,0.0,0.0,1.0,0.0,0.0,0.0,0.0,0.0,0.0,0.0,0.0,0.0,0.0,1.0,0.0,0.0,0.0,0.0,0.0,0.0,1.0,0.0,1.0,0.0,0.0,1.0,0.0,0.0,0.0,0.0,0.0,0.0,0.0,0.0,0.0,585.1019,212.0639,110.30211,3.9205089,4.252896,36.1977,4.4366097,0.34668827,34.56125,15.533875,16.922993,22.034578,4.9234223,7.3034368,8.181649,66.792885,290.53613,157.22255,21.077827,-57.606686,90.943184,1.1065934,1.4647847,2.2589955,0.5563936,1.3758396,-5.805448,773.50665,6.0981035,0.9872603,0.0,1.0,0.0,0.0,0.0,1.0,0.0
55.12181,-7.226189,51.249054,27.500437,2.3988361,2.4467704,0.23500657,0.08791326,0.1364036,0.15881802,97479.25,-0.030835269,13013.936,0.020682761,269211.6,0.005857161,89012.39,-495311.34,-3558191.2,346282.28,-59303.965,144.60902,71.20158,4.1956553,63.027863,42.96663,-23.601147,49.550514,93.84228,6.98144,159.21794,62.245728,0.0,52.481228,-6.034323,81.921425,27.105421,0.0,1.0,17.960258,128.87315,-72.80159,1.0,1.6302011,1.0,0.0,0.0,0.0,0.0,0.0,0.0,0.0,0.0,1.0,1.0,0.0,0.0,0.0,0.0,0.0,0.0,0.0,0.0,0.0,1.0,0.0,0.0,0.0,0.0,0.0,0.0,0.0,0.0,0.0,0.0,1.0,0.0,0.0,0.0,0.0,0.0,0.0,0.0,0.0,0.0,0.0,0.0,0.0,0.0,0.0,0.0,0.0,0.0,0.0,-1787.2976,170.06668,89.56056,10.304044,8.412488,13.565341,7.6825023,9.121132,16.950748,12.176254,24.935642,28.977766,6.347663,7.632363,2.0940812,30.427114,283.00137,217.78525,-177.78152,-185.08597,90.34548,0.52875614,0.88359684,3.630523,1.028095,0.19685055,42.40858,532.7656,4.988239,0.81954706,0.0,0.0,1.0,0.0,1.0,1.0,0.0
73.63259,9.569661,18.718998,9.836529,3.46371,1.3622416,0.13361397,0.06790992,-0.010614917,0.07767837,16118.899,0.02329759,1909.9225,0.038978267,-1702.9657,0.051817562,46026.914,269449.34,1088339.4,122978.43,36516.516,74.372116,25.550007,57.963726,36.037334,12.366393,-6.766632,-13.235411,5.3958497,13.667553,172.8165,112.42139,1.0,-18.164207,2.858402,55.359188,38.667313,0.0,0.0,14.408339,124.36118,24.834496,2.0,2.2987874,0.0,0.0,0.0,0.0,0.0,1.0,0.0,1.0,1.0,1.0,1.0,0.0,1.0,0.0,0.0,1.0,0.0,0.0,0.0,1.0,0.0,0.0,0.0,0.0,1.0,0.0,0.0,0.0,1.0,0.0,0.0,1.0,0.0,0.0,1.0,1.0,0.0,1.0,0.0,0.0,1.0,0.0,0.0,0.0,0.0,0.0,0.0,0.0,0.0,0.0,-1320.4397,81.521866,53.94355,16.409632,19.071665,12.755211,15.17717,12.722096,12.783272,14.037352,20.158758,19.419693,2.7062964,4.0676813,2.2167234,58.857742,63.05024,22.559458,9.501245,-42.95933,65.73133,0.90293735,0.8789819,0.9059148,1.2945867,0.80872977,44.25239,-48.82348,3.4796743,2.595565,1.0,1.0,0.0,0.0,1.0,1.0,0.0
67.78922,0.12214806,46.525265,15.693421,3.7126942,1.5330454,0.18628573,-0.1265707,0.051397894,0.13464665,41204.758,0.0040918184,1683.1895,0.018847348,12365.749,0.047072884,35105.336,-160838.66,247358.48,294290.4,65004.574,106.67878,39.403595,13.129274,51.05265,19.5925,-82.509514,40.844444,87.431145,2.0481746,151.17761,103.23956,0.0,41.883846,-1.9142228,77.12563,43.584858,0.0,0.0,13.013201,88.68888,27.418354,2.0,2.0746822,1.0,0.0,1.0,0.0,0.0,1.0,0.0,1.0,0.0,0.0,1.0,1.0,1.0,0.0,1.0,0.0,0.0,0.0,0.0,1.0,1.0,0.0,0.0,0.0,1.0,0.0,0.0,0.0,1.0,1.0,0.0,1.0,0.0,0.0,0.0,1.0,0.0,1.0,0.0,0.0,1.0,0.0,0.0,0.0,0.0,0.0,0.0,0.0,0.0,0.0,-716.5748,152.88,74.658936,5.923363,2.8529377,3.6554725,3.3091226,7.15547,2.9461997,1.8458587,16.224073,19.934498,4.589227,6.0185986,5.3694444,39.58672,136.23888,77.46242,-84.89264,-116.55857,72.78292,0.7348353,0.7453406,1.4347626,-1.0069525,0.51727885,-152.94041,202.57857,4.554374,3.848095,0.0,0.0,1.0,0.0,0.0,0.0,1.0
77.47707,6.081348,40.896072,4.057848,5.029073,0.58608204,0.047877762,0.02777211,0.007990457,0.027318971,-6463.2324,0.010275341,2856.2932,0.003213059,30508.357,0.026473979,94416.95,-104409.93,-763636.7,195453.73,62582.105,112.37852,44.93396,140.9768,66.90155,26.11349,63.009426,12.619603,62.50302,-0.38533866,162.36252,86.18898,0.0,7.227375,4.097105,39.867146,33.294018,1.0,0.0,9.563885,153.85614,141.1006,2.0,1.9427222,1.0,0.0,0.0,1.0,0.0,1.0,0.0,0.0,0.0,1.0,1.0,0.0,0.0,0.0,0.0,1.0,0.0,1.0,0.0,0.0,0.0,0.0,1.0,0.0,0.0,0.0,0.0,0.0,1.0,0.0,0.0,0.0,0.0,0.0,0.0,0.0,0.0,0.0,0.0,0.0,0.0,0.0,0.0,0.0,0.0,0.0,0.0,0.0,0.0,0.0,-580.7877,108.40929,68.11237,0.49243096,3.5919452,24.174105,0.31250456,-1.0427713,20.24262,8.353984,6.068966,8.33189,3.0676823,4.836404,6.1604357,59.143456,147.13829,59.128567,119.41663,34.914547,74.02022,0.93373466,0.9517926,2.9953027,2.0920544,2.2876937,81.06992,607.5415,4.005307,2.82426,0.0,0.0,1.0,0.0,0.0,0.0,1.0
69.32944,5.6663895,42.74497,6.8697286,4.9613166,1.780587,0.20822935,0.3003391,0.13604741,0.20042247,-2501.2715,0.012673078,3459.9475,0.046737075,2119.8071,0.057007812,73082.11,-252679.45,-1848403.0,236995.16,58849.85,13.177677,9.734876,73.1993,-31.80256,-7.205454,20.026438,5.007893,31.722605,-0.9809824,161.86272,92.781296,0.0,0.16693424,-0.9578715,62.267662,36.427242,1.0,0.0,15.881282,153.24791,44.48071,1.0,2.0132253,1.0,0.0,1.0,0.0,1.0,1.0,0.0,1.0,1.0,0.0,0.0,0.0,0.0,1.0,1.0,0.0,0.0,0.0,0.0,0.0,0.0,0.0,1.0,0.0,0.0,0.0,0.0,0.0,1.0,0.0,0.0,1.0,0.0,0.0,0.0,0.0,0.0,0.0,0.0,1.0,0.0,0.0,0.0,0.0,0.0,0.0,0.0,0.0,0.0,0.0,-622.6235,115.20434,60.98084,2.318044,3.1127398,41.85047,1.1047075,2.2168918,38.50946,15.6102295,5.667628,5.8669066,1.1082586,2.8991153,3.8038766,79.00781,-67.45084,-106.53388,28.16232,-14.254374,66.31602,0.5728254,0.72568136,2.3467932,1.7283608,0.36822915,272.92435,561.9184,3.426799,0.6961527,0.0,1.0,0.0,0.0,0.0,1.0,0.0
57.81241,-7.60411,78.51191,36.388733,3.731783,1.6829708,0.086222805,-0.33941102,-0.08409429,-0.02255964,129188.89,-0.04753218,21759.41,-0.06595158,377464.4,-0.120808534,321842.5,76689.375,1123720.6,551934.9,88207.56,294.63663,97.02189,-23.24388,280.43365,97.25293,-135.96132,169.75122,269.40964,2.6320336,176.86685,206.72966,1.0,201.31326,5.8977857,62.232864,71.49941,0.0,1.0,14.08404,21.828218,77.391495,0.0,3.3690336,1.0,0.0,0.0,0.0,0.0,0.0,0.0,0.0,0.0,1.0,1.0,0.0,0.0,0.0,1.0,0.0,0.0,0.0,0.0,0.0,0.0,0.0,0.0,0.0,0.0,0.0,0.0,0.0,0.0,0.0,0.0,0.0,0.0,0.0,0.0,1.0,0.0,0.0,0.0,0.0,0.0,0.0,0.0,0.0,0.0,0.0,0.0,0.0,0.0,0.0,-2331.847,276.97086,152.75648,7.834991,4.8042035,5.041971,4.15955,4.1800976,5.964834,10.551872,39.480843,49.964428,8.529858,10.195698,9.61028,42.489815,501.74384,368.08618,-207.2845,-271.7967,102.54825,1.4403071,1.7642546,1.5370928,-3.381133,4.2705927,-507.99692,1450.93,8.118834,3.8704257,0.0,0.0,0.0,0.0,0.0,1.0,0.0
63.293385,-7.439334,52.672394,17.238226,2.8758702,0.11032431,0.105053335,-0.109866366,0.08807388,0.1572125,38163.777,-0.007333702,6100.1123,0.00083010265,133416.7,-0.013687108,69583.72,-311562.62,-2301163.8,307896.9,71128.96,136.38019,71.65445,125.41752,114.78104,59.46799,61.765648,59.19083,134.36578,0.44505155,148.56015,73.75223,0.0,63.135105,-0.33646372,54.079887,35.582256,0.0,0.0,9.225671,139.99373,123.57325,2.0,1.711008,1.0,0.0,0.0,0.0,0.0,1.0,0.0,1.0,0.0,1.0,0.0,1.0,0.0,0.0,1.0,0.0,1.0,0.0,0.0,0.0,1.0,0.0,0.0,0.0,0.0,0.0,0.0,0.0,1.0,1.0,1.0,1.0,0.0,0.0,0.0,0.0,0.0,0.0,0.0,0.0,1.0,0.0,0.0,0.0,0.0,0.0,0.0,0.0,0.0,0.0,2356.7754,176.91881,86.441925,0.9557868,1.6169308,44.865536,0.89127284,-2.9196272,41.245945,15.37841,17.337376,23.49488,3.3663523,5.3531613,7.7906675,65.93879,191.38528,75.14022,64.01773,-12.790818,57.87557,1.199869,1.5550282,2.851273,0.9915764,1.3127941,1.4766096,1004.54974,5.333646,1.677553,0.0,0.0,1.0,0.0,0.0,0.0,1.0
45.209633,-2.6711736,48.149426,26.836992,5.9406605,1.9980191,0.15590484,0.02540944,-0.04441859,0.03316382,64033.547,8.27593e-05,3142.71,0.022585465,136870.7,-0.050316125,117101.914,-245049.92,-1095668.9,169370.66,13464.1,177.82683,68.71946,130.20882,151.49242,61.225388,19.442379,66.12918,126.1726,-3.0562322,147.98482,101.31277,0.0,73.2345,-2.5680647,63.296734,43.636353,0.0,0.0,16.23197,94.34504,46.931385,1.0,2.0158257,1.0,0.0,0.0,0.0,1.0,1.0,1.0,0.0,0.0,1.0,1.0,1.0,0.0,0.0,0.0,0.0,1.0,1.0,0.0,0.0,1.0,0.0,0.0,0.0,0.0,0.0,1.0,0.0,1.0,1.0,1.0,1.0,0.0,1.0,0.0,1.0,0.0,0.0,0.0,0.0,1.0,0.0,0.0,0.0,0.0,0.0,0.0,0.0,0.0,0.0,531.5108,187.87521,94.34841,1.988965,0.88940203,12.798815,1.0348485,1.3156744,11.413536,6.3194337,4.6689787,1.9461558,4.6273675,5.8273396,4.811344,33.738056,263.64398,172.97972,62.389122,4.688987,44.399384,1.2000027,1.5976676,2.7168736,0.2947021,-0.17121784,117.59595,714.70087,5.2143545,0.9631936,0.0,0.0,1.0,0.0,0.0,0.0,1.0
97.44826,3.653986,37.36362,6.8717766,3.7926428,1.9478444,0.0684746,0.17911744,-0.042688917,-0.07853301,4224.6465,0.0030695768,1366.2885,0.0062792585,-14869.437,-0.03663493,33567.246,543107.8,-126996.06,136695.38,35167.977,108.96571,45.34746,125.00886,71.80296,30.23113,48.703667,49.131527,74.719826,-0.84356666,158.86462,41.278324,0.0,54.440308,0.19374037,57.94778,19.055222,1.0,0.0,12.314402,163.02016,11.917648,0.0,1.4317557,1.0,0.0,1.0,0.0,1.0,1.0,1.0,1.0,1.0,0.0,1.0,1.0,0.0,0.0,0.0,0.0,0.0,0.0,0.0,0.0,0.0,0.0,0.0,0.0,0.0,0.0,0.0,0.0,0.0,0.0,0.0,0.0,1.0,0.0,0.0,0.0,0.0,0.0,0.0,0.0,0.0,0.0,0.0,0.0,0.0,0.0,0.0,0.0,0.0,0.0,1405.97,128.24469,92.39943,6.674032,7.1984224,22.79054,6.115791,4.4835143,18.78243,12.316598,10.548463,9.348372,3.8919868,4.730844,1.8401552,21.938305,116.82345,99.89221,85.340744,63.33578,28.206944,0.78190565,1.0113093,2.0256474,1.4393492,2.326184,188.74721,22.145378,3.704838,1.9749624,0.0,0.0,1.0,0.0,0.0,1.0,0.0
82.50999,8.642513,17.146038,2.0154126,3.2286298,1.4220835,0.13336946,0.22133711,0.067887634,0.03782777,11777.556,0.012722819,1933.9343,0.011643922,30086.043,0.012077448,93340.18,315592.62,842337.6,149073.58,66531.3,88.07905,25.130577,128.0956,28.597532,4.389008,65.73637,-16.975563,3.6909173,4.3800583,152.13368,73.04861,0.0,-26.257751,3.8247683,44.019344,32.037796,0.0,0.0,7.7111983,136.85527,134.31789,2.0,1.7381344,0.0,0.0,0.0,0.0,1.0,1.0,0.0,1.0,0.0,1.0,1.0,1.0,0.0,1.0,1.0,0.0,0.0,0.0,0.0,0.0,0.0,0.0,0.0,0.0,0.0,0.0,0.0,0.0,1.0,0.0,0.0,1.0,0.0,0.0,1.0,1.0,0.0,1.0,0.0,0.0,1.0,0.0,0.0,0.0,0.0,0.0,0.0,0.0,0.0,0.0,323.07166,96.74008,56.939594,9.004013,12.076656,35.43256,9.605581,5.0937257,33.164707,15.505878,12.850428,16.61421,2.8300169,4.0775957,3.9790683,55.387474,77.8354,46.43385,100.548065,50.20484,54.197556,0.5764942,0.653446,2.2801917,2.4187615,2.3786466,159.41557,578.7766,2.9568133,1.8404281,0.0,0.0,0.0,0.0,0.0,1.0,0.0
61.262543,3.768187,30.907784,7.2118382,2.7978754,0.6616551,0.22067432,0.14468546,0.095605865,0.07978833,20548.252,-0.0055323765,8926.296,0.0020600082,133214.1,0.00018045568,100611.39,38844.26,-1604228.0,284582.0,55266.055,69.19213,26.652712,53.339367,16.568079,9.021034,25.563448,57.329346,110.60963,7.5683756,147.66434,80.635956,0.0,58.15079,0.38156757,79.28948,38.17835,1.0,0.0,8.873367,153.03625,-2.858804,1.0,1.8017515,1.0,0.0,0.0,0.0,0.0,0.0,0.0,0.0,0.0,1.0,0.0,1.0,0.0,0.0,0.0,0.0,0.0,0.0,0.0,0.0,0.0,0.0,0.0,0.0,0.0,0.0,0.0,0.0,1.0,0.0,0.0,1.0,0.0,0.0,0.0,1.0,0.0,0.0,0.0,1.0,0.0,0.0,0.0,0.0,0.0,0.0,0.0,0.0,0.0,0.0,-268.6114,126.98078,53.579433,10.54329,12.204843,38.886597,9.998421,6.233282,34.445915,15.632316,16.377468,17.515903,3.046042,4.8772635,5.085708,68.122345,45.493736,-13.651991,-50.727448,-90.73733,96.04869,0.49013808,0.8602312,2.399738,1.3903124,1.9112195,63.92798,579.8183,4.65178,-1.6051813,0.0,1.0,0.0,0.0,0.0,1.0,0.0
63.864773,3.2724707,41.66079,6.708661,4.132893,0.81788397,0.14709054,-0.034180354,0.0353783,0.11113725,-45966.805,7.865347e-05,-2694.0908,0.0062573436,-80090.04,0.017029358,51854.484,-143836.77,-423280.8,189149.5,51356.38,168.78336,50.426964,174.04863,125.47498,35.16283,102.19291,42.074184,111.28386,1.6770124,156.15402,58.643936,0.0,46.447838,3.0718517,59.62794,26.60477,0.0,0.0,7.2259893,90.7118,213.03737,2.0,1.5956583,0.0,0.0,1.0,0.0,1.0,1.0,0.0,0.0,0.0,1.0,1.0,1.0,0.0,0.0,1.0,0.0,0.0,0.0,0.0,0.0,0.0,0.0,0.0,0.0,0.0,0.0,0.0,0.0,0.0,1.0,0.0,0.0,0.0,0.0,1.0,0.0,0.0,0.0,0.0,1.0,0.0,0.0,0.0,0.0,0.0,0.0,0.0,0.0,0.0,0.0,2587.1804,138.82655,67.86113,1.7161483,5.246022,24.034876,0.577853,-2.015407,21.259956,6.91781,8.905537,10.962016,3.6065001,5.236122,6.4436436,57.992702,244.32893,134.38365,123.91559,39.551872,73.148155,1.3319907,1.3530246,2.2500234,2.3392022,1.5549839,-4.3161287,914.4666,5.2665324,5.6259065,0.0,1.0,0.0,0.0,0.0,0.0,1.0
64.1972,5.21386,45.108658,13.7735405,6.9475675,1.7609622,0.14060289,0.2249193,0.055809777,0.10324328,34802.66,0.0092457505,2869.949,0.02198212,65702.83,-0.012345537,33558.28,-218485.64,-492853.03,69172.52,29870.215,84.48249,33.988323,92.907104,55.61898,23.357056,6.012977,17.176956,47.415253,-1.2324569,165.37457,99.81647,0.0,18.819893,-1.4490459,56.752605,37.932804,1.0,0.0,16.545795,178.10048,66.07062,1.0,2.1239781,1.0,0.0,0.0,0.0,1.0,1.0,1.0,1.0,0.0,1.0,0.0,1.0,0.0,0.0,1.0,0.0,1.0,0.0,0.0,0.0,0.0,0.0,0.0,0.0,0.0,0.0,0.0,1.0,0.0,1.0,1.0,0.0,0.0,0.0,0.0,0.0,0.0,0.0,0.0,1.0,0.0,0.0,0.0,0.0,0.0,0.0,0.0,0.0,0.0,0.0,-1288.6232,114.98799,72.73305,2.600722,3.3125882,21.849226,2.355756,3.0518587,19.281536,10.805123,0.27217937,-6.054053,2.9022539,4.0463815,2.60694,48.405025,85.13845,51.0479,44.028126,20.85816,23.718197,0.84348875,0.9934464,1.9007975,1.4067862,0.6795888,331.97507,-89.672714,3.8478146,1.5353962,0.0,0.0,1.0,0.0,0.0,1.0,0.0
76.114685,-1.9908142,36.79339,16.098145,3.110935,1.3224612,0.20807205,0.15674712,0.08373139,0.12515566,15414.346,0.009351658,5513.8335,0.050526068,47068.43,-0.001570751,85868.11,-84618.15,-1202231.1,341033.38,77062.93,57.78015,41.096367,102.19811,-1.8744969,17.100296,35.63723,-24.07403,1.7623203,4.0435853,159.003,68.46807,0.0,-36.560234,-1.4090294,71.31096,28.901068,1.0,0.0,12.751853,146.06151,26.132772,2.0,1.7273436,1.0,0.0,1.0,0.0,0.0,0.0,0.0,1.0,0.0,0.0,0.0,1.0,0.0,0.0,0.0,0.0,0.0,0.0,0.0,0.0,0.0,0.0,0.0,0.0,0.0,0.0,0.0,0.0,0.0,1.0,0.0,1.0,0.0,0.0,0.0,0.0,0.0,0.0,0.0,0.0,1.0,0.0,0.0,0.0,0.0,0.0,0.0,0.0,0.0,0.0,-54.38186,159.49774,78.80394,8.205782,7.9419823,43.465897,8.585684,7.6308618,40.472054,20.514315,12.803368,13.810847,2.346196,3.972515,5.3964586,60.81618,54.928524,-0.2379735,67.65101,14.353022,48.357166,0.569578,0.76766473,2.209423,1.7862904,0.14098834,261.3928,521.79724,2.8283777,1.9156932,0.0,1.0,0.0,0.0,0.0,1.0,0.0
75.86997,3.960294,43.83752,5.8105316,5.430394,0.42617923,0.021628805,0.16713077,0.07141294,0.022802286,8621.826,-0.0047392687,2086.768,0.012694609,56583.223,-0.026709482,90159.19,-190890.47,-928522.75,204469.58,72099.97,119.20098,59.154655,194.75533,69.697556,36.783794,123.52457,37.631145,87.00819,3.081256,173.85464,57.229267,1.0,44.14816,2.1306868,51.497208,19.83518,1.0,0.0,14.681732,58.112198,111.16492,2.0,1.6892554,1.0,0.0,0.0,0.0,0.0,0.0,0.0,1.0,0.0,1.0,0.0,1.0,0.0,0.0,0.0,0.0,0.0,0.0,0.0,0.0,0.0,0.0,0.0,0.0,0.0,0.0,0.0,0.0,1.0,1.0,0.0,0.0,1.0,0.0,0.0,0.0,0.0,0.0,0.0,0.0,0.0,0.0,0.0,0.0,0.0,0.0,0.0,1.0,0.0,0.0,1472.4009,101.10845,67.4821,4.359012,8.762233,45.808983,7.2911344,0.33732176,44.68228,17.229664,5.5258107,7.32256,3.4312513,5.1751313,4.6738267,48.572838,171.18178,93.23904,224.85121,148.21573,26.450542,0.8887991,1.029682,1.6729813,1.4995036,1.1194352,277.4675,326.68,4.6361914,-0.89533323,1.0,0.0,1.0,0.0,0.0,1.0,0.0
75.217,2.0101516,41.99384,8.3506365,3.6114674,1.2003204,0.14822024,0.07543592,-0.0019017896,0.040091287,-11150.743,0.0049067014,93.953735,0.022044776,-38068.688,0.001903068,76150.98,59044.527,-825138.4,244638.19,58668.31,93.983734,38.672527,111.35644,50.11281,21.19761,38.192314,18.994452,63.031254,-3.0923188,154.03593,64.70171,0.0,13.967002,0.056555443,69.558136,28.84135,1.0,0.0,10.57333,161.3594,139.87448,0.0,1.6672063,0.0,0.0,1.0,0.0,1.0,1.0,1.0,1.0,1.0,1.0,0.0,1.0,0.0,0.0,0.0,0.0,0.0,1.0,0.0,0.0,0.0,0.0,1.0,0.0,0.0,0.0,0.0,0.0,1.0,0.0,0.0,0.0,1.0,0.0,0.0,1.0,0.0,0.0,0.0,0.0,0.0,0.0,0.0,0.0,0.0,0.0,0.0,0.0,0.0,0.0,441.3972,139.41345,73.691414,1.9069508,2.2968202,23.630732,1.0779829,1.4018987,19.803635,9.685023,7.8212748,10.941986,3.071926,4.646841,5.1481333,54.49101,96.059525,24.51793,67.11927,10.667857,67.48906,0.7830998,1.036954,2.7901354,1.5908829,1.300956,131.49228,545.2414,4.100522,2.2955081,0.0,1.0,0.0,0.0,0.0,1.0,0.0
37.798466,-3.875778,77.8163,30.8276,6.976675,0.2635837,0.054903757,-0.4257687,-0.010061644,0.020595636,51288.047,-0.0046341913,20769.547,0.03254518,343880.2,-0.11988976,115667.82,-823311.9,-3255600.8,547078.2,66337.516,165.11403,124.88218,147.6576,131.10503,98.95001,11.824656,26.80052,128.8732,1.9327799,178.31598,132.63806,0.0,27.20263,2.5048206,78.88174,44.815567,1.0,0.0,8.520967,199.37933,62.959106,2.0,2.537523,0.0,0.0,0.0,0.0,1.0,1.0,1.0,0.0,0.0,1.0,0.0,0.0,0.0,0.0,1.0,0.0,1.0,1.0,0.0,0.0,0.0,0.0,1.0,0.0,0.0,0.0,1.0,0.0,0.0,1.0,1.0,1.0,0.0,0.0,0.0,0.0,0.0,0.0,0.0,1.0,1.0,0.0,0.0,0.0,0.0,0.0,0.0,0.0,0.0,0.0,-1050.8584,182.12558,84.718704,-2.6218336,-1.1765064,-7.5910974,-4.884741,-3.6144338,-13.153546,-7.8512845,-3.1910224,-5.3280334,4.307411,6.6390543,10.768193,71.963036,327.12665,139.87468,139.49147,-15.825561,138.10411,1.3524073,2.1209495,4.568314,2.1377017,-1.2748246,-423.0004,-8.186329,5.8536167,-1.6506063,0.0,0.0,0.0,0.0,1.0,0.0,0.0
67.07658,-2.5368242,52.351223,25.094757,5.0607204,-0.24418509,0.04992006,-0.040583782,-0.021682609,0.040981267,76979.586,-0.018818747,8049.0845,-0.024814015,179713.3,-0.1252055,152616.95,-270469.72,-2880863.0,135946.47,30747.28,212.7032,89.13693,145.67989,180.40633,73.381294,84.85805,79.51666,143.08818,-4.7498307,165.72337,149.20047,0.0,90.438644,-2.6602933,18.302294,55.145836,1.0,1.0,12.828062,104.39171,166.9677,1.0,2.6426544,1.0,0.0,0.0,0.0,0.0,0.0,0.0,1.0,0.0,1.0,0.0,0.0,0.0,0.0,1.0,0.0,0.0,0.0,0.0,1.0,0.0,0.0,0.0,0.0,0.0,0.0,0.0,0.0,1.0,1.0,0.0,0.0,0.0,0.0,0.0,1.0,0.0,1.0,0.0,0.0,0.0,0.0,0.0,0.0,0.0,0.0,0.0,0.0,0.0,0.0,1191.8378,150.65504,77.23449,1.5563827,-1.788419,46.213142,3.7347534,-1.122736,44.76623,25.544601,18.98759,21.440819,5.716212,7.065592,7.979899,49.735405,366.23453,265.5335,85.9888,26.05917,47.037514,1.139185,1.3675604,0.6089141,-1.1419089,1.6597705,248.21552,1284.0844,5.494242,2.4903023,0.0,0.0,1.0,0.0,0.0,0.0,1.0
38.378784,3.1467159,50.923534,-2.1242833,3.7106798,0.20681323,0.117949955,0.25583515,0.23368292,0.16222535,42144.688,-0.0058771707,8825.187,-0.016160192,144280.86,0.038792063,90766.29,-234801.12,-575558.8,418698.53,190687.08,84.11299,71.28015,150.02066,14.364009,39.92489,33.060963,84.55408,169.60822,3.2654226,177.7108,101.01759,0.0,95.561134,0.08319479,55.860916,34.52623,0.0,0.0,14.212666,47.77396,-80.56213,2.0,2.1828146,0.0,0.0,0.0,0.0,0.0,0.0,0.0,0.0,0.0,0.0,0.0,0.0,0.0,0.0,0.0,0.0,0.0,0.0,0.0,1.0,1.0,0.0,0.0,0.0,0.0,0.0,0.0,0.0,0.0,0.0,0.0,1.0,0.0,0.0,0.0,0.0,0.0,0.0,0.0,0.0,1.0,0.0,0.0,0.0,0.0,0.0,0.0,0.0,1.0,0.0,-1401.569,136.74063,71.88639,2.2591157,5.5285845,80.3986,4.199262,3.2194252,73.51907,26.251863,19.796501,23.853825,2.749462,5.4177947,7.3569965,88.36677,140.01341,36.19425,134.92145,48.595505,106.78381,0.66226274,1.2106847,1.9561068,0.115097046,2.0469673,510.2806,841.02325,5.802521,2.3821354,0.0,1.0,0.0,1.0,1.0,0.0,0.0
45.499363,-4.8180676,3.6320138,12.707411,-1.3058723,2.5781884,0.2269133,0.24650961,0.14525108,0.16747846,29888.104,-0.012268573,1739.111,0.055965886,141156.75,0.057586357,61136.656,-514126.6,-2883454.5,93025.66,-20775.334,147.11578,39.913525,83.942406,102.14207,30.029871,68.70519,62.992287,116.39737,20.274866,139.5756,57.06743,0.0,64.579254,-9.327876,96.40116,30.969902,0.0,0.0,15.392301,153.89125,56.35081,1.0,1.462053,1.0,0.0,0.0,0.0,1.0,1.0,0.0,1.0,0.0,1.0,1.0,0.0,0.0,0.0,0.0,0.0,0.0,0.0,0.0,0.0,1.0,0.0,0.0,0.0,0.0,0.0,0.0,0.0,0.0,0.0,0.0,1.0,0.0,0.0,0.0,1.0,1.0,1.0,0.0,0.0,1.0,0.0,0.0,0.0,0.0,0.0,0.0,0.0,0.0,0.0,56.530174,164.12262,84.5686,16.811035,20.162968,54.289543,19.903318,16.770864,54.232544,30.221855,32.699623,38.51922,4.554606,6.2001185,0.33532956,39.80949,205.77774,131.75685,-70.205315,-92.93939,72.08564,0.82168126,1.2810963,4.2647076,1.0948864,-0.370345,318.96036,1187.0815,5.668889,0.4592517,1.0,0.0,1.0,0.0,1.0,0.0,0.0
44.015526,-8.949309,34.92017,17.994122,1.2822975,2.1420949,0.07471361,0.2867423,-0.0034990571,0.086247414,46357.645,-0.036854923,1675.4669,-0.065507226,164066.03,-0.06246927,-2100.4336,-125246.55,-1448079.5,18048.006,19757.715,307.83,95.49815,217.18007,321.11734,103.467285,148.2915,133.26042,240.10628,1.7901902,147.55127,95.90154,0.0,153.47789,-6.382936,26.357533,42.693092,1.0,0.0,15.8335085,50.349846,-117.15283,1.0,1.9321547,1.0,0.0,0.0,0.0,1.0,1.0,0.0,1.0,0.0,1.0,0.0,0.0,0.0,0.0,0.0,0.0,0.0,1.0,0.0,1.0,1.0,0.0,0.0,0.0,0.0,0.0,1.0,0.0,0.0,0.0,0.0,0.0,0.0,0.0,0.0,1.0,0.0,1.0,0.0,0.0,1.0,0.0,0.0,0.0,0.0,0.0,0.0,0.0,0.0,0.0,2898.3228,224.56306,140.79993,4.2671194,7.976514,64.324554,7.200341,0.9114747,67.44362,37.451687,31.200588,39.993893,6.579135,8.241813,2.4746232,40.2187,520.5782,379.27466,79.48782,38.77722,62.020657,1.8863157,2.598053,4.7233906,0.4015063,3.1527488,520.30286,1954.8478,7.34976,2.4839869,0.0,0.0,1.0,0.0,0.0,0.0,1.0
85.14564,1.2638481,35.994896,8.554066,3.0716007,1.1354313,0.13310437,0.048494074,0.04049516,0.12059178,7753.0527,0.0062833354,-1121.9629,0.021866037,39397.527,0.07944752,11535.085,-259357.98,-2508070.0,107362.86,-3742.1768,128.49092,58.345154,136.87317,44.149723,22.296211,86.8134,35.17902,64.69227,-1.336371,154.61066,44.92626,0.0,35.99756,-3.8315814,39.44675,21.395134,1.0,0.0,9.1590395,127.248375,45.054234,2.0,1.4140049,1.0,0.0,0.0,1.0,0.0,0.0,0.0,1.0,0.0,1.0,1.0,1.0,0.0,0.0,0.0,0.0,0.0,0.0,0.0,1.0,1.0,0.0,1.0,0.0,0.0,0.0,0.0,0.0,1.0,0.0,0.0,0.0,0.0,0.0,0.0,1.0,0.0,1.0,0.0,0.0,0.0,1.0,0.0,0.0,0.0,0.0,0.0,0.0,0.0,0.0,2246.5625,105.81102,60.48401,2.5479977,2.1954868,24.780916,2.9423673,4.314123,22.300257,13.031813,12.595514,16.220646,5.311545,6.2661433,5.0867734,23.45354,219.84148,171.37135,70.72632,53.883965,37.32793,0.53945595,0.62327385,2.828824,1.5630946,1.0171732,152.079,496.44797,3.2560287,4.243317,0.0,0.0,1.0,0.0,0.0,0.0,1.0
49.02555,6.069813,38.091595,5.0770464,4.6068563,1.1353453,0.18207413,0.2197258,0.089814626,0.066658996,63895.18,0.0038025656,5557.8936,0.028671008,168582.9,-0.021324463,203887.97,-191838.72,291031.06,242728.7,76801.125,85.013084,18.876942,194.05417,73.76029,21.421339,118.95754,16.078072,73.804405,11.22569,165.32933,135.39482,0.0,13.051611,2.3203743,55.631702,48.99509,0.0,0.0,9.772501,105.61575,623.37354,2.0,2.5273948,0.0,0.0,0.0,0.0,0.0,0.0,1.0,1.0,0.0,1.0,1.0,0.0,0.0,1.0,0.0,0.0,0.0,1.0,0.0,0.0,0.0,0.0,1.0,0.0,0.0,0.0,0.0,0.0,0.0,0.0,0.0,0.0,0.0,0.0,0.0,1.0,0.0,0.0,0.0,0.0,0.0,0.0,0.0,0.0,0.0,0.0,0.0,0.0,0.0,0.0,181.56593,157.6044,67.56512,15.945434,16.065403,53.021812,18.092505,9.139215,48.543087,23.622992,11.172757,15.365563,1.0436338,3.2721179,7.7494254,83.86531,47.742092,-50.348045,201.39409,98.15772,72.32201,1.0018847,1.183146,-0.2336098,1.232369,1.0001624,316.05145,1014.36346,5.1840906,1.3946862,0.0,1.0,0.0,1.0,0.0,0.0,1.0
54.479565,5.484868,34.522808,3.9571693,1.5171524,-1.7279019,0.06643858,-0.45797756,-0.057653196,0.04652457,18010.365,0.00845067,18206.623,-0.022462167,220085.08,-0.016101494,181737.1,85330.41,-1107464.2,279826.84,162296.9,222.48291,126.964035,152.6578,240.5913,120.93819,29.280262,38.025227,138.16286,-0.2225384,174.86716,103.7187,0.0,41.454056,4.145735,64.018524,37.101494,1.0,1.0,2.8663132,88.96076,83.37521,1.0,2.197205,1.0,0.0,0.0,0.0,0.0,1.0,0.0,0.0,0.0,1.0,0.0,0.0,1.0,0.0,1.0,0.0,0.0,1.0,0.0,0.0,0.0,0.0,0.0,0.0,0.0,0.0,0.0,0.0,1.0,0.0,0.0,1.0,0.0,0.0,0.0,1.0,0.0,0.0,0.0,0.0,1.0,0.0,0.0,0.0,0.0,0.0,0.0,0.0,0.0,0.0,1102.3761,116.127625,35.868347,-4.6389775,-1.324269,28.732582,-3.8685212,-3.7673864,17.630314,9.519341,21.432852,27.119522,4.104945,6.227404,12.158602,86.76093,377.83865,196.94307,113.48567,-24.478373,127.539154,1.9780794,2.8117392,3.4932084,-0.9984739,2.3422618,-353.8785,2067.8672,6.121368,4.485556,0.0,1.0,0.0,0.0,1.0,0.0,0.0
94.13869,8.192418,18.917086,9.782905,4.0518622,0.22040349,0.012202197,0.16069384,0.025837643,0.054751106,61889.51,0.009133612,3282.0566,0.0017931802,85336.24,0.04447055,126794.0,234958.8,958355.94,199468.5,50466.973,148.727,79.79914,239.96536,54.57137,39.530235,175.10123,6.6454487,40.924892,14.601556,186.62323,145.10027,1.0,6.4981575,1.8183905,18.46505,43.694107,1.0,0.0,16.884157,137.71516,30.114983,1.0,2.7454588,1.0,0.0,0.0,0.0,0.0,1.0,0.0,1.0,1.0,1.0,0.0,1.0,0.0,1.0,0.0,0.0,0.0,0.0,0.0,0.0,1.0,0.0,1.0,0.0,0.0,0.0,0.0,1.0,1.0,0.0,0.0,0.0,0.0,0.0,0.0,0.0,0.0,0.0,0.0,0.0,0.0,0.0,0.0,0.0,0.0,0.0,0.0,0.0,0.0,0.0,-875.10706,80.10987,65.30165,18.464441,21.237713,48.022625,20.851896,14.652142,46.77294,32.6661,19.525341,17.443634,4.689726,5.978931,6.3119903,34.324814,286.0505,228.74951,262.48303,185.35382,5.6802173,0.5598389,0.5309093,0.9261044,1.6199317,1.45453,354.602,-77.07528,3.4345381,4.3926973,0.0,0.0,1.0,0.0,0.0,0.0,1.0
68.68851,12.23244,24.732508,-1.0541128,3.8696418,1.1505252,0.15284148,0.13980776,0.06217171,0.12623516,33835.516,0.011907939,471.8849,0.02939551,-28488.438,0.08830148,94631.55,115758.08,791549.94,249420.34,75663.19,95.96482,34.706886,131.54541,18.053713,7.025077,61.524117,11.12365,60.072987,16.713861,172.6838,166.43019,0.0,6.6636615,-0.49062407,53.542194,57.130367,0.0,0.0,13.417682,71.77003,174.14738,2.0,2.88971,1.0,0.0,0.0,0.0,0.0,0.0,0.0,0.0,0.0,0.0,0.0,1.0,1.0,1.0,0.0,0.0,0.0,0.0,0.0,1.0,0.0,0.0,0.0,0.0,0.0,0.0,0.0,0.0,0.0,1.0,0.0,0.0,1.0,0.0,0.0,0.0,0.0,0.0,0.0,0.0,1.0,0.0,0.0,0.0,0.0,0.0,0.0,0.0,0.0,0.0,-850.47186,122.15962,66.79153,18.655716,19.25135,41.456837,17.715084,18.076748,37.14901,20.503933,20.761187,22.056734,3.4394865,5.1524153,7.035694,54.635773,116.34221,37.477634,76.68512,6.1490755,78.16593,0.5359998,0.59330785,1.8633553,0.7310673,-0.11804471,27.981857,343.9228,3.8923767,5.38273,0.0,1.0,1.0,0.0,0.0,0.0,1.0
70.54082,-0.97337335,26.890379,12.779771,1.187799,1.3944312,0.28332913,0.16659172,0.13192476,0.2644516,17340.123,0.0010359493,9064.129,0.008729045,116492.03,0.10009796,-9014.58,122737.25,-1437306.9,198271.73,39343.215,75.665794,47.800423,60.887245,39.692326,30.546513,32.811283,38.633198,75.73198,7.1362233,145.87715,63.215504,0.0,37.20278,-1.558312,76.04026,32.995777,1.0,0.0,12.523897,187.71373,-122.006805,1.0,1.6127172,0.0,0.0,1.0,0.0,0.0,0.0,0.0,0.0,0.0,0.0,0.0,1.0,0.0,0.0,0.0,0.0,0.0,0.0,0.0,0.0,0.0,0.0,0.0,0.0,0.0,0.0,0.0,0.0,0.0,0.0,0.0,1.0,0.0,0.0,1.0,0.0,0.0,1.0,0.0,1.0,1.0,0.0,0.0,0.0,0.0,0.0,0.0,0.0,0.0,0.0,393.08774,134.18634,62.32109,9.068058,11.33967,45.01791,7.5791073,7.251696,45.152813,23.185822,24.870327,26.88877,3.1601853,4.68266,3.2405658,50.803627,85.71382,53.815132,-63.132572,-72.48027,43.01384,0.8585064,1.2691637,2.4660468,2.0606942,2.2870517,255.97626,870.7003,4.4962487,0.8368002,0.0,0.0,0.0,0.0,0.0,0.0,1.0
70.3924,4.6598287,53.56791,7.5263486,6.340773,1.5189122,0.109999865,0.023492228,0.012054292,0.0852532,14790.866,0.0069818203,2319.884,0.017817846,46519.215,-0.014739162,83838.32,-64527.4,222986.78,228154.23,42971.316,101.1758,37.37759,82.08025,56.99641,21.76548,-10.639245,21.621952,57.03409,2.6036177,172.65956,75.13312,0.0,22.487637,4.2568436,63.041992,26.12004,0.0,0.0,11.202245,85.25838,129.79674,2.0,1.8734553,1.0,0.0,0.0,0.0,0.0,1.0,0.0,0.0,0.0,1.0,0.0,0.0,0.0,0.0,0.0,0.0,0.0,0.0,0.0,1.0,0.0,0.0,0.0,0.0,0.0,0.0,0.0,0.0,1.0,0.0,0.0,1.0,1.0,0.0,1.0,1.0,0.0,0.0,0.0,0.0,1.0,0.0,0.0,0.0,0.0,0.0,0.0,0.0,0.0,0.0,178.54997,142.57724,85.44036,3.7814624,4.224215,12.434431,1.8759341,1.2547772,9.536875,2.4543018,4.3346376,3.0748677,3.7989993,5.269168,5.054098,46.91846,113.99125,58.58926,45.990326,-15.645197,70.84935,0.84482276,0.82065976,0.578831,0.14312863,0.12779973,115.58923,471.90518,4.1651053,1.7390345,1.0,1.0,0.0,0.0,0.0,1.0,0.0
65.948494,1.583464,16.7588,4.9820247,0.36393815,0.044905186,0.17625836,0.09342221,0.067346334,0.0700601,40215.86,-0.005155464,7517.1753,0.018385485,175844.48,0.03932173,62149.426,42654.707,-2738847.5,141250.42,16102.523,98.39926,40.224537,113.033325,63.16297,25.21127,85.76263,70.8841,129.53664,-0.60486627,137.96013,57.802208,0.0,74.27669,-4.2034044,79.402336,33.249245,1.0,0.0,9.360989,196.92477,39.18316,1.0,1.4810134,1.0,0.0,0.0,0.0,0.0,1.0,0.0,1.0,0.0,1.0,1.0,0.0,0.0,0.0,0.0,0.0,0.0,1.0,0.0,0.0,0.0,0.0,0.0,0.0,0.0,0.0,0.0,0.0,1.0,1.0,1.0,1.0,0.0,0.0,0.0,1.0,0.0,0.0,0.0,0.0,0.0,0.0,0.0,0.0,0.0,0.0,0.0,0.0,0.0,0.0,1092.7019,113.22346,41.74221,4.5067487,5.8738513,52.12786,5.1683083,3.3329167,48.59717,22.605488,22.45358,28.073067,2.5751405,4.34397,5.1963143,68.33054,98.20765,6.342853,36.361458,-22.823978,83.399506,0.82374316,1.3356377,3.3777218,0.45608005,1.7423042,159.85388,1385.1742,5.075649,1.4354302,0.0,0.0,1.0,0.0,0.0,0.0,1.0
85.04773,-4.577148,51.691547,15.094117,3.5025377,1.74853,0.074407086,0.054781806,0.01206593,0.040297464,54292.562,-0.026392112,13561.251,-0.0060199373,273303.78,-0.013280085,214899.69,67903.62,-2352629.5,223941.1,-4378.72,161.27586,58.113724,26.669664,191.48831,71.41277,6.375649,85.59912,119.075455,-3.1566148,164.42447,36.97415,1.0,101.79795,5.770403,63.64203,17.659605,0.0,0.0,10.038797,113.1201,36.011856,1.0,1.3895047,1.0,0.0,1.0,0.0,1.0,0.0,0.0,1.0,0.0,1.0,0.0,1.0,0.0,0.0,1.0,0.0,1.0,0.0,0.0,0.0,0.0,0.0,0.0,0.0,0.0,0.0,0.0,0.0,1.0,1.0,0.0,1.0,0.0,0.0,0.0,1.0,0.0,0.0,0.0,0.0,1.0,0.0,0.0,0.0,0.0,0.0,0.0,0.0,0.0,0.0,2585.9224,181.4521,108.736565,0.5011095,1.8644885,29.809814,-0.96884745,-6.282423,31.204723,14.637955,20.53856,29.509123,4.09945,5.2024407,4.6496706,56.71946,184.6913,134.72891,-119.35282,-152.60028,85.849495,1.5039179,1.9610647,1.0420071,0.9575642,2.5016046,89.592964,1587.5446,5.642796,6.4303126,0.0,1.0,0.0,0.0,1.0,0.0,0.0
86.054405,8.376086,27.37929,3.6939933,3.7839305,0.7298002,0.05906274,0.09844726,-0.019903371,-0.014981731,15830.264,0.009495,404.96802,0.015355277,-23597.934,0.01948849,54501.727,225970.97,-115616.54,128323.87,53560.457,124.294914,53.429626,153.00203,61.307446,28.163431,81.25062,-4.003665,24.68902,3.3581836,164.95877,83.29742,0.0,-9.490335,0.64430475,34.10486,30.577261,1.0,0.0,12.004079,168.79585,77.823456,0.0,1.9273413,1.0,0.0,0.0,0.0,1.0,1.0,0.0,1.0,0.0,1.0,0.0,1.0,0.0,1.0,0.0,0.0,0.0,0.0,0.0,1.0,1.0,0.0,0.0,0.0,0.0,0.0,0.0,0.0,1.0,0.0,0.0,0.0,1.0,0.0,0.0,1.0,0.0,0.0,0.0,0.0,0.0,0.0,0.0,0.0,0.0,0.0,0.0,0.0,0.0,0.0,258.4277,85.60095,60.052933,7.814344,8.571689,22.66147,8.1166935,6.1953645,20.396458,15.257861,11.261131,11.258192,4.0342975,5.0407596,4.2885933,33.553078,184.9225,138.49695,123.97708,74.45397,43.53603,0.73092896,0.7316251,1.9178503,1.9143051,1.6084442,164.1241,26.009705,3.050116,2.2311835,1.0,0.0,1.0,0.0,0.0,0.0,1.0
70.34526,2.5050683,48.41422,7.6932373,4.4039426,1.3111176,0.160761,0.10530008,0.07724127,0.09119954,-7671.5996,0.0048641176,2041.3939,0.033898406,12274.763,0.013084434,58040.797,-91486.22,-1048571.56,212001.9,53618.863,98.130806,38.6525,124.72431,57.349228,21.993172,55.624004,26.325365,68.779465,2.2156339,165.43462,67.34358,0.0,27.18988,0.3987432,84.14985,26.972654,1.0,0.0,10.957147,160.7297,137.29619,2.0,1.7563335,1.0,0.0,1.0,0.0,1.0,1.0,1.0,1.0,0.0,0.0,0.0,1.0,0.0,0.0,1.0,0.0,0.0,0.0,0.0,0.0,0.0,0.0,0.0,0.0,0.0,0.0,0.0,0.0,0.0,1.0,1.0,0.0,1.0,0.0,0.0,0.0,0.0,0.0,0.0,1.0,1.0,0.0,0.0,0.0,0.0,0.0,0.0,1.0,0.0,0.0,483.517,143.12482,75.1911,3.8693712,5.862673,39.48926,3.7537155,2.2343419,35.32668,12.317695,9.662391,12.758609,3.087562,4.696601,5.061855,51.508514,107.2894,34.7957,89.620316,27.501495,48.833344,0.9011301,0.98333544,1.8512824,1.3478726,1.0229366,194.8052,734.08875,4.39111,4.061585,0.0,1.0,0.0,0.0,0.0,1.0,0.0
63.1344,5.593486,10.20843,5.8263173,1.8132095,0.2814427,0.13833095,-0.093502775,0.025625248,0.045050036,53227.29,0.015781967,7811.643,0.015027003,136705.6,0.043462284,219931.6,232440.97,-820514.75,189836.31,57605.64,125.70162,58.125618,86.17013,56.256336,29.346346,23.22959,19.462189,76.042915,5.6952057,144.14119,105.52909,0.0,10.470381,1.3541793,63.595474,46.32568,1.0,0.0,5.0978165,212.98128,345.49765,2.0,2.0373518,1.0,0.0,0.0,0.0,1.0,1.0,0.0,0.0,0.0,1.0,1.0,0.0,0.0,0.0,0.0,0.0,0.0,1.0,0.0,0.0,0.0,0.0,1.0,0.0,0.0,0.0,0.0,0.0,1.0,0.0,1.0,1.0,0.0,1.0,0.0,1.0,0.0,1.0,0.0,0.0,0.0,0.0,0.0,0.0,0.0,0.0,0.0,0.0,0.0,0.0,-258.56937,120.40457,48.430286,7.270437,7.807886,33.75054,7.527229,6.3036437,27.746502,14.68286,21.089542,26.203226,3.476753,4.897891,6.7305117,58.653664,186.21378,83.190735,5.020138,-72.128586,88.18994,0.7933306,1.0502491,3.7248945,0.87564486,2.0124607,-17.222855,1099.7614,4.749593,5.1787386,0.0,0.0,1.0,0.0,1.0,1.0,0.0
77.664375,0.1002792,36.819454,17.26667,-0.5408515,0.001052423,0.04672623,-0.2597534,-0.1155812,-0.055007275,-17873.088,-0.013330037,8353.014,0.034290977,84944.92,-0.06541154,105412.16,-182761.05,-1935063.9,458464.94,69716.97,214.6947,79.252365,209.7403,190.20888,69.74063,140.49048,0.18876521,88.66257,6.6662273,168.92354,102.39707,0.0,-4.2903113,-0.12653838,74.23552,36.53104,0.0,0.0,11.0640135,121.780556,-34.43416,0.0,2.1452296,0.0,0.0,0.0,0.0,1.0,1.0,0.0,1.0,0.0,1.0,0.0,1.0,0.0,0.0,0.0,0.0,0.0,1.0,0.0,0.0,0.0,0.0,0.0,0.0,0.0,0.0,1.0,0.0,1.0,0.0,0.0,0.0,0.0,0.0,1.0,1.0,0.0,1.0,0.0,1.0,1.0,0.0,0.0,0.0,0.0,0.0,0.0,0.0,0.0,0.0,244.17868,135.5953,66.44773,7.417622,10.024448,11.140571,8.370102,3.638248,11.97092,17.482843,28.349121,38.67777,3.621295,6.57632,7.289499,93.153656,359.66934,180.13531,191.24551,48.169163,123.79659,1.4003224,2.0938578,5.84743,3.1456523,0.9964567,-491.3333,368.0239,5.414894,-3.656949,0.0,1.0,0.0,0.0,1.0,0.0,0.0
69.6115,-0.707504,40.89284,10.788354,3.4418795,1.6939336,0.14176702,0.1928269,0.055890992,0.08826302,14294.969,0.0076513947,2700.2903,0.0027153015,2128.0295,0.074683316,-4919.124,-74829.84,-1644018.2,190952.08,59761.938,96.521355,54.610054,94.2722,61.373108,37.322346,28.158167,46.96518,99.19025,-4.3218317,146.91557,67.81245,0.0,50.497044,-1.6815262,46.856705,33.427235,1.0,0.0,14.331392,97.78519,-78.72334,2.0,1.6375244,0.0,0.0,0.0,1.0,1.0,1.0,1.0,0.0,1.0,1.0,0.0,1.0,0.0,0.0,0.0,1.0,0.0,1.0,0.0,1.0,0.0,0.0,1.0,0.0,0.0,0.0,1.0,0.0,1.0,0.0,0.0,0.0,0.0,0.0,0.0,0.0,0.0,1.0,0.0,1.0,1.0,0.0,0.0,0.0,0.0,0.0,0.0,0.0,0.0,0.0,1209.1324,151.73059,89.67762,0.45231596,0.5059801,37.160324,-0.573686,1.3633723,37.669678,17.125229,14.458865,17.619701,3.3099518,4.9114513,3.4129431,51.630783,124.4487,51.697857,16.305956,-11.504534,58.5996,0.9904967,1.3107927,4.410292,1.1442097,2.3389757,304.30536,590.23505,4.407103,2.8362958,0.0,0.0,1.0,0.0,0.0,0.0,1.0
73.07392,9.030327,32.88226,0.4297871,4.136302,1.3040572,0.15324871,0.16655627,0.048353184,0.06946529,6563.2007,0.013372778,3276.301,0.038898673,33695.55,0.059095964,3718.4282,61534.64,-832079.4,147277.92,17161.078,48.207375,22.534365,104.1602,-7.108329,1.2565031,51.855164,-12.834163,6.3664513,6.69614,167.48196,65.69535,0.0,-21.53884,0.28263783,74.51662,24.935747,1.0,0.0,12.718867,170.43594,2.6737564,2.0,1.7558681,1.0,0.0,0.0,0.0,0.0,0.0,0.0,0.0,0.0,1.0,0.0,1.0,0.0,0.0,0.0,0.0,0.0,0.0,0.0,0.0,0.0,0.0,0.0,0.0,0.0,0.0,0.0,1.0,1.0,0.0,0.0,1.0,1.0,0.0,0.0,1.0,0.0,0.0,0.0,0.0,1.0,0.0,0.0,0.0,0.0,0.0,0.0,0.0,0.0,0.0,-689.9695,86.765625,51.94658,9.294354,11.129678,23.074408,8.171103,7.5230865,20.2221,10.106394,8.174967,7.624402,2.3733687,3.870927,2.8900979,50.947235,18.417692,-13.565476,60.423428,17.319485,63.435986,0.5367803,0.59486145,1.6564146,2.038567,0.75028074,211.86829,1.9917487,2.8860958,1.6766074,0.0,1.0,0.0,0.0,0.0,0.0,1.0
63.359905,6.525984,33.00232,10.199203,4.7851815,1.1339582,0.163887,0.059055675,0.032454368,0.05261633,-16249.935,0.013122314,496.57776,0.038535506,-5107.442,0.017159194,171495.86,70586.86,-517486.6,152140.27,50197.23,142.07457,51.442204,114.355,86.03552,30.004158,36.4636,11.884936,40.24476,0.22033265,164.60983,65.86646,0.0,9.168547,5.356966,63.344654,25.220057,1.0,1.0,8.38067,92.225075,131.7754,1.0,1.7282447,0.0,0.0,0.0,0.0,0.0,1.0,0.0,1.0,1.0,1.0,1.0,1.0,0.0,0.0,1.0,0.0,0.0,0.0,0.0,0.0,0.0,0.0,1.0,0.0,0.0,0.0,0.0,0.0,1.0,0.0,0.0,1.0,0.0,0.0,0.0,1.0,0.0,1.0,0.0,0.0,1.0,0.0,0.0,0.0,0.0,0.0,0.0,0.0,0.0,0.0,490.52008,109.524345,51.257175,0.4495725,3.8536727,21.22657,0.7507918,-0.89905214,16.550678,6.941874,5.5247426,7.2485857,4.301479,5.5040574,5.3934994,48.18611,206.5546,137.28665,67.61236,2.6062696,62.83223,0.93836045,0.9778397,1.629909,1.8067703,0.92842484,60.736286,911.16284,3.884877,4.5958047,1.0,1.0,0.0,0.0,0.0,1.0,0.0
58.773342,0.6918592,43.01002,13.320786,2.9821002,0.70632476,0.1557731,-0.10291505,0.04565261,0.07915165,20963.018,0.0011004788,12103.69,0.051430706,161985.08,-0.026879394,93462.45,-122346.57,-2579711.0,259798.8,36406.355,93.50882,51.433792,57.362324,84.41768,46.053642,7.5571117,13.678357,65.47141,4.1008563,162.67224,79.46053,0.0,10.558909,-0.37289152,85.877914,31.716883,1.0,0.0,7.250467,231.9451,155.31606,2.0,1.881343,1.0,0.0,1.0,0.0,1.0,1.0,0.0,1.0,0.0,1.0,0.0,1.0,0.0,0.0,1.0,0.0,1.0,1.0,0.0,0.0,0.0,0.0,0.0,0.0,0.0,0.0,0.0,0.0,1.0,1.0,1.0,1.0,0.0,0.0,0.0,1.0,0.0,0.0,0.0,0.0,1.0,0.0,0.0,0.0,0.0,0.0,0.0,0.0,0.0,0.0,542.5077,153.19646,68.77731,5.0257,4.915456,24.385946,3.8676515,2.306948,20.259933,9.253299,15.977076,21.327087,2.6604123,4.3125978,5.954124,63.814335,91.10513,-12.760393,-25.590553,-109.85207,103.5865,1.0909203,1.4780092,2.962786,1.574065,0.035634205,-170.35345,658.3487,4.348366,0.42385885,0.0,0.0,1.0,0.0,1.0,0.0,0.0
64.73508,8.545674,43.413673,11.0291815,6.6572876,0.57336986,0.07505758,-0.017531257,-0.055351425,-0.013852266,-11540.19,0.014369652,713.7805,0.021077009,16290.782,-0.018530091,111290.11,-191363.5,856802.1,260608.5,62531.508,134.67433,40.719357,199.27737,77.662125,22.616,94.04408,7.365472,56.839783,8.874549,176.67938,125.85509,0.0,5.771656,5.590763,39.338093,41.257496,1.0,0.0,10.754647,137.06218,170.65445,0.0,2.4783764,1.0,0.0,0.0,0.0,0.0,1.0,0.0,0.0,0.0,1.0,1.0,0.0,0.0,0.0,0.0,0.0,0.0,0.0,0.0,1.0,0.0,0.0,1.0,0.0,0.0,0.0,0.0,0.0,1.0,0.0,0.0,0.0,0.0,0.0,0.0,0.0,0.0,0.0,0.0,0.0,0.0,0.0,0.0,0.0,0.0,0.0,0.0,0.0,0.0,0.0,-718.0968,121.32142,71.72117,10.977844,13.980384,13.448976,8.570489,5.46887,6.3452373,4.4037952,2.5661967,-1.2811922,3.3555093,5.0032744,7.4116187,60.20547,166.81554,74.700134,228.64557,127.36774,52.63427,0.7937828,0.81183946,2.2250578,2.493764,1.0447015,-89.03418,-17.938442,3.211384,4.9395046,0.0,0.0,1.0,0.0,0.0,0.0,1.0
77.193146,0.2155326,29.554007,6.5867577,2.1616828,1.4478772,0.12535001,0.082000226,0.062071763,0.094370574,-9443.267,0.008775053,2850.5806,0.019126292,21871.23,0.13768983,73066.01,53686.285,462907.88,293668.7,108835.88,152.08873,39.514523,113.899025,128.73457,33.01313,41.565742,37.823975,94.866974,7.7022824,151.12671,46.331524,0.0,38.413204,2.9137359,66.5076,24.360157,0.0,0.0,8.858379,65.10495,8.984967,2.0,1.4148723,1.0,0.0,0.0,0.0,0.0,1.0,0.0,0.0,0.0,0.0,0.0,0.0,0.0,0.0,0.0,0.0,0.0,1.0,0.0,0.0,0.0,1.0,0.0,0.0,0.0,0.0,0.0,0.0,1.0,0.0,0.0,0.0,0.0,0.0,0.0,0.0,0.0,0.0,1.0,1.0,1.0,0.0,0.0,0.0,0.0,0.0,0.0,0.0,0.0,0.0,839.0382,157.6242,91.99052,6.9849935,10.501552,39.455128,7.7363787,3.940185,40.575676,17.710352,17.887548,21.277851,3.5175815,5.4970274,4.717125,67.56824,208.26973,114.09331,49.25577,-17.81,73.14458,1.3160655,1.4450274,2.5841117,1.485749,1.9775062,80.33421,961.08673,5.051028,-0.13769999,0.0,1.0,0.0,0.0,0.0,1.0,0.0
61.72711,9.084146,34.65804,-14.061778,2.5690439,0.050076563,0.06603105,0.12263748,0.035913136,0.043161333,-37784.945,0.02021398,1668.2151,-0.016919257,-25802.402,0.08866139,-13658.7,243953.83,-557585.44,67719.88,109853.13,131.76538,45.008656,187.7127,122.76392,38.387577,112.30048,22.49155,87.11409,-1.6452115,168.79944,32.42977,0.0,22.514185,0.5100072,46.70172,13.58609,1.0,0.0,7.2216263,84.18225,-1.3591543,2.0,1.3805338,0.0,0.0,0.0,0.0,0.0,1.0,0.0,0.0,1.0,1.0,0.0,0.0,0.0,0.0,0.0,0.0,0.0,1.0,0.0,1.0,0.0,0.0,0.0,0.0,0.0,0.0,1.0,0.0,1.0,0.0,0.0,0.0,0.0,0.0,0.0,0.0,0.0,1.0,0.0,0.0,1.0,0.0,0.0,0.0,0.0,0.0,0.0,0.0,0.0,0.0,2187.5718,89.82727,52.138638,-0.73044175,3.1222765,49.315002,1.6546197,-3.3303962,41.59428,15.265483,13.424401,21.430952,2.6628296,4.4637136,4.993342,64.96647,155.86713,50.73986,165.45029,77.246506,96.73082,1.3237368,1.6008455,2.4741497,0.9982386,3.0064065,284.75677,1144.7086,4.476256,2.8709433,0.0,1.0,0.0,0.0,0.0,0.0,1.0
47.215763,1.0286692,35.71173,15.4099045,3.6139314,0.9043002,0.17814809,0.07164722,0.046915952,0.061570823,34725.477,-0.0042134537,5849.7363,0.018784486,112313.58,0.0018913302,118038.88,-377169.1,-2969068.5,203700.8,16084.566,135.40044,59.28807,117.60064,71.13973,35.5573,51.113655,36.85614,91.76807,0.38944772,148.56033,82.521034,0.0,32.54843,-4.3606753,63.44674,37.65778,1.0,0.0,13.730433,145.04955,147.36249,1.0,1.7986672,1.0,0.0,0.0,0.0,0.0,0.0,0.0,0.0,0.0,0.0,1.0,0.0,0.0,0.0,0.0,0.0,0.0,0.0,0.0,0.0,0.0,0.0,0.0,0.0,0.0,0.0,0.0,0.0,0.0,0.0,0.0,1.0,0.0,0.0,0.0,0.0,0.0,0.0,0.0,0.0,0.0,0.0,0.0,0.0,0.0,0.0,0.0,0.0,0.0,0.0,-925.17535,119.118866,50.447662,3.326192,4.09814,27.91921,2.7874002,1.9757457,22.758091,10.291726,9.032611,9.612026,4.3182397,5.782905,5.09776,48.6405,205.44832,119.74489,45.267204,-8.426019,84.40013,0.75469714,1.0494504,3.380119,0.77049863,0.9491117,162.45686,980.164,4.8620467,1.5448415,0.0,0.0,0.0,0.0,0.0,1.0,0.0
91.17344,1.348223,32.18123,16.092915,3.4734194,1.1697499,0.1102937,-0.05799168,-0.01799646,0.06453912,38466.145,0.012781281,3412.5127,0.015710697,42517.113,0.011289837,84640.03,152962.7,-404432.7,182670.75,26352.182,79.05704,39.92007,49.993176,21.943663,17.375334,-23.23542,5.268391,24.471117,1.7493654,156.52142,83.24143,0.0,-1.0540144,-0.29099756,40.131756,33.36665,1.0,0.0,11.880209,194.95157,155.67984,3.0,1.8850777,1.0,0.0,0.0,0.0,0.0,1.0,0.0,1.0,0.0,1.0,1.0,1.0,0.0,0.0,0.0,0.0,0.0,1.0,0.0,0.0,1.0,0.0,0.0,0.0,0.0,0.0,0.0,0.0,1.0,0.0,0.0,0.0,0.0,0.0,0.0,1.0,0.0,0.0,0.0,0.0,0.0,0.0,0.0,0.0,0.0,0.0,0.0,0.0,0.0,0.0,-65.31719,118.80971,73.45828,7.344548,5.5951586,9.58537,6.5880666,7.1888204,6.6705174,11.34538,14.89228,14.790076,3.3408532,4.4839144,4.2736425,36.398006,88.96999,64.016495,-16.892126,-37.70921,33.489708,0.59416157,0.64090186,1.3157177,0.6362674,1.780743,34.573627,-30.687836,2.878572,1.866369,0.0,0.0,1.0,0.0,0.0,1.0,0.0
79.180855,6.7947702,17.764965,-1.8244952,0.4767214,0.9182442,0.10687817,0.054382768,-0.012392117,-0.011415839,12449.435,0.00809592,2009.181,0.032123785,53700.72,0.03400879,55759.562,10278.933,1120423.4,108599.58,58582.516,132.01433,26.219843,164.94,127.03432,30.24959,90.329414,-17.264063,24.04827,11.168604,166.50189,54.39869,1.0,-24.168255,-1.4763876,77.884026,20.836485,1.0,0.0,11.997293,149.17957,59.421463,0.0,1.6232711,1.0,0.0,0.0,0.0,1.0,1.0,0.0,1.0,0.0,1.0,0.0,1.0,0.0,0.0,0.0,0.0,0.0,0.0,0.0,0.0,0.0,0.0,0.0,0.0,0.0,0.0,0.0,0.0,1.0,0.0,0.0,0.0,0.0,0.0,0.0,0.0,0.0,0.0,0.0,0.0,0.0,0.0,0.0,0.0,0.0,0.0,0.0,0.0,0.0,0.0,461.26135,106.97453,65.050316,13.859904,17.529572,31.931807,14.574649,10.124876,28.755417,18.273718,24.057978,28.629053,2.4659526,4.3591733,4.045137,62.13728,127.93946,42.793777,148.04129,67.9591,40.251045,1.125444,1.3935783,3.0334535,1.1431062,1.4083004,-14.69127,504.05423,3.9472196,3.692971,0.0,1.0,0.0,0.0,0.0,0.0,1.0
75.36126,8.893029,26.101175,-2.662595,3.1704266,0.67287046,0.089858115,0.23569083,0.042975154,0.046915725,5606.809,0.0003133956,-576.1951,0.007745852,-20922.334,0.08721525,109690.445,162123.34,723755.0,209823.5,91291.97,129.8779,28.60399,200.70268,90.13318,20.271303,150.8908,34.487217,96.30413,18.418575,173.37941,122.402534,0.0,38.767326,2.124684,59.993656,40.422646,0.0,0.0,10.943126,133.2767,265.19193,2.0,2.4189184,1.0,0.0,0.0,0.0,1.0,1.0,0.0,1.0,0.0,1.0,0.0,1.0,0.0,1.0,0.0,0.0,0.0,0.0,0.0,0.0,1.0,0.0,0.0,0.0,0.0,0.0,0.0,0.0,1.0,0.0,0.0,0.0,0.0,0.0,0.0,0.0,0.0,0.0,0.0,0.0,0.0,0.0,0.0,0.0,0.0,0.0,0.0,0.0,0.0,0.0,1217.8098,130.16388,75.831,19.095469,22.09417,59.02371,20.363672,13.344956,56.799343,29.86797,22.072695,23.2372,2.9261112,4.632619,6.193979,58.621784,143.41847,57.237877,188.93047,98.19811,63.47418,0.95425403,1.0601162,0.9995098,1.9459065,1.2490889,202.14273,848.7709,5.260391,4.009655,0.0,0.0,1.0,0.0,0.0,0.0,1.0
67.397064,-1.3450489,56.40022,18.653017,5.938254,1.9447575,0.15271127,0.16700739,0.019412128,0.035142086,-8328.499,-0.0009041448,5019.895,0.026780805,59760.67,-0.063329495,144103.94,-275449.16,-1561297.9,332496.62,66544.95,118.26409,33.872124,114.085785,82.477455,25.287683,23.444057,27.799232,60.653603,0.09006235,168.04546,67.70382,0.0,29.73436,3.2718637,65.34178,25.556385,1.0,1.0,12.506492,68.5506,59.51907,0.0,1.7542171,1.0,0.0,0.0,0.0,0.0,0.0,0.0,0.0,0.0,1.0,0.0,0.0,0.0,0.0,0.0,0.0,0.0,0.0,0.0,0.0,0.0,0.0,0.0,0.0,0.0,0.0,0.0,0.0,1.0,0.0,0.0,0.0,1.0,0.0,0.0,0.0,0.0,0.0,0.0,0.0,1.0,0.0,0.0,0.0,0.0,0.0,0.0,0.0,0.0,0.0,343.24002,188.69215,105.48677,3.267971,3.5674672,28.546135,1.9695501,-0.33368182,24.398972,10.397733,5.116984,4.906416,3.3484683,4.9211206,5.202459,56.591053,126.90012,66.326416,92.775696,30.967445,61.030624,0.94718206,1.0895244,2.197608,2.046229,0.8928637,186.92293,645.34344,3.989442,3.161432,0.0,1.0,0.0,0.0,0.0,1.0,0.0
52.156082,-0.16413924,45.212166,13.038275,4.9384627,1.2113234,0.10417132,0.01975728,0.02116458,0.0127377,3447.1272,-0.0069267447,-307.24957,0.034725405,30726.572,-0.052606598,102633.19,-484973.5,-1127243.8,208758.03,40747.848,131.9331,42.323242,94.86372,111.29079,38.243446,26.884027,37.942604,85.082794,4.2711353,152.0987,66.700294,0.0,38.62635,2.2139409,65.60602,30.109983,0.0,0.0,12.282153,111.65539,21.549408,1.0,1.6654289,1.0,0.0,0.0,0.0,1.0,1.0,0.0,1.0,0.0,1.0,0.0,1.0,0.0,0.0,0.0,0.0,1.0,0.0,0.0,1.0,1.0,0.0,0.0,0.0,1.0,0.0,0.0,0.0,1.0,0.0,0.0,1.0,0.0,0.0,1.0,1.0,0.0,1.0,0.0,0.0,1.0,0.0,0.0,0.0,0.0,0.0,0.0,0.0,1.0,0.0,466.94617,150.53873,82.03859,5.0118003,7.0065193,19.096071,4.6342354,1.3563836,16.522604,4.6980247,4.040336,4.9701405,3.673371,5.3001714,4.507936,56.52562,148.92395,74.50486,28.329054,-32.9233,84.074776,1.0725,1.3055011,1.2788153,1.2047026,-0.100346476,142.044,449.9633,4.2344785,2.6581798,0.0,0.0,1.0,0.0,0.0,1.0,0.0
77.392815,5.8444824,38.592274,4.2246156,3.380751,1.2530966,0.10886722,0.14273097,0.008499624,-0.016880782,4495.44,-0.0038660022,4599.308,0.007937573,50089.723,0.010269261,92775.76,320653.0,-1076380.6,165540.12,12917.973,161.55836,66.74374,157.4782,96.9271,41.434624,122.63362,33.148422,75.391014,10.970663,167.61263,68.04976,0.0,34.220997,2.9443967,69.873726,26.050493,0.0,0.0,11.317872,131.77327,25.33361,0.0,1.7883061,1.0,0.0,1.0,0.0,1.0,1.0,0.0,1.0,0.0,0.0,1.0,1.0,0.0,0.0,0.0,0.0,0.0,0.0,0.0,0.0,0.0,0.0,1.0,0.0,0.0,0.0,0.0,0.0,0.0,0.0,0.0,0.0,0.0,0.0,1.0,0.0,0.0,0.0,0.0,1.0,0.0,0.0,0.0,0.0,0.0,0.0,0.0,0.0,0.0,0.0,-90.60434,115.974106,74.12414,11.164259,15.48513,32.544907,11.811621,6.054924,31.539309,17.481846,16.95396,20.690655,5.19785,6.524546,3.2009284,27.16188,279.94064,216.45468,64.02649,10.611444,60.028927,0.7928448,0.8001284,2.4189386,3.0576138,1.9945365,105.1297,283.24866,4.3160167,-0.18309593,1.0,0.0,1.0,0.0,0.0,0.0,1.0
57.374866,5.2213006,59.003815,28.755924,7.7341065,-1.745317,-0.087076835,-0.14558257,-0.16294655,-0.19501068,136590.48,-0.025540432,19646.062,-0.06397171,410637.94,-0.2697116,230203.28,-185288.23,314399.25,232031.17,153408.97,285.44904,96.59281,259.0898,315.2459,111.99974,128.78883,90.988686,191.51279,1.3893144,187.55635,288.53534,1.0,106.95246,1.3216059,-19.943672,95.66093,1.0,1.0,13.749457,125.28182,287.4625,1.0,4.3234324,1.0,0.0,0.0,0.0,0.0,0.0,0.0,0.0,0.0,1.0,0.0,0.0,0.0,0.0,1.0,0.0,0.0,0.0,0.0,0.0,0.0,0.0,0.0,0.0,0.0,0.0,0.0,0.0,1.0,0.0,0.0,0.0,0.0,0.0,0.0,1.0,0.0,0.0,0.0,0.0,0.0,0.0,0.0,0.0,0.0,0.0,0.0,0.0,0.0,0.0,-1143.5466,179.61867,96.3064,8.799543,8.070902,57.198147,11.929923,2.3142576,50.09116,29.827412,19.729801,15.146773,4.802089,6.951477,13.815114,84.46784,439.78854,277.53488,288.55167,141.50572,43.03122,1.6698122,2.1523118,-0.7158556,-2.6237917,3.0949593,64.0666,1449.4565,6.7396984,2.1223018,0.0,1.0,0.0,0.0,0.0,1.0,0.0
61.706688,-5.345296,64.53571,27.217928,5.8775473,-0.5074199,0.072437026,-0.13736942,0.033523295,0.0028417797,96930.79,-0.023831045,8001.7993,-0.047234163,222479.2,-0.028160397,191628.77,-625011.94,-1822388.2,324171.4,116955.72,232.9448,84.54198,93.803215,181.49538,64.845146,0.7680981,149.93355,232.1502,-7.5800533,151.39864,148.43658,0.0,173.72664,0.9830661,32.6611,59.490616,1.0,1.0,9.355177,5.4274526,70.275604,2.0,2.544505,1.0,0.0,0.0,0.0,0.0,0.0,0.0,0.0,0.0,0.0,1.0,1.0,1.0,0.0,0.0,0.0,0.0,0.0,0.0,1.0,0.0,0.0,0.0,0.0,0.0,0.0,0.0,0.0,1.0,0.0,0.0,0.0,0.0,0.0,0.0,0.0,0.0,0.0,0.0,0.0,0.0,0.0,0.0,0.0,0.0,0.0,0.0,0.0,0.0,0.0,1199.9597,184.80035,88.140854,-2.91449,-4.8324904,43.867367,-1.5380408,-1.1888185,41.671635,16.358778,17.188906,22.321478,7.1374464,8.730811,11.262413,49.531025,405.09738,277.22742,4.926784,-36.542538,29.370428,1.0647465,1.3181963,1.5388403,-2.3108902,3.0325654,62.797157,1284.5675,6.189031,7.2947426,0.0,0.0,1.0,0.0,0.0,0.0,1.0
70.023285,5.474771,27.504477,11.406183,3.8539312,1.2193675,0.13240469,0.15196519,0.05284279,0.03734879,9610.542,0.0076113185,2368.1335,0.05134671,17884.023,0.00382717,63228.277,-258648.12,-837069.9,253627.31,68558.375,77.69505,28.650257,109.2866,28.042627,12.489895,46.312946,-17.959394,17.743595,8.502378,165.09598,107.91722,0.0,-27.346474,-0.75344485,55.870853,39.10772,1.0,0.0,12.714666,153.3759,141.87848,2.0,2.19428,0.0,0.0,1.0,0.0,0.0,1.0,0.0,1.0,1.0,1.0,0.0,0.0,0.0,0.0,0.0,0.0,0.0,0.0,0.0,1.0,0.0,0.0,0.0,0.0,0.0,0.0,0.0,0.0,1.0,0.0,0.0,0.0,0.0,0.0,0.0,1.0,0.0,0.0,0.0,1.0,1.0,0.0,0.0,0.0,0.0,0.0,0.0,0.0,0.0,0.0,-634.49475,122.48095,68.83517,10.692018,12.367878,30.867754,11.131831,10.286495,29.992876,16.849133,11.874299,11.562359,2.4954596,4.3541565,4.9030914,67.291725,70.68678,-6.9966908,76.72551,11.415646,66.18578,0.6619937,0.8794286,2.8592277,1.9231296,0.16332689,133.15005,173.74403,3.305009,1.4349029,1.0,0.0,0.0,0.0,0.0,1.0,0.0
51.147984,-1.4004532,54.838886,17.364798,3.9228048,1.2384241,0.1215336,0.0634933,0.014675712,0.0098298555,-10828.6045,-0.024264406,3706.5623,0.015075766,24043.24,-0.0584975,52303.395,-173087.31,-2375766.2,260905.06,21890.83,170.21315,65.35991,130.45547,161.28932,62.905933,87.02883,56.92098,130.92683,1.867948,158.17517,78.641106,0.0,61.854893,1.4014783,86.10032,33.115532,0.0,0.0,15.588203,137.6263,-93.03121,1.0,1.8444178,0.0,0.0,1.0,0.0,1.0,1.0,0.0,1.0,0.0,1.0,0.0,1.0,0.0,0.0,0.0,0.0,1.0,1.0,0.0,0.0,1.0,0.0,0.0,0.0,0.0,0.0,1.0,0.0,1.0,1.0,0.0,1.0,0.0,0.0,1.0,1.0,0.0,1.0,0.0,1.0,1.0,0.0,0.0,0.0,0.0,0.0,0.0,0.0,1.0,0.0,381.29227,155.18451,79.263336,2.7128127,6.0368032,21.509277,1.6612571,-2.2996893,22.98414,9.953246,11.786606,13.313559,3.5609615,5.5755343,3.7817726,72.37413,242.12354,138.39821,34.330894,-28.49142,87.8805,1.3515828,1.8929434,2.9474187,2.412509,1.0187993,80.86309,484.45108,5.796913,2.5925007,0.0,1.0,0.0,0.0,0.0,1.0,0.0
87.29831,7.998552,49.933918,9.300504,5.1365314,0.18448143,0.028280186,-0.15082753,-0.14661866,-0.051811207,17195.354,0.0118447365,5322.79,-0.008381693,87587.56,0.032074552,43042.43,265566.1,1041652.56,207257.88,75304.13,169.96193,50.874012,144.72943,147.35724,43.531193,49.656315,9.551733,55.793045,2.0410943,181.49019,111.04855,1.0,10.884568,4.182987,26.143768,35.26539,1.0,1.0,10.15202,129.64044,82.66768,0.0,2.3430262,1.0,0.0,0.0,0.0,0.0,0.0,0.0,0.0,1.0,0.0,0.0,0.0,0.0,0.0,0.0,0.0,0.0,0.0,0.0,1.0,0.0,0.0,0.0,0.0,0.0,0.0,0.0,0.0,0.0,0.0,0.0,0.0,0.0,0.0,0.0,1.0,0.0,0.0,0.0,0.0,0.0,0.0,0.0,0.0,0.0,0.0,0.0,0.0,0.0,0.0,-141.89703,117.88274,75.34142,6.6182666,7.8346496,3.837524,4.7729993,2.3040946,0.40415058,6.6038876,12.951436,12.236903,4.2165394,5.644266,7.821771,44.873375,235.00414,152.52147,113.49999,27.176416,56.87839,1.15215,1.2314785,0.66117144,0.96085465,2.604275,-148.32176,472.25696,3.9017255,2.8760488,0.0,1.0,0.0,0.0,0.0,0.0,1.0
32.15294,-0.39297208,47.67575,17.723738,2.1513982,1.1250113,0.19378513,0.041780785,0.103670575,0.093286246,36932.203,-0.03158942,18423.172,-0.0049547493,233232.98,-0.004864311,49995.793,-176228.6,-2348804.2,279951.6,52982.46,169.50024,61.87352,38.671722,166.8691,64.43049,-3.709799,101.8226,201.3864,10.213665,155.3867,151.44342,0.0,111.526276,-2.9973173,101.617256,60.823387,0.0,0.0,15.153269,166.89313,-177.46146,2.0,2.6369138,0.0,0.0,0.0,0.0,0.0,0.0,0.0,0.0,0.0,1.0,0.0,1.0,0.0,0.0,1.0,0.0,0.0,1.0,0.0,0.0,0.0,0.0,0.0,0.0,0.0,0.0,1.0,0.0,1.0,0.0,0.0,1.0,0.0,0.0,0.0,1.0,0.0,1.0,0.0,1.0,1.0,0.0,0.0,0.0,0.0,0.0,0.0,0.0,0.0,0.0,-1724.1412,173.78717,81.97239,7.841091,11.083203,39.48822,7.103183,5.7665243,37.780823,18.845278,30.771662,36.964764,4.062321,6.5179915,3.6177561,80.704094,248.724,117.42079,-133.43806,-189.1773,133.66124,1.394183,2.027182,4.049272,0.4154412,2.1954994,-109.94345,718.58435,7.4901776,2.4632335,0.0,1.0,0.0,0.0,0.0,1.0,0.0
79.41987,9.832776,21.013561,3.1944914,4.3297467,1.7711792,0.23059723,0.2918729,0.13808255,0.22110288,33908.406,0.013346223,1707.5604,0.04241101,95334.82,0.17181376,109777.99,-236933.8,299924.56,213696.02,49613.9,37.377296,1.1574608,68.62777,-41.561855,-23.789137,16.317533,45.39391,66.66339,10.608892,167.69786,122.61925,0.0,49.249943,1.2132301,54.474163,43.45194,1.0,0.0,12.9451885,150.26157,162.43622,1.0,2.367271,0.0,0.0,0.0,1.0,0.0,1.0,0.0,1.0,1.0,0.0,0.0,0.0,0.0,1.0,0.0,0.0,0.0,0.0,0.0,0.0,0.0,0.0,0.0,0.0,0.0,0.0,0.0,0.0,1.0,0.0,0.0,0.0,0.0,0.0,0.0,0.0,0.0,0.0,0.0,1.0,0.0,0.0,0.0,0.0,0.0,0.0,0.0,0.0,0.0,0.0,-742.1703,101.41462,55.311916,11.442939,13.671154,39.336483,10.534931,13.645271,39.01687,21.591991,12.975945,10.031438,2.5769088,4.2504926,6.0799856,69.560455,-12.666047,-35.79004,-0.111858666,-21.699785,44.86423,0.33531615,0.29005337,0.8914652,0.92806363,0.7818242,280.62143,755.7903,3.672271,5.783657,0.0,0.0,0.0,0.0,0.0,0.0,1.0
71.94352,8.636421,30.954214,3.7516522,4.3915544,-0.48619062,0.0776238,0.055597693,-0.0049202316,-0.060250305,11358.246,0.0074911793,5395.167,0.022979066,29446.01,-0.043121044,100162.086,17647.527,-774267.5,248621.8,103641.586,72.254585,37.438114,151.19348,47.3886,28.03571,92.517654,-19.46946,21.010231,8.984991,162.39766,88.17258,0.0,-30.032091,2.6068187,45.462727,34.228264,0.0,0.0,11.63356,146.6071,133.00958,1.0,1.9789253,0.0,0.0,1.0,0.0,0.0,1.0,0.0,1.0,0.0,1.0,0.0,0.0,0.0,0.0,0.0,0.0,0.0,0.0,0.0,0.0,0.0,0.0,0.0,0.0,0.0,0.0,0.0,0.0,0.0,0.0,0.0,0.0,0.0,0.0,0.0,0.0,0.0,0.0,0.0,0.0,0.0,0.0,0.0,0.0,0.0,0.0,0.0,0.0,0.0,0.0,-203.24814,85.3842,42.61586,11.214725,13.6551485,37.61886,11.634036,6.5680676,32.837204,16.354008,10.232966,8.146033,1.323529,3.3166194,6.2396235,72.24252,36.38315,-39.69806,145.97266,58.08909,64.91913,0.8279622,1.2043133,1.2148516,1.7709508,1.4067078,181.50488,227.73227,3.424459,-0.074437484,0.0,1.0,0.0,0.0,0.0,1.0,0.0
81.6147,5.3084054,43.582638,5.6384387,4.232023,1.0912454,0.12917897,0.20488818,0.09731918,0.063763745,11616.312,0.0006452666,1340.4314,0.024515491,15534.675,0.045657765,100851.086,-277659.28,-1635784.2,235636.3,86159.93,68.19001,9.014102,95.34203,39.420788,4.1261864,35.437885,54.18239,93.08036,-0.8193773,161.21655,98.971565,0.0,61.42287,0.12050891,55.701015,37.153114,0.0,0.0,11.349234,117.25423,175.60579,2.0,2.085631,1.0,0.0,0.0,0.0,0.0,0.0,0.0,1.0,0.0,0.0,1.0,1.0,1.0,0.0,0.0,0.0,0.0,0.0,0.0,0.0,0.0,0.0,0.0,0.0,0.0,0.0,0.0,0.0,1.0,0.0,0.0,0.0,0.0,0.0,0.0,0.0,0.0,0.0,0.0,0.0,0.0,0.0,0.0,0.0,0.0,0.0,0.0,0.0,0.0,0.0,867.65576,132.2553,72.416306,3.4859328,3.196265,44.119526,3.3366725,3.922154,40.439774,17.12798,13.602514,15.405978,2.4303827,4.3133845,6.4695044,67.95404,8.717812,-41.118008,63.597157,22.067266,44.34482,0.621338,0.8353287,1.7557464,0.89861906,1.427622,52.17409,716.8843,4.2430663,2.771051,0.0,0.0,1.0,0.0,0.0,0.0,0.0
81.59,3.0561523,3.0242803,-4.184597,-1.4523312,2.452852,0.25591925,0.26925465,0.09381933,0.13379343,33370.168,-0.0020336471,3243.752,0.0014963464,121488.64,0.15704209,15984.255,381427.94,391240.4,98636.195,15373.206,87.472534,5.5123425,21.802958,55.531578,-0.13284492,-14.145981,88.57201,129.8002,6.0723805,135.50847,18.73681,0.0,94.67365,-2.2857838,96.32178,20.618124,1.0,0.0,9.73974,180.66109,17.075602,2.0,1.026418,1.0,0.0,0.0,0.0,0.0,0.0,0.0,1.0,0.0,1.0,1.0,0.0,0.0,0.0,0.0,0.0,0.0,0.0,0.0,0.0,0.0,0.0,0.0,0.0,0.0,0.0,0.0,0.0,0.0,0.0,0.0,0.0,0.0,0.0,0.0,0.0,0.0,0.0,0.0,0.0,0.0,0.0,0.0,0.0,0.0,0.0,0.0,0.0,0.0,0.0,307.36148,131.15785,71.98649,11.168157,12.900683,35.771633,9.800263,9.498448,38.04694,20.84891,30.881187,38.20424,3.6585467,5.0093865,-0.1593527,42.44381,61.62073,31.108788,-120.93396,-121.60049,78.28096,0.8781676,0.977876,3.2002363,0.35620785,3.2921646,235.26393,1238.3615,5.488894,1.7231083,0.0,0.0,0.0,0.0,0.0,0.0,1.0
80.88584,1.1552765,38.43882,9.964834,2.7938316,1.5773983,0.125933,0.11224758,-0.008907573,0.040126033,1779.0443,0.011074092,5795.902,0.025746897,40256.59,0.05075401,-27467.156,342035.84,-648600.75,236361.8,72762.67,113.15468,44.953697,111.274864,82.88848,32.604248,38.60503,0.5381214,40.21351,3.6401181,154.16489,66.78233,0.0,-8.2428465,-0.44700104,62.883476,30.269701,0.0,0.0,13.0667095,154.10274,-96.5016,2.0,1.6860399,1.0,0.0,0.0,0.0,0.0,0.0,0.0,0.0,0.0,0.0,0.0,0.0,0.0,0.0,0.0,0.0,0.0,1.0,0.0,0.0,0.0,0.0,0.0,0.0,0.0,0.0,0.0,0.0,0.0,0.0,0.0,0.0,0.0,0.0,1.0,0.0,0.0,1.0,0.0,0.0,1.0,0.0,0.0,0.0,0.0,0.0,0.0,0.0,1.0,0.0,414.77396,146.43074,89.03542,6.4795356,7.8276563,29.2474,6.299556,4.40618,28.397532,17.220041,15.512126,16.31102,2.9432158,4.5386677,2.619518,52.674232,150.05945,92.57494,45.410748,0.7040322,66.56095,1.04208,1.2559104,2.28256,1.8171512,1.5794524,210.64273,313.4034,3.784614,0.45179495,0.0,1.0,0.0,0.0,0.0,0.0,1.0
57.966244,-0.9248805,24.151026,6.3234897,0.41097927,2.0365014,0.13607801,0.31755972,0.16212879,0.123341255,18142.43,-0.025546934,4490.462,0.004326429,51303.965,-0.0019258494,-36116.383,46164.46,-2113423.8,165062.72,-18927.229,182.59607,86.41881,159.89665,120.18435,59.606205,142.66658,51.396305,110.89294,9.116888,155.2005,13.021161,0.0,55.593372,-4.7395463,73.75413,10.820013,0.0,1.0,15.438536,132.74583,-162.54776,2.0,1.0609138,1.0,0.0,0.0,0.0,0.0,1.0,0.0,1.0,0.0,1.0,0.0,1.0,0.0,0.0,0.0,0.0,0.0,1.0,0.0,0.0,1.0,0.0,1.0,0.0,0.0,0.0,1.0,0.0,0.0,1.0,0.0,1.0,0.0,0.0,0.0,1.0,0.0,1.0,0.0,0.0,1.0,0.0,0.0,0.0,0.0,0.0,0.0,0.0,0.0,0.0,690.2369,113.580635,71.76427,9.462512,14.845262,44.761494,11.042984,7.200004,47.136436,22.0585,25.899807,33.28571,5.9468846,7.0462737,0.18995576,30.29036,337.51932,258.7441,45.650173,5.3280005,65.79916,0.95229226,1.4534762,4.964366,3.1081245,1.0076566,335.7372,663.8415,5.574695,0.42065677,0.0,0.0,1.0,0.0,1.0,0.0,0.0
68.53754,8.943687,27.150774,-1.329579,2.2375398,0.49975175,0.11683038,0.027126668,0.0060629095,-0.017466804,13539.791,0.010899185,5447.534,0.026285456,45560.73,-0.020285707,27769.646,275576.1,-293580.47,156916.03,49399.406,91.69333,40.713036,139.61406,75.78309,32.66765,76.97813,10.006408,57.827923,4.454948,167.9789,61.25315,0.0,7.9705753,0.048663963,64.72919,23.247625,1.0,0.0,10.807553,106.40179,119.77899,2.0,1.7087986,0.0,0.0,1.0,0.0,0.0,1.0,0.0,1.0,0.0,1.0,0.0,1.0,0.0,0.0,0.0,0.0,0.0,1.0,0.0,0.0,0.0,0.0,0.0,0.0,0.0,0.0,0.0,1.0,1.0,1.0,1.0,0.0,0.0,0.0,0.0,0.0,0.0,0.0,0.0,0.0,0.0,0.0,0.0,0.0,0.0,0.0,0.0,0.0,0.0,0.0,1747.8639,92.741516,45.770725,8.889124,11.360993,27.376087,9.933735,5.4293222,22.139107,12.510624,16.168472,20.445137,2.0912242,3.8619545,4.221839,67.88793,93.11924,6.8321776,109.963776,31.249748,74.59939,1.0210966,1.3853536,1.5541711,0.6658366,1.5359086,17.529377,396.77478,4.0948234,1.4278653,0.0,1.0,0.0,0.0,0.0,0.0,0.0
76.49631,4.2259703,51.13555,11.231064,4.3061104,-0.828871,-0.1300904,-0.17079471,-0.10957047,-0.16305642,19977.17,-0.029634753,10335.49,-0.06506123,140602.89,-0.21486251,201457.86,45380.816,-2167479.2,243715.95,77090.6,299.53046,123.670494,282.0137,276.79062,108.75467,197.66974,87.045456,187.83142,-10.639829,172.92728,131.39667,0.0,101.51607,4.136033,-9.809741,45.273834,1.0,1.0,5.986477,107.86614,214.08293,1.0,2.4751835,1.0,0.0,0.0,0.0,0.0,1.0,0.0,0.0,0.0,1.0,0.0,0.0,0.0,0.0,1.0,0.0,0.0,1.0,0.0,0.0,0.0,0.0,0.0,0.0,0.0,0.0,0.0,0.0,1.0,0.0,0.0,0.0,0.0,0.0,0.0,1.0,0.0,1.0,0.0,0.0,0.0,0.0,0.0,0.0,0.0,0.0,0.0,0.0,0.0,0.0,1873.871,130.77011,80.20795,-5.2103524,-4.3190503,32.910145,-3.0587983,-10.143498,27.1324,15.186496,13.329166,20.199286,6.041697,7.640715,10.579347,64.18321,528.2837,365.63455,286.64807,151.12138,97.86229,1.559091,2.0632966,3.7150803,1.2335634,4.137678,-134.16643,1478.765,6.016071,0.5665474,0.0,0.0,1.0,0.0,1.0,0.0,0.0
75.06422,0.8025759,30.102707,3.540057,2.28573,0.8934877,0.1089306,0.22958331,0.098199844,0.074908055,9129.098,-0.002956214,1522.6742,0.017120026,-6082.7114,0.032995276,109968.86,-87930.25,-558559.75,175997.88,117549.78,127.82493,50.73331,141.35803,112.0186,46.3484,77.71979,18.191242,74.41754,2.8695588,154.0443,87.12575,0.0,12.132326,-0.8533634,71.58654,36.69385,1.0,0.0,13.067946,114.552765,40.74196,2.0,1.9125073,1.0,0.0,1.0,0.0,1.0,1.0,0.0,1.0,0.0,1.0,1.0,1.0,0.0,0.0,0.0,0.0,0.0,1.0,0.0,0.0,0.0,0.0,1.0,0.0,0.0,0.0,0.0,0.0,1.0,1.0,0.0,1.0,1.0,0.0,0.0,0.0,0.0,0.0,0.0,0.0,0.0,0.0,0.0,0.0,0.0,0.0,0.0,0.0,0.0,0.0,752.76697,155.53561,87.88178,4.872625,6.6835575,64.91732,8.154268,4.765545,64.62906,29.26669,18.867281,24.05511,2.7052643,4.592517,4.9413705,61.704792,159.26195,72.75588,86.98708,28.049028,50.860344,1.1768993,1.3609499,2.5716052,0.53937167,1.1487234,422.08252,941.3938,4.7237,2.7899463,0.0,0.0,1.0,0.0,0.0,0.0,1.0
84.03714,7.329694,27.949156,1.5670044,2.5146012,0.80903435,0.07715545,0.20706101,0.03159783,0.020131418,22089.084,0.010729079,4517.32,0.02078154,36522.25,0.036215328,80069.875,244700.47,-487268.84,221326.73,129668.766,101.59535,49.152985,129.2583,57.632137,32.164986,65.582794,-23.696583,8.936733,2.8254364,171.63136,72.194305,0.0,-34.021675,-1.4616998,46.43404,24.831753,0.0,0.0,13.937431,128.34868,-3.8119872,2.0,1.8362275,0.0,0.0,0.0,0.0,0.0,1.0,0.0,0.0,0.0,0.0,0.0,0.0,1.0,1.0,0.0,0.0,0.0,1.0,0.0,0.0,0.0,0.0,0.0,1.0,0.0,0.0,0.0,1.0,1.0,0.0,0.0,0.0,0.0,0.0,0.0,0.0,0.0,0.0,0.0,0.0,1.0,0.0,0.0,0.0,0.0,0.0,0.0,0.0,0.0,0.0,-358.2573,85.53359,54.272324,5.399329,8.374367,46.51453,8.24548,6.2381506,43.99077,22.975933,16.720879,19.638962,3.1315544,4.602289,4.3772607,55.817753,143.31514,82.031555,95.42516,37.01178,38.98918,0.72278047,0.9944024,2.086775,0.9781233,1.8980242,311.38922,785.242,3.3968673,2.2641892,0.0,1.0,0.0,0.0,0.0,1.0,0.0
69.23836,2.1765492,19.129555,-2.1660268,1.7443649,0.22009985,0.04897184,0.16408932,0.083854094,0.018927967,3146.1816,-0.004026514,1555.33,-0.000646049,57998.035,0.0008839413,75262.625,-109435.125,-2668417.8,24812.957,35704.32,173.34726,69.76834,161.83855,119.5082,45.360016,133.76482,75.238914,127.935074,0.83949345,149.84932,21.250275,0.0,83.05099,-2.0044522,37.891426,15.966973,1.0,1.0,8.048438,59.672363,35.55351,1.0,1.1119784,1.0,0.0,0.0,0.0,0.0,1.0,0.0,1.0,0.0,1.0,1.0,0.0,0.0,0.0,0.0,0.0,0.0,0.0,0.0,1.0,0.0,0.0,1.0,0.0,0.0,0.0,0.0,0.0,1.0,0.0,0.0,0.0,0.0,0.0,0.0,1.0,0.0,1.0,0.0,0.0,0.0,0.0,0.0,0.0,0.0,0.0,0.0,0.0,0.0,0.0,2585.1648,97.33334,58.074726,1.8660343,4.9969482,60.53109,6.149178,0.85512686,56.141575,23.683403,18.099936,24.688522,5.02594,6.2495704,3.619576,45.16277,285.64877,200.82576,89.82265,44.230663,63.10964,0.97965693,1.1734736,3.254125,0.46452892,2.0622466,392.9912,1247.3451,4.7911687,3.2445972,0.0,0.0,1.0,0.0,0.0,0.0,1.0
70.05854,6.0752087,50.323864,9.247322,4.3924804,0.3984697,0.060597185,0.013546061,-0.025945054,-0.017129453,9780.417,0.00063110155,5806.4893,0.014819202,23969.629,-0.016891371,26180.232,-85485.15,-1389627.5,193431.28,56121.57,155.23764,64.24379,168.85312,143.70897,60.188877,103.857346,-11.375097,48.304226,3.4816663,175.85107,98.06236,0.0,-16.407194,-1.3415474,56.10966,32.74871,1.0,1.0,12.8814535,132.39702,70.00024,1.0,2.1610935,1.0,0.0,0.0,0.0,1.0,1.0,0.0,1.0,0.0,1.0,0.0,1.0,0.0,0.0,0.0,0.0,0.0,1.0,0.0,0.0,0.0,0.0,0.0,0.0,0.0,0.0,0.0,0.0,1.0,0.0,0.0,0.0,0.0,0.0,0.0,1.0,0.0,0.0,0.0,0.0,0.0,0.0,0.0,0.0,0.0,0.0,0.0,0.0,0.0,0.0,150.10495,112.91019,65.237076,5.338053,6.65024,28.888601,5.1513996,2.033084,23.480677,13.031974,13.853098,15.065565,3.408733,5.388724,5.4258265,62.25308,223.5269,107.571945,128.28264,41.10643,62.0148,1.1249937,1.6142815,2.9523406,1.1288754,1.0874816,-40.642612,450.39786,4.738576,0.7287801,1.0,1.0,0.0,0.0,0.0,1.0,0.0
72.53662,2.5263321,62.29119,9.008592,4.082412,1.6668668,0.08721236,-0.0051554763,0.00028772242,0.0062690475,-9229.198,-0.0043047895,6529.1387,0.009577772,48117.855,-0.030037215,62850.613,220142.84,-1079871.0,312377.78,66747.6,132.71416,47.946453,79.56341,105.27339,38.609646,10.299562,49.370075,116.16187,3.5589368,164.54852,98.352806,0.0,51.974033,2.592271,72.302704,37.14471,0.0,0.0,8.6749935,173.1279,-2.7622385,2.0,2.0993528,1.0,0.0,0.0,0.0,0.0,1.0,0.0,1.0,0.0,1.0,0.0,1.0,0.0,1.0,1.0,0.0,0.0,1.0,0.0,0.0,0.0,0.0,0.0,0.0,0.0,0.0,0.0,0.0,1.0,0.0,0.0,0.0,0.0,0.0,0.0,0.0,0.0,0.0,0.0,0.0,1.0,0.0,0.0,0.0,0.0,0.0,0.0,0.0,0.0,0.0,430.62848,164.92336,97.57297,5.3637047,5.6313925,16.126293,4.381341,1.0859754,12.858645,7.1554165,14.2802,19.787548,4.002856,5.633274,4.4668674,53.29456,176.447,87.593735,-7.64635,-75.06936,114.11437,1.0343667,1.2387295,2.4775987,1.697341,1.7425463,-158.62895,313.5841,4.855596,-1.4650862,0.0,1.0,0.0,0.0,0.0,1.0,0.0
71.080734,-0.9815181,47.205383,22.153923,3.9715278,1.269645,0.12150362,-0.11367328,-0.005952144,0.05492244,26710.744,-0.0059818374,3652.9524,0.009280302,45665.81,0.0017138494,129103.234,-14695.251,-1122932.4,291520.66,29935.66,169.41138,67.75825,62.84778,101.68445,39.38156,-11.428816,87.13101,134.07224,-2.889318,155.78217,103.540215,1.0,99.910416,1.507569,57.66223,41.864487,0.0,1.0,11.161182,74.54968,69.77681,1.0,2.0842216,1.0,0.0,0.0,0.0,0.0,0.0,0.0,1.0,0.0,1.0,0.0,1.0,0.0,0.0,1.0,0.0,0.0,0.0,0.0,1.0,0.0,0.0,0.0,0.0,0.0,0.0,0.0,0.0,1.0,1.0,0.0,1.0,0.0,0.0,0.0,1.0,0.0,1.0,1.0,0.0,1.0,0.0,0.0,0.0,0.0,0.0,0.0,0.0,0.0,0.0,783.6514,151.08751,79.6166,1.4620252,0.55876446,11.88187,-0.7619189,2.1146386,9.27785,6.57214,17.427359,22.782148,6.1968637,7.36424,6.2640014,34.911278,275.76077,204.14932,-20.218855,-61.895504,61.725834,0.80353147,0.96680385,2.24951,0.17793745,1.918602,-150.97284,770.9837,5.2128825,5.760801,0.0,0.0,1.0,0.0,1.0,1.0,0.0
61.330803,-1.3683528,2.3155987,18.816433,0.53992695,-1.7523339,0.07861654,0.07411946,-0.06259468,0.026880002,130005.77,-0.0071229488,9225.607,-0.06058069,417558.25,-0.036836687,79404.32,-198513.42,701470.8,18137.084,123504.09,255.23349,69.56483,268.35,252.4602,72.877,191.50066,111.487366,192.67552,15.437493,149.99329,193.44214,0.0,126.74099,-6.546867,-22.41807,76.77898,1.0,1.0,12.20741,39.743233,63.769066,0.0,3.0194218,1.0,0.0,0.0,0.0,0.0,0.0,0.0,0.0,0.0,1.0,0.0,0.0,0.0,0.0,0.0,0.0,0.0,0.0,0.0,1.0,0.0,0.0,0.0,0.0,0.0,0.0,0.0,0.0,1.0,0.0,0.0,0.0,0.0,0.0,0.0,0.0,0.0,0.0,0.0,0.0,0.0,0.0,0.0,0.0,0.0,0.0,0.0,0.0,0.0,0.0,1042.39,145.39423,66.77484,22.786509,25.90538,94.26749,28.951683,16.333118,89.22709,54.14997,42.172638,43.469707,4.9010906,6.7647953,10.474048,68.080956,391.07233,273.39563,243.35631,165.75519,9.432296,1.4458929,1.9135823,-0.024935633,-2.0890985,4.037209,451.17426,2132.1006,6.329806,4.375731,0.0,0.0,0.0,0.0,0.0,0.0,1.0
57.090446,0.13440889,36.729195,8.381128,1.8188126,1.6156281,0.1994844,0.12783064,0.048700176,0.091979615,-8466.038,0.0083525535,391.41415,0.029418457,-49394.473,0.07815419,25843.662,100871.15,-2159681.5,171737.81,36360.523,115.970726,68.254776,95.692726,62.109093,41.938828,44.689526,49.69207,97.69861,0.7166282,153.20886,26.027327,0.0,54.05674,-2.3154726,82.26499,16.556053,1.0,0.0,12.104847,124.205414,-18.954887,1.0,1.2168008,0.0,0.0,1.0,0.0,1.0,1.0,0.0,1.0,0.0,1.0,0.0,1.0,0.0,0.0,0.0,0.0,0.0,1.0,0.0,1.0,0.0,0.0,1.0,0.0,0.0,0.0,0.0,1.0,1.0,1.0,0.0,0.0,0.0,0.0,0.0,0.0,0.0,1.0,0.0,1.0,1.0,1.0,0.0,0.0,0.0,0.0,0.0,0.0,0.0,0.0,1581.8236,124.48699,62.834454,3.0988622,3.7563536,29.931723,2.2742765,4.200327,28.962416,14.266649,16.367744,20.753633,4.5505633,5.750537,2.7421937,33.27647,185.3755,115.202385,10.999399,-22.9769,60.3589,0.8856566,1.1770207,3.4703593,1.6222773,1.3112528,262.78,670.4249,4.560207,2.5527802,0.0,0.0,0.0,0.0,0.0,0.0,1.0
89.603226,1.211272,26.746948,8.649953,1.6700389,1.4977776,0.139044,0.04849128,0.019254258,0.09265776,-6788.427,0.0067674345,580.9824,0.037334416,-2587.0125,0.039979268,40686.734,264786.38,-909546.06,124945.09,2999.878,104.602394,38.329235,75.87854,49.082367,17.127705,33.27286,29.930552,41.73649,4.9463797,153.88977,28.369577,1.0,32.18818,-1.9082646,60.04597,16.133194,1.0,1.0,12.210211,137.47015,-17.766058,1.0,1.2521034,1.0,0.0,0.0,0.0,0.0,0.0,0.0,1.0,0.0,1.0,1.0,0.0,0.0,0.0,1.0,0.0,0.0,0.0,1.0,0.0,1.0,0.0,0.0,0.0,0.0,0.0,0.0,0.0,1.0,0.0,0.0,0.0,0.0,0.0,0.0,1.0,0.0,0.0,0.0,0.0,0.0,0.0,0.0,0.0,0.0,0.0,0.0,0.0,0.0,0.0,1403.5659,105.51131,62.977436,9.066137,9.04987,20.476566,8.389709,6.8568125,17.599041,14.515304,21.211605,24.523123,4.4756627,5.1583967,2.1535702,21.406387,121.24359,116.83922,5.877819,-14.913657,60.54302,0.65533763,0.7162288,0.9671223,1.3384458,1.0338042,35.91025,483.10037,3.731474,2.2915447,1.0,0.0,1.0,0.0,1.0,0.0,0.0
58.43507,1.3581012,48.004845,11.704556,2.6884382,0.15834904,0.17869376,-0.076008074,0.022039972,0.030501436,9049.766,-0.0056714597,4653.531,0.027593171,8612.655,-0.027618945,104698.34,-114428.19,-1326319.0,298368.66,94631.38,133.29913,47.207607,90.75625,104.1905,38.373215,24.884525,24.330383,93.316734,-1.0521731,150.34396,89.64607,0.0,20.926804,-1.1083623,92.99585,39.980328,0.0,0.0,11.593482,112.56103,82.919754,2.0,1.9293085,0.0,0.0,1.0,0.0,0.0,0.0,0.0,0.0,0.0,1.0,0.0,1.0,0.0,0.0,0.0,0.0,0.0,1.0,0.0,0.0,0.0,0.0,0.0,0.0,0.0,0.0,0.0,0.0,1.0,1.0,0.0,0.0,0.0,0.0,1.0,1.0,0.0,0.0,0.0,1.0,1.0,0.0,0.0,0.0,0.0,0.0,0.0,0.0,0.0,0.0,815.724,146.17227,56.19072,2.3025184,1.4273458,28.915726,2.0965705,0.64384747,26.922892,11.640793,16.344433,20.63312,2.9535875,5.157345,6.475726,71.739296,168.90341,57.56266,7.2934628,-66.784386,82.41445,1.0643734,1.3222436,2.0140254,0.26515722,0.86862683,-99.42061,789.843,5.3124695,-0.0039625154,0.0,1.0,0.0,0.0,0.0,1.0,0.0
70.36151,5.2591414,35.8261,4.677808,5.0293665,0.7976794,0.030745406,0.14109993,0.02603373,0.02568708,19687.025,0.0080227805,1043.9996,0.010473374,36540.555,-0.005154503,111563.734,46504.99,1020467.25,267431.78,90819.25,131.47969,51.82793,226.525,81.03037,34.42093,125.78669,8.646835,63.65358,8.142939,176.84546,98.29049,0.0,7.4069486,3.278781,29.431215,30.733711,1.0,0.0,12.796516,87.255135,235.16333,1.0,2.1676834,1.0,0.0,0.0,0.0,0.0,1.0,0.0,1.0,0.0,1.0,0.0,1.0,0.0,1.0,0.0,0.0,0.0,0.0,0.0,0.0,0.0,0.0,0.0,0.0,1.0,0.0,0.0,0.0,1.0,1.0,0.0,0.0,1.0,0.0,0.0,1.0,0.0,0.0,0.0,0.0,0.0,0.0,0.0,0.0,0.0,0.0,0.0,0.0,0.0,0.0,996.9526,143.59978,93.46226,10.382108,13.127352,43.689053,11.541213,5.64877,38.504322,19.470675,7.9428983,7.203446,2.8444784,4.666912,6.118049,58.172195,187.62749,90.51982,263.8371,156.33876,55.24251,0.9118238,0.98763466,1.2975824,1.3422244,0.8139035,265.19363,373.1186,3.90608,3.1430566,0.0,0.0,1.0,0.0,0.0,0.0,1.0
44.56615,4.98615,72.83212,13.032704,5.9293904,0.9983896,0.13620266,0.030213153,0.051767785,0.009008427,10693.547,-0.019090261,9595.292,-0.0045300005,85472.26,-0.03807763,57708.89,-20421.822,-1918156.2,315230.03,46707.48,148.2774,61.211994,88.72559,97.36003,42.42831,18.957575,83.023155,160.39098,-0.29912654,173.78757,117.20742,0.0,94.31518,2.1379528,81.482155,41.37226,0.0,0.0,13.362862,127.74561,-21.960838,2.0,2.3762343,0.0,0.0,0.0,0.0,0.0,0.0,0.0,0.0,0.0,1.0,1.0,1.0,0.0,0.0,1.0,0.0,0.0,1.0,0.0,0.0,0.0,0.0,0.0,0.0,0.0,0.0,0.0,0.0,1.0,0.0,0.0,1.0,0.0,0.0,0.0,0.0,0.0,0.0,0.0,1.0,1.0,0.0,0.0,0.0,0.0,0.0,0.0,0.0,0.0,0.0,-1012.5468,138.23866,69.330025,2.12348,2.863213,13.535096,-0.0053593484,-1.3188434,9.488503,1.568435,9.8391285,12.639085,4.523731,6.388335,4.7846823,55.867012,230.64331,135.39227,-11.288347,-73.52162,97.25362,0.8739229,1.1067113,2.2722783,1.485268,2.127677,-146.25879,9.169849,5.762358,0.93339896,0.0,0.0,0.0,0.0,0.0,1.0,0.0
58.9043,-2.8311007,42.894924,22.219662,4.3985257,0.73018897,0.105082594,0.06489692,0.045056816,0.000292776,25944.654,-0.0011906219,3507.6921,-0.019886253,97751.03,-0.06571887,73106.38,-270304.94,-1657877.1,273786.5,125410.516,198.6463,65.15462,189.73625,143.25403,44.8041,71.628334,86.41294,148.03403,-9.767846,141.16954,75.77254,0.0,98.34055,-1.7347593,37.56109,37.75612,1.0,1.0,10.782339,51.469025,125.809715,1.0,1.6772696,1.0,0.0,0.0,0.0,0.0,0.0,0.0,0.0,0.0,1.0,1.0,1.0,0.0,0.0,1.0,0.0,0.0,0.0,0.0,0.0,0.0,0.0,1.0,0.0,0.0,0.0,0.0,0.0,1.0,0.0,0.0,0.0,1.0,0.0,0.0,1.0,0.0,1.0,0.0,0.0,0.0,0.0,0.0,0.0,0.0,0.0,0.0,0.0,0.0,0.0,1496.3177,157.19588,76.54685,-3.9405763,-3.3745966,42.26176,-3.030274,-5.1928377,35.927307,11.551394,7.4622335,8.975532,5.399081,6.7886276,6.8634534,42.06205,308.60965,225.652,205.23006,139.08693,19.14752,0.96771395,1.1712761,2.8742688,0.57919604,2.882639,154.6579,1186.2646,5.458532,1.9538647,0.0,0.0,1.0,0.0,0.0,1.0,0.0
59.288704,-1.2045419,32.128597,12.184425,1.4843746,2.7128692,0.2794621,0.057079665,0.047360368,0.16019419,56557.66,0.011663449,1379.7258,0.02304811,31482.32,0.12328603,-27314.912,233928.73,-37360.81,174180.42,25334.902,122.82566,57.853424,25.168764,57.40451,31.61031,-49.580204,65.60943,112.54622,8.2595005,143.88786,86.62535,0.0,69.94759,-5.659186,87.22657,41.051407,1.0,0.0,12.18965,109.935425,-14.177523,2.0,1.8317591,1.0,0.0,0.0,0.0,1.0,0.0,0.0,0.0,0.0,1.0,0.0,1.0,0.0,0.0,0.0,1.0,1.0,0.0,0.0,1.0,1.0,0.0,0.0,0.0,0.0,0.0,0.0,1.0,0.0,1.0,0.0,1.0,0.0,0.0,0.0,0.0,0.0,0.0,0.0,0.0,1.0,1.0,0.0,0.0,0.0,0.0,0.0,0.0,0.0,0.0,436.0197,187.62964,93.850105,13.215203,9.359881,22.806183,10.250179,14.934016,23.344902,13.91211,26.617348,29.58458,6.004501,6.764716,2.7356508,10.671598,202.39821,150.91525,-127.98446,-127.0781,69.582085,0.72615033,0.7917413,2.447193,-0.79710364,0.57544285,103.80698,690.59906,4.648758,3.3666387,0.0,0.0,1.0,0.0,0.0,0.0,1.0
74.30282,3.07742,49.459435,14.599391,5.325093,1.2013708,0.09213362,0.106544614,-0.011127368,-0.017492754,38040.71,0.009560159,5933.2666,0.03610876,57808.64,0.028462619,70939.336,201712.16,-1864885.1,147775.12,4766.4023,115.36086,81.02103,128.46965,64.18741,54.049606,69.421646,10.784755,37.309483,-3.905314,158.8643,63.23803,0.0,8.758231,1.3131053,55.57424,26.604294,0.0,0.0,15.497617,136.91057,26.151825,2.0,1.6706798,0.0,0.0,0.0,0.0,1.0,1.0,1.0,1.0,0.0,1.0,1.0,1.0,0.0,0.0,0.0,1.0,0.0,1.0,0.0,0.0,0.0,0.0,1.0,0.0,0.0,0.0,1.0,0.0,1.0,1.0,0.0,0.0,0.0,0.0,0.0,0.0,0.0,0.0,0.0,1.0,0.0,0.0,0.0,0.0,0.0,0.0,0.0,1.0,0.0,0.0,98.50564,98.79001,59.59966,1.0042684,2.4879346,22.303825,0.6069584,1.2408373,21.106272,10.999994,5.973025,5.573204,3.8277109,4.879215,3.3774917,37.725834,191.60521,144.02214,78.53155,41.22749,30.798868,0.85862553,1.110326,2.6838956,1.7584178,0.99817026,252.1435,250.76709,3.5164764,1.8921903,0.0,0.0,1.0,0.0,0.0,0.0,1.0
66.74498,6.924448,13.545131,2.0435886,2.2121315,0.6444926,0.09175602,0.27563593,0.03402205,-0.054714117,-10781.186,-9.2413604e-05,3250.2104,0.016416172,89117.67,-0.08503873,5368.604,4128.586,-735767.8,106003.16,52263.992,143.87566,32.60699,216.53548,101.05571,22.320015,182.45558,17.052452,63.078156,19.12936,169.87508,84.84123,0.0,17.435596,-2.3355033,51.86205,31.078068,1.0,1.0,10.544533,122.616684,59.784798,1.0,1.9747776,1.0,0.0,0.0,0.0,0.0,0.0,0.0,0.0,0.0,0.0,1.0,1.0,0.0,0.0,0.0,0.0,0.0,0.0,0.0,0.0,0.0,0.0,0.0,0.0,1.0,0.0,0.0,0.0,1.0,0.0,0.0,0.0,0.0,0.0,0.0,0.0,0.0,0.0,0.0,0.0,0.0,0.0,0.0,0.0,0.0,0.0,0.0,0.0,0.0,0.0,132.29724,111.906334,65.81953,21.96023,27.5135,60.95465,25.408428,12.417375,53.41528,27.26779,20.62543,22.950428,3.509709,5.020809,3.5725896,59.698475,173.00061,99.85868,206.47668,128.05614,69.02795,0.7532109,1.0050852,2.0869763,2.416,1.3312373,258.05624,459.01053,4.013349,3.7861977,0.0,1.0,0.0,0.0,0.0,1.0,0.0
66.248375,-7.1241317,26.36424,13.791473,0.20953633,1.8483226,0.25972414,0.2376575,0.10190849,0.23734602,48934.38,-0.007603235,43.626648,-0.0010115779,164112.34,0.17732026,15034.983,-186959.03,-2815070.2,77548.74,-10458.3,167.47636,57.621864,72.00537,91.196175,28.812918,57.97949,125.488495,181.41177,6.4238796,135.92706,54.277447,0.0,142.25323,-7.1627727,60.541977,33.26984,1.0,0.0,9.169311,131.88692,45.5185,1.0,1.3881977,1.0,0.0,0.0,0.0,0.0,0.0,0.0,1.0,0.0,1.0,0.0,0.0,0.0,0.0,0.0,0.0,0.0,0.0,0.0,1.0,1.0,0.0,0.0,0.0,0.0,0.0,0.0,0.0,1.0,0.0,0.0,0.0,0.0,0.0,0.0,0.0,0.0,0.0,0.0,0.0,0.0,0.0,0.0,0.0,0.0,0.0,0.0,0.0,0.0,0.0,2649.5398,168.35112,85.02821,8.161367,8.078103,57.31942,8.751207,8.977053,59.1777,33.701447,31.041203,37.336662,6.6876173,7.7995377,3.596464,22.360577,288.85477,227.37769,-110.81122,-91.67683,53.52299,0.7547282,0.9166001,3.4662905,0.7643726,2.117377,393.2353,1659.8872,5.889322,4.610137,0.0,0.0,1.0,0.0,0.0,0.0,1.0
69.56839,4.5299745,40.546963,2.058747,2.9410987,0.8027951,0.14541015,0.10308574,0.09570041,0.076435715,7137.4688,0.008327585,3675.4165,0.042694464,59614.74,0.11110923,22758.715,204187.1,-1484374.6,249570.38,45981.883,87.57076,40.668293,75.88406,6.3884926,6.7598066,34.81085,71.569725,103.914474,-0.22612792,159.22322,41.043877,0.0,82.45907,1.0796572,68.77531,20.103292,1.0,0.0,10.891271,85.105774,-49.137268,1.0,1.4218622,1.0,0.0,0.0,0.0,0.0,0.0,0.0,0.0,0.0,1.0,0.0,0.0,0.0,0.0,0.0,0.0,0.0,0.0,0.0,0.0,0.0,0.0,0.0,0.0,0.0,0.0,0.0,0.0,1.0,0.0,0.0,0.0,0.0,0.0,0.0,0.0,0.0,0.0,0.0,0.0,0.0,0.0,0.0,0.0,0.0,0.0,0.0,1.0,0.0,0.0,496.288,106.77706,57.619724,2.7921607,4.7894053,37.924313,0.66857713,2.0199387,32.710915,11.436216,14.211182,17.144775,4.1498404,5.5211368,4.1072273,46.94918,115.15763,65.00552,-1.260622,-40.872894,77.898926,0.51571167,0.5292879,1.9188514,0.9863256,1.6224627,77.353836,765.74713,4.237859,2.7723625,0.0,0.0,1.0,0.0,0.0,0.0,1.0
53.676907,-7.1211796,50.4561,35.933773,4.7894325,0.1848579,0.16299832,-0.070886515,0.012314388,0.09728582,115280.984,-0.009969725,8174.558,0.009431685,235739.88,-0.04679155,89769.13,-567421.06,-3382408.5,236808.08,3448.893,123.32064,65.510345,92.24377,74.71711,48.06584,21.553116,42.547726,98.0065,-0.9490931,140.31158,124.21445,0.0,39.963894,-6.592415,35.87741,54.848965,0.0,0.0,18.189396,173.12909,50.475754,1.0,2.2161245,1.0,0.0,0.0,0.0,0.0,0.0,0.0,0.0,0.0,1.0,1.0,0.0,0.0,0.0,0.0,0.0,0.0,1.0,0.0,0.0,1.0,0.0,0.0,0.0,0.0,0.0,0.0,0.0,0.0,0.0,0.0,1.0,0.0,0.0,0.0,0.0,0.0,0.0,0.0,0.0,0.0,0.0,0.0,0.0,0.0,0.0,0.0,0.0,0.0,0.0,-463.03915,157.60757,69.90194,5.145419,1.5698509,27.702211,4.2315392,4.6075916,25.391396,16.273981,13.743668,6.960435,3.4996421,5.3135195,5.954169,56.878227,197.81451,107.09523,8.801279,-29.991241,35.986145,0.7681335,1.3123895,1.7996356,-0.05573213,0.2971136,175.53322,485.46747,4.3772,0.26476276,0.0,0.0,1.0,0.0,0.0,0.0,0.0
55.90715,4.0310163,47.09882,16.884779,4.463247,2.7500873,0.20027636,0.13379735,0.064717874,0.13833895,50396.434,0.010029353,4279.638,0.011338656,30173.357,0.027287126,37927.266,447185.9,1184669.0,221811.42,-6480.755,144.00056,69.95876,113.28913,41.282753,28.269842,7.529437,45.530396,81.23054,4.944012,170.00296,104.13129,0.0,50.287666,0.20326158,59.209282,36.829697,0.0,1.0,16.689322,111.18158,-39.833885,1.0,2.1800444,1.0,0.0,0.0,0.0,0.0,0.0,0.0,0.0,0.0,1.0,1.0,1.0,0.0,0.0,0.0,0.0,0.0,0.0,0.0,0.0,1.0,0.0,0.0,0.0,0.0,0.0,0.0,0.0,0.0,1.0,0.0,1.0,0.0,0.0,0.0,0.0,0.0,0.0,0.0,0.0,1.0,0.0,0.0,0.0,0.0,0.0,0.0,0.0,0.0,0.0,-1169.969,135.27654,79.74109,10.336253,10.002096,11.031936,6.8184423,8.558854,7.38154,6.19838,18.803328,19.464373,6.2341533,6.86929,2.413623,14.684484,266.25528,231.28372,51.854996,11.470513,40.121853,0.49890882,0.48051056,2.1147954,1.4071789,1.4064848,-15.415021,179.72037,4.460977,2.6692076,0.0,0.0,1.0,0.0,1.0,0.0,0.0
68.240234,4.476681,45.32216,12.293033,6.1119475,0.63043326,0.087980054,0.12735963,-0.0024430235,0.030884761,15247.161,0.0182747,1469.1403,0.025161114,46587.445,-0.016577017,88160.77,-215453.88,-414204.62,140378.44,65135.613,129.0434,63.774002,239.01851,94.116325,49.336903,146.2612,-22.232235,16.236753,4.382103,168.53287,94.93137,0.0,-33.011402,2.0236719,32.65996,33.706085,1.0,0.0,12.368036,145.45126,130.64832,2.0,2.0648808,0.0,0.0,0.0,0.0,0.0,1.0,0.0,1.0,1.0,1.0,0.0,1.0,0.0,0.0,0.0,0.0,0.0,0.0,0.0,0.0,0.0,0.0,1.0,1.0,0.0,0.0,0.0,0.0,0.0,0.0,0.0,0.0,0.0,0.0,0.0,0.0,0.0,0.0,0.0,0.0,0.0,1.0,0.0,0.0,0.0,0.0,0.0,0.0,0.0,0.0,798.5975,108.09427,62.043083,6.3302917,9.3101015,33.918064,8.607119,2.219674,31.140247,15.560519,1.5277402,-0.006118417,3.198109,4.630961,5.851672,52.27698,198.66692,118.01337,274.5348,181.44238,30.371471,1.0675088,1.114628,1.4045922,2.694737,0.38070098,340.5687,184.58434,3.1798534,0.5898489,1.0,0.0,1.0,0.0,0.0,0.0,1.0
66.0238,5.4385138,11.258389,-0.3107773,1.470513,0.66293067,0.1118618,0.12933488,0.1085306,0.12750137,4031.067,0.012745719,-1747.1564,0.016477695,50082.344,0.037967317,109303.87,-102245.38,874177.94,174473.88,92063.93,145.61113,46.87765,209.83754,79.99194,24.398079,141.77,31.834375,96.57669,18.472713,167.19357,95.147606,0.0,30.212433,0.39508972,59.990665,35.07989,1.0,0.0,11.986768,57.92721,112.86272,0.0,2.069374,1.0,0.0,0.0,0.0,0.0,1.0,1.0,1.0,0.0,1.0,1.0,1.0,0.0,0.0,0.0,0.0,0.0,0.0,0.0,1.0,0.0,0.0,1.0,0.0,1.0,0.0,0.0,0.0,1.0,0.0,0.0,0.0,0.0,0.0,1.0,0.0,0.0,0.0,0.0,0.0,0.0,0.0,0.0,0.0,0.0,0.0,0.0,0.0,0.0,0.0,787.444,118.70943,69.72145,16.395906,22.308628,59.272896,20.407824,11.112716,56.612926,27.669905,24.038046,30.390446,3.446414,5.8688574,5.046025,60.490032,223.29735,122.76664,201.79335,104.25907,44.61866,0.8752258,0.84382915,2.1573281,1.3560754,0.9422099,210.56223,430.248,5.295297,1.2618476,1.0,1.0,0.0,0.0,0.0,0.0,1.0
90.94955,3.8278377,28.242958,8.204017,3.7154815,1.30046,0.0574094,0.08676349,-0.0047754897,0.04568126,33210.016,0.014129756,3092.2324,0.0153240515,71940.93,0.0062931594,84821.44,360760.4,1396549.1,216971.53,47229.74,138.43759,66.589775,182.5259,64.77351,38.51436,98.93796,-9.239143,20.967155,13.8735,174.98444,101.54745,0.0,-15.95234,3.0898986,23.32146,32.747414,1.0,0.0,10.479915,169.09721,133.45009,0.0,2.185214,1.0,0.0,0.0,0.0,1.0,1.0,0.0,1.0,1.0,1.0,1.0,1.0,0.0,0.0,0.0,0.0,0.0,0.0,0.0,0.0,0.0,0.0,1.0,0.0,0.0,0.0,0.0,0.0,1.0,0.0,0.0,0.0,0.0,0.0,0.0,1.0,0.0,0.0,0.0,0.0,0.0,0.0,0.0,0.0,0.0,0.0,0.0,0.0,0.0,0.0,309.13702,145.31183,102.73037,16.216412,18.163979,33.191914,16.3119,11.697057,28.86853,22.04263,18.212704,18.550325,4.4712067,5.5466514,5.2697573,30.967266,236.23363,184.33173,162.64874,98.21637,42.581036,0.6895498,0.62448823,1.5160686,2.2202137,1.1484082,173.40553,12.198093,2.8649523,4.306839,0.0,0.0,1.0,0.0,0.0,0.0,1.0
51.30909,2.4723315,26.220064,-4.2038436,0.57822055,3.3998094,0.28766137,0.44076267,0.27527773,0.2347554,43399.97,0.0021147141,5564.5503,0.03542881,47856.5,0.17761534,-21816.666,190657.56,-111401.15,196288.25,64071.81,42.373466,32.943867,-45.15345,-31.648804,6.3577623,-91.51499,71.374794,104.41421,11.815517,151.81067,42.84124,0.0,76.75074,-5.348458,106.269936,23.208889,0.0,0.0,15.895308,109.041245,-161.92693,2.0,1.3988694,1.0,0.0,0.0,0.0,0.0,0.0,0.0,0.0,0.0,0.0,0.0,1.0,0.0,1.0,0.0,0.0,0.0,0.0,0.0,0.0,0.0,0.0,0.0,0.0,0.0,0.0,0.0,0.0,0.0,0.0,0.0,1.0,0.0,0.0,0.0,0.0,0.0,1.0,0.0,0.0,0.0,0.0,0.0,0.0,0.0,0.0,0.0,0.0,0.0,0.0,-1595.4546,149.42451,88.547516,11.998763,13.565334,55.39149,11.385943,16.222427,54.01026,20.621174,30.568695,37.01052,4.758278,5.909324,-0.9623024,29.205776,43.281254,35.29929,-228.39795,-203.76456,82.50702,0.30758724,0.45303267,3.0608606,-0.12623757,0.9440385,389.14865,548.2171,4.9108,3.263897,0.0,0.0,1.0,0.0,1.0,0.0,0.0
68.02042,8.522302,37.79377,5.7103996,5.227107,0.75907487,0.09453894,0.027535433,0.037669893,0.05014461,623.36505,0.0071485075,-911.8699,0.017834414,-23474.705,-0.026596056,70977.664,-122269.95,-45108.508,125118.945,49012.137,138.2483,50.645996,145.6217,80.97341,28.16018,64.01349,9.272473,46.001846,1.5374993,168.28757,73.03637,0.0,8.125237,1.5356324,43.41259,26.687376,0.0,1.0,12.260765,105.85456,95.393814,1.0,1.834223,1.0,0.0,0.0,0.0,0.0,1.0,0.0,1.0,0.0,1.0,0.0,1.0,0.0,0.0,0.0,0.0,0.0,0.0,0.0,1.0,1.0,0.0,1.0,0.0,0.0,0.0,0.0,0.0,1.0,0.0,0.0,1.0,0.0,0.0,0.0,1.0,0.0,0.0,0.0,0.0,1.0,0.0,0.0,0.0,0.0,0.0,0.0,0.0,0.0,0.0,552.6654,79.69325,44.565536,4.336432,5.407419,11.966348,4.9169526,1.8602898,9.069694,3.275681,4.593046,4.0988054,4.5152593,5.5698185,4.428275,36.09504,201.30756,143.02696,120.53375,59.911533,43.29096,0.81831133,0.81002647,1.110028,1.172685,0.7656266,62.61173,139.85829,3.7301905,1.6704618,0.0,0.0,1.0,0.0,1.0,0.0,0.0
54.363728,10.4738035,35.316288,-1.6160055,4.5135555,1.2735789,0.087802544,0.2595757,0.08547579,0.060275678,-51446.812,0.0013986892,4656.1953,0.015402118,-24562.045,-0.019175528,9946.266,118987.41,-2329134.0,66189.79,19391.215,78.28083,36.382755,116.36259,91.00249,39.084057,81.671745,17.828505,64.698425,3.3359497,171.40585,65.54558,0.0,17.65302,3.4471931,61.101566,23.2729,0.0,0.0,10.964963,179.2846,-60.025444,1.0,1.778345,0.0,0.0,0.0,0.0,1.0,1.0,0.0,1.0,1.0,1.0,0.0,0.0,0.0,1.0,1.0,0.0,1.0,1.0,0.0,0.0,0.0,0.0,1.0,0.0,0.0,0.0,0.0,0.0,1.0,1.0,1.0,1.0,0.0,0.0,0.0,1.0,0.0,1.0,0.0,1.0,1.0,0.0,0.0,0.0,0.0,0.0,0.0,0.0,0.0,0.0,659.6236,78.381195,53.2943,2.5250936,8.552549,32.249107,1.8378068,-2.0191808,27.477875,11.383004,8.732608,11.528652,1.4868921,3.1676266,2.1487167,75.138954,27.591629,-40.581406,59.314514,-7.023669,115.33374,1.2409534,1.826173,3.1800234,3.4968896,1.8325953,192.25935,529.87994,4.2689934,0.8680494,1.0,1.0,1.0,0.0,1.0,0.0,0.0
62.775665,-0.5982118,25.241524,8.831425,1.2222965,0.3496352,0.16312444,0.19134405,0.113436334,0.08473686,18981.459,0.0077004703,11877.867,0.037112262,147750.22,-0.010521444,59310.9,-200946.56,-2875360.8,330309.72,167429.98,68.17579,58.715973,124.59734,55.777325,50.336754,52.23438,-27.602304,24.38593,5.680589,159.51112,55.935715,0.0,-41.022007,-4.378809,68.79215,25.339207,0.0,0.0,12.136627,153.07037,-24.945934,2.0,1.585381,0.0,0.0,0.0,0.0,0.0,1.0,0.0,0.0,0.0,0.0,0.0,0.0,0.0,1.0,0.0,0.0,0.0,0.0,0.0,0.0,0.0,0.0,1.0,0.0,0.0,0.0,0.0,0.0,0.0,0.0,0.0,1.0,0.0,0.0,0.0,0.0,0.0,0.0,0.0,0.0,1.0,0.0,0.0,0.0,0.0,0.0,0.0,0.0,1.0,0.0,410.078,133.49344,59.96678,5.0420313,7.68352,66.14836,9.050573,5.2843676,61.990196,29.550495,17.327963,19.772406,1.3663274,3.6437373,5.392025,81.63399,75.24509,-21.796568,99.53624,21.3371,73.83693,1.0010086,1.6921114,3.339251,1.6198854,0.70833224,408.64203,810.6362,3.8749442,0.66164565,0.0,1.0,0.0,0.0,0.0,0.0,0.0
70.28437,3.4363945,39.16149,0.26684278,2.719348,0.21390742,0.11351546,-0.12406241,0.017591618,0.02623106,-4845.1787,-0.0031262473,6555.359,-0.004901522,91032.23,-0.04803288,105093.79,40819.746,-114468.51,246742.7,108877.73,123.90437,32.552074,69.68326,114.32377,31.665152,6.177864,52.429546,126.01504,2.8981361,145.9238,85.42619,0.0,53.09683,2.8376153,65.8526,40.455627,1.0,1.0,2.763559,179.0108,117.8476,2.0,1.8357579,1.0,0.0,0.0,0.0,0.0,1.0,0.0,0.0,0.0,1.0,0.0,1.0,0.0,0.0,1.0,0.0,0.0,1.0,0.0,0.0,0.0,0.0,0.0,0.0,0.0,0.0,0.0,0.0,1.0,0.0,1.0,0.0,0.0,0.0,0.0,1.0,0.0,0.0,0.0,0.0,1.0,0.0,0.0,0.0,0.0,0.0,0.0,0.0,0.0,0.0,1004.1624,163.20854,74.642715,3.520856,4.394796,31.366035,3.2037563,-0.9769337,23.885162,6.8884172,17.002892,23.50062,3.4989874,5.2387123,7.782981,67.27178,112.71137,6.7949953,-9.354423,-102.13981,132.7301,1.1415453,1.3718784,1.8328061,0.38999212,2.1155322,-165.93944,1320.4998,5.284829,2.9711044,1.0,1.0,0.0,0.0,0.0,1.0,0.0
69.034164,1.5754282,47.45917,10.654008,4.366692,1.3051461,0.13128124,0.107562274,0.028120216,0.030253068,12386.663,-0.0013263065,2331.4656,0.011289176,27991.707,0.003634476,88655.68,116290.13,-1112409.5,288704.6,42374.37,109.49848,38.784504,101.0233,43.972652,14.942829,49.14832,53.189537,94.848595,2.1668591,160.51686,57.61788,0.0,58.66348,1.9129273,74.15567,24.459454,1.0,0.0,12.836483,111.71648,18.91477,0.0,1.634045,0.0,0.0,0.0,0.0,0.0,0.0,0.0,0.0,0.0,1.0,1.0,1.0,0.0,0.0,0.0,0.0,0.0,0.0,0.0,0.0,0.0,0.0,0.0,0.0,0.0,0.0,0.0,0.0,1.0,1.0,0.0,0.0,0.0,0.0,0.0,0.0,0.0,0.0,0.0,0.0,0.0,0.0,0.0,0.0,0.0,0.0,0.0,0.0,0.0,0.0,-388.21967,139.78757,79.35971,6.349118,7.2375164,26.66165,4.2529325,2.6216073,23.267715,10.025378,9.040737,9.020481,3.8819351,5.3449283,4.4326444,41.029884,132.64728,84.328445,37.674076,-6.5781827,47.0904,0.5811003,0.70406896,1.9049802,1.8159287,1.6423486,109.80421,307.8499,4.30509,0.38206407,0.0,0.0,0.0,0.0,0.0,0.0,1.0
72.757996,3.464785,40.461132,11.175109,4.485854,1.4001967,0.11420187,0.20129637,0.10033478,0.094087265,18935.846,0.006791206,2321.3486,0.013498001,38662.844,0.0022184632,46326.867,-10640.379,-498036.0,255078.05,75325.016,92.33367,44.389706,139.84618,32.728832,22.190897,64.30674,20.692616,62.049984,3.0426362,168.31696,114.34626,0.0,20.546625,0.09816742,42.29088,40.29498,0.0,0.0,13.0706415,134.46921,143.39148,2.0,2.2957625,1.0,0.0,0.0,0.0,1.0,0.0,1.0,1.0,1.0,1.0,0.0,1.0,0.0,0.0,1.0,0.0,0.0,0.0,0.0,0.0,0.0,0.0,1.0,1.0,0.0,0.0,0.0,0.0,1.0,1.0,0.0,0.0,0.0,0.0,0.0,1.0,0.0,0.0,0.0,0.0,0.0,0.0,0.0,0.0,0.0,0.0,0.0,0.0,0.0,0.0,559.8764,148.65578,89.579735,8.163052,9.382735,44.31204,8.810485,5.7451715,40.9126,18.79494,14.367594,17.83046,3.5053744,5.0771317,5.1092405,46.244274,122.49377,67.26129,120.23829,67.02201,48.4206,0.5713662,0.69749475,1.7680266,1.8296106,1.5664921,190.36678,310.76224,3.925362,0.6518897,1.0,0.0,1.0,0.0,0.0,1.0,0.0
19.711885,-0.6272845,-13.658411,-0.9179049,-5.359907,5.450565,0.38847238,0.53153664,0.2593314,0.33564028,27454.898,0.023327326,7521.1294,0.007904603,22359.6,0.7128091,116930.766,1426334.2,4447714.5,438366.28,147894.88,277.3277,66.094444,-4.990156,235.4324,57.240875,-64.17758,227.4685,323.69775,29.544455,147.60434,106.204544,0.0,261.2731,1.3295352,135.27174,46.50988,0.0,0.0,19.85391,-126.27237,-303.82776,1.0,2.0805075,1.0,0.0,0.0,0.0,0.0,0.0,0.0,0.0,0.0,0.0,0.0,0.0,0.0,0.0,0.0,0.0,0.0,1.0,0.0,1.0,0.0,0.0,0.0,0.0,0.0,0.0,0.0,0.0,1.0,0.0,0.0,0.0,0.0,0.0,0.0,1.0,0.0,1.0,0.0,0.0,1.0,0.0,0.0,0.0,0.0,0.0,0.0,0.0,1.0,0.0,-3289.6575,258.20184,152.7337,23.786196,33.47466,94.67348,23.398476,27.288448,98.75853,46.8626,71.040474,90.98151,7.9767675,10.223491,-0.94617,54.840286,472.79282,364.87537,-313.70755,-317.25864,141.099,1.5365539,2.0835383,4.6405635,-1.7219076,3.7333896,381.288,2146.526,10.221043,9.189658,0.0,1.0,0.0,0.0,1.0,0.0,0.0
65.63385,5.302441,29.825672,10.673849,4.6299014,1.0452414,0.17058206,0.020634111,0.018970057,0.04668228,40404.98,0.013480491,3266.6628,0.022681752,54124.004,-0.014054441,97984.945,48873.527,186133.19,182849.2,25241.908,107.7201,50.287464,114.276794,39.80423,24.186945,35.61185,-7.875127,22.528692,6.0098696,161.3075,73.36869,0.0,-16.124327,0.19279139,49.061703,28.72316,1.0,0.0,10.270854,147.00815,245.9337,1.0,1.7962477,0.0,0.0,1.0,0.0,0.0,1.0,0.0,1.0,0.0,1.0,1.0,1.0,0.0,0.0,0.0,0.0,0.0,0.0,0.0,0.0,0.0,0.0,0.0,0.0,0.0,0.0,0.0,0.0,1.0,0.0,0.0,0.0,1.0,0.0,0.0,1.0,0.0,0.0,0.0,0.0,0.0,0.0,0.0,0.0,0.0,0.0,0.0,0.0,0.0,0.0,284.22784,119.734856,59.590805,10.656789,10.917735,14.695681,9.594512,7.407984,9.089067,5.783817,6.9158216,4.6421576,4.067123,5.0897064,5.2169333,38.15508,154.02328,96.65153,62.67098,7.435675,50.93265,0.6280268,0.74550706,1.3567408,1.2653155,0.39291665,44.57583,264.164,3.3844118,3.2624156,0.0,0.0,1.0,0.0,0.0,1.0,0.0
49.99161,4.088248,12.124667,-2.0313463,1.0385336,1.234127,0.15819503,0.2329227,0.14229771,0.057824116,-1903.5039,-0.0015528891,-621.1679,0.0070762425,-19020.197,0.011082551,5937.496,-55270.86,-284557.75,142022.17,107785.305,120.453476,27.56218,94.51619,86.69949,19.841013,50.502388,51.874,121.06074,12.9685545,147.21231,60.63372,0.0,53.116844,-3.3224962,81.66529,30.73298,1.0,0.0,10.918336,122.190445,65.80825,2.0,1.5845647,0.0,0.0,0.0,0.0,0.0,1.0,0.0,0.0,0.0,1.0,1.0,1.0,0.0,0.0,0.0,0.0,0.0,0.0,0.0,1.0,0.0,0.0,1.0,0.0,1.0,0.0,0.0,0.0,1.0,0.0,1.0,1.0,0.0,0.0,0.0,1.0,0.0,1.0,0.0,0.0,0.0,0.0,0.0,0.0,0.0,0.0,0.0,0.0,0.0,0.0,-134.69507,135.29471,71.976265,12.306864,16.253872,57.631023,14.622399,9.3666115,55.935833,21.467663,22.473469,28.010654,3.6827557,5.564586,2.2551,49.074825,138.3932,46.35866,-1.8159745,-57.9766,76.779175,0.9126617,1.0404882,2.5790143,0.6515875,1.6925012,286.2696,809.4276,5.5252614,0.1419396,1.0,1.0,0.0,0.0,0.0,0.0,1.0
76.93379,5.0572453,51.817894,12.272203,5.9645925,0.7302158,0.099225275,0.024547897,-0.025347134,0.0485233,36905.65,0.0022128853,11014.349,0.004668412,217366.4,0.012697136,57798.652,-254613.95,-1902071.0,153381.94,28591.844,74.107254,27.676235,105.65191,73.07182,27.626482,37.88263,28.633331,67.518745,-2.138914,151.16772,102.33565,0.0,27.056927,2.8204772,33.530083,44.66251,0.0,0.0,13.842025,187.39798,-31.279814,1.0,2.060182,0.0,0.0,1.0,0.0,0.0,0.0,0.0,0.0,0.0,0.0,0.0,0.0,0.0,0.0,0.0,0.0,0.0,0.0,0.0,0.0,0.0,0.0,1.0,0.0,0.0,0.0,0.0,0.0,0.0,0.0,0.0,0.0,0.0,0.0,1.0,0.0,0.0,0.0,0.0,1.0,0.0,0.0,0.0,0.0,0.0,0.0,0.0,0.0,0.0,0.0,101.458046,103.20922,60.308758,-0.26708475,1.298967,13.38991,-3.139455,-3.9492378,10.093443,6.8874807,4.749718,2.3519638,1.4318997,3.4458506,4.5571733,75.24016,31.739803,-26.33631,61.940617,3.688524,73.72494,1.1305113,1.5399587,1.899787,2.1257439,2.3969488,85.099174,243.18582,4.4315915,3.8371093,0.0,1.0,0.0,0.0,0.0,0.0,1.0
78.73002,4.2861824,14.021212,2.5882404,1.9173034,1.0229341,0.11052655,0.14875154,0.10803472,0.13115965,29916.35,0.003910121,5112.9883,0.01160608,72797.24,0.044771492,49586.07,199017.38,320270.28,150254.78,62852.316,111.57037,52.90972,129.38797,73.73963,37.7656,74.56463,19.980944,68.425446,12.310246,163.29118,98.6251,0.0,16.694752,-0.6540869,51.31229,37.231472,1.0,0.0,11.622346,150.82808,85.343605,2.0,2.0831695,1.0,0.0,1.0,0.0,1.0,1.0,0.0,1.0,0.0,1.0,0.0,1.0,0.0,0.0,0.0,0.0,0.0,0.0,0.0,0.0,0.0,0.0,0.0,0.0,0.0,0.0,0.0,0.0,1.0,1.0,1.0,1.0,0.0,0.0,0.0,0.0,0.0,0.0,0.0,1.0,0.0,0.0,0.0,0.0,0.0,0.0,0.0,0.0,0.0,0.0,1321.0709,137.85909,84.47153,14.1788,17.306883,53.935562,15.821518,11.674664,51.311554,26.61987,25.839325,31.192673,2.8832278,4.4107637,4.547285,47.613743,141.10776,72.352196,61.692883,4.5963907,48.700165,0.9866672,1.1582558,2.3933349,1.0287023,1.3908534,208.84195,432.87387,4.2422237,4.853618,0.0,0.0,1.0,0.0,0.0,0.0,1.0
74.85567,5.601794,32.94661,6.0958786,2.9127784,0.7594727,0.097842544,-0.023781184,-0.020870574,-0.030059393,24569.402,0.008619186,7317.133,0.03816418,67626.17,-0.01810955,80281.164,102669.51,-1638722.8,218116.53,40629.348,97.70384,50.943348,89.49187,57.431274,33.493668,29.189692,-18.12002,17.002144,4.216293,165.6732,73.8122,0.0,-28.161467,-0.52793765,64.16837,28.047306,1.0,0.0,8.884928,205.4758,156.73125,2.0,1.8174037,1.0,0.0,0.0,0.0,1.0,1.0,0.0,1.0,0.0,1.0,1.0,0.0,0.0,0.0,0.0,0.0,0.0,0.0,0.0,0.0,0.0,0.0,1.0,0.0,0.0,0.0,0.0,0.0,1.0,0.0,0.0,1.0,0.0,0.0,0.0,1.0,0.0,1.0,0.0,1.0,1.0,0.0,0.0,0.0,0.0,0.0,0.0,0.0,0.0,0.0,-51.648045,113.48521,62.304462,7.2704782,7.0434775,19.043764,6.614631,5.6584473,14.817597,9.911613,14.354243,18.394222,3.265668,4.6681147,4.6533723,52.330296,123.22514,41.18245,31.561169,-39.588947,89.0718,0.8083181,1.0618973,3.0369334,1.5303824,0.75775087,-37.44857,325.511,3.4807138,2.1019566,1.0,0.0,0.0,0.0,0.0,1.0,0.0
89.593994,2.391579,55.20226,11.470609,4.561831,0.61389333,0.08372239,-0.0858132,-0.03766781,0.060221624,15849.573,0.0010852988,4513.8813,0.013639037,90632.75,0.047317445,63968.945,-250284.38,-492448.56,322231.38,81059.914,132.99623,50.733456,120.98295,93.36201,34.690815,30.989689,10.850982,57.349022,-3.3396301,174.5994,95.33751,0.0,8.312697,3.1975963,40.136494,32.048195,1.0,0.0,10.672055,131.84645,193.8547,2.0,2.1104167,1.0,0.0,0.0,0.0,0.0,0.0,0.0,1.0,1.0,0.0,0.0,0.0,0.0,0.0,0.0,0.0,0.0,0.0,0.0,0.0,0.0,0.0,0.0,0.0,0.0,0.0,0.0,0.0,0.0,0.0,0.0,0.0,0.0,0.0,0.0,0.0,0.0,0.0,0.0,0.0,0.0,0.0,0.0,0.0,0.0,0.0,0.0,0.0,0.0,0.0,122.900154,133.97017,76.778656,-0.97226876,-0.34170488,12.555455,-2.2389593,-0.8833504,13.158892,9.434026,10.564838,14.684106,3.8349006,5.789219,7.679041,63.711357,205.32108,113.47759,88.97719,13.969421,59.010147,1.0220803,1.0179963,1.7343733,0.78543353,1.9302957,33.67427,732.0362,4.149355,5.4947777,0.0,1.0,0.0,0.0,0.0,0.0,1.0
79.85283,3.6132102,43.50324,9.38541,3.1232886,1.4690485,0.17217991,0.22732744,0.025499364,0.092879266,8236.467,0.0019723026,-567.035,0.004198047,-24402.322,0.03689896,77725.73,105355.15,-1330844.2,160662.56,35258.363,115.47348,36.31996,157.43834,67.672516,20.100782,111.94317,9.377238,48.30875,2.6526456,165.2445,93.41264,0.0,4.266945,-2.8986125,77.499695,34.882793,1.0,0.0,13.484361,162.77933,-19.709354,0.0,2.0590384,0.0,0.0,0.0,0.0,1.0,1.0,0.0,0.0,0.0,0.0,0.0,1.0,0.0,0.0,0.0,0.0,0.0,0.0,0.0,0.0,0.0,0.0,1.0,0.0,0.0,0.0,0.0,0.0,1.0,1.0,0.0,0.0,0.0,0.0,0.0,0.0,0.0,0.0,0.0,0.0,1.0,0.0,0.0,0.0,0.0,0.0,0.0,0.0,0.0,0.0,232.37436,115.35515,63.035706,8.8553295,8.268329,37.679996,9.585719,6.5237503,38.383892,23.22273,15.953373,18.719229,3.6094642,5.0224657,4.768759,40.489822,139.14058,92.20834,110.99801,73.18927,35.07605,0.69721717,0.95434487,2.1031756,2.2598174,1.5135405,287.47632,467.1091,4.137526,-0.38113788,0.0,0.0,0.0,0.0,0.0,0.0,1.0
66.88417,-3.447154,62.412445,16.271175,5.555201,1.4660696,0.018077388,0.046491478,-0.056891996,0.041739855,-13678.66,-0.0107797915,1075.6085,-0.0062966472,3665.3447,-0.057617463,99442.17,-515033.6,-1748253.5,167826.89,56610.184,223.36162,81.28851,173.60124,219.5147,80.11671,77.93631,4.7320724,72.76702,-9.55752,166.01903,75.98701,0.0,0.60359913,0.13674016,26.834745,28.526009,1.0,0.0,13.759233,98.18556,-7.810989,1.0,1.8115419,1.0,0.0,0.0,0.0,1.0,1.0,0.0,1.0,1.0,1.0,0.0,0.0,0.0,0.0,0.0,1.0,1.0,1.0,0.0,0.0,1.0,0.0,0.0,0.0,0.0,0.0,0.0,0.0,0.0,0.0,0.0,0.0,0.0,0.0,0.0,1.0,0.0,0.0,0.0,1.0,1.0,0.0,1.0,0.0,0.0,0.0,0.0,0.0,0.0,0.0,2163.6938,179.45114,116.863594,-9.189472,-7.7010555,24.73525,-8.71951,-9.478866,26.55836,13.585109,5.165251,7.4906044,4.69214,6.433538,5.191795,62.93986,369.54172,240.09216,112.55961,33.58667,83.24731,1.6842571,1.9349768,4.109804,1.617176,1.0049585,270.15317,1272.3132,4.4591684,3.6978347,0.0,0.0,1.0,0.0,0.0,0.0,1.0
79.57801,7.5494885,49.404556,8.029811,4.840552,1.6120032,0.12206086,0.118270494,-0.034651168,0.01720244,47793.23,-0.001111534,9558.313,0.009074722,173067.95,-0.038147807,126433.23,586492.06,-543305.4,140991.42,5908.0337,152.77783,63.774345,152.41833,109.84766,48.289173,78.440636,24.495037,48.842766,-0.9995937,177.43846,91.69177,0.0,25.926537,2.8768861,45.177784,30.186583,0.0,0.0,8.797143,155.5154,144.90883,2.0,2.0850072,1.0,0.0,0.0,0.0,0.0,0.0,0.0,1.0,0.0,1.0,0.0,1.0,0.0,0.0,1.0,0.0,0.0,0.0,0.0,0.0,0.0,0.0,0.0,0.0,0.0,0.0,0.0,0.0,1.0,1.0,0.0,1.0,0.0,0.0,0.0,1.0,0.0,1.0,0.0,0.0,1.0,0.0,0.0,0.0,0.0,0.0,0.0,0.0,0.0,0.0,1222.87,129.04391,75.65195,5.027734,5.010922,21.680038,3.6683524,0.7219739,15.540021,12.308643,13.291541,17.75655,4.5623846,5.2518578,5.4625626,29.554615,221.4459,183.66527,99.21398,47.716118,53.255417,0.86524063,1.0541824,1.059029,1.849618,1.9597685,50.363495,718.74713,4.0157847,3.1799226,1.0,1.0,0.0,0.0,0.0,1.0,0.0
79.270515,5.941675,20.158365,0.570749,1.4627013,0.83344156,0.15615454,-0.0067345523,0.049563076,0.079735085,12167.752,0.01734714,3195.1294,0.032308556,16632.775,0.044361215,87521.15,248136.88,361635.6,188157.73,73192.836,105.36557,46.11515,103.65907,56.14258,26.419807,38.908306,-10.229125,26.834074,9.27701,159.56366,48.54771,0.0,-17.559923,1.8515419,52.79438,21.597628,1.0,1.0,8.242809,110.57306,123.8193,2.0,1.50341,0.0,0.0,1.0,0.0,0.0,0.0,0.0,1.0,0.0,1.0,1.0,1.0,0.0,0.0,0.0,0.0,0.0,0.0,0.0,1.0,0.0,0.0,0.0,0.0,0.0,0.0,0.0,0.0,1.0,0.0,0.0,0.0,0.0,0.0,1.0,0.0,0.0,0.0,0.0,1.0,1.0,0.0,0.0,0.0,0.0,0.0,0.0,0.0,1.0,0.0,1960.4827,117.82424,60.13778,11.625458,12.1205015,27.339659,11.698178,7.957327,24.4746,13.970373,22.493319,28.353582,3.3035038,4.6822457,4.4880705,43.846542,138.37819,68.281525,51.102795,-19.55179,61.737114,0.94708186,0.9870185,2.1451302,1.6518703,1.4400306,-50.325592,547.84894,3.64232,3.022771,0.0,0.0,1.0,0.0,0.0,0.0,1.0
46.730648,3.6368768,61.93266,16.72908,6.9294825,1.0025443,0.15436998,0.06611644,0.054938734,0.04862868,32288.598,-0.004592367,7502.7285,0.0078081787,112439.24,-0.061062127,93585.11,-178078.95,-1820801.9,307960.1,28921.281,129.32503,64.54788,149.33035,63.421165,37.697884,63.649773,36.949543,96.40692,-3.7583766,166.63614,99.17707,0.0,38.736927,1.6273069,56.707573,36.69066,1.0,0.0,12.413192,122.76341,190.05844,1.0,2.1167357,0.0,0.0,0.0,0.0,0.0,0.0,0.0,0.0,0.0,1.0,1.0,1.0,0.0,0.0,0.0,0.0,0.0,0.0,0.0,0.0,0.0,0.0,0.0,0.0,0.0,0.0,0.0,0.0,1.0,1.0,0.0,0.0,0.0,0.0,0.0,1.0,0.0,0.0,0.0,0.0,0.0,0.0,0.0,0.0,0.0,0.0,0.0,0.0,0.0,0.0,-216.43893,139.45628,66.485794,0.5336824,0.9836791,17.555424,-1.6777492,-2.4869094,12.506374,2.1351235,-2.0117517,-5.021118,3.910379,5.549935,6.7306557,59.541725,201.56735,112.8459,114.43332,43.46698,71.539185,0.69549704,0.97460145,2.2992978,1.6352055,0.69688183,43.712887,427.9652,4.464548,-0.39354053,0.0,0.0,0.0,0.0,0.0,1.0,0.0
54.44766,4.361594,49.539192,13.16973,4.458302,2.4571478,0.17160414,0.1331118,0.057547554,0.07351331,48834.01,0.0015853699,3810.569,0.0034352655,46751.99,0.030760204,13975.145,202237.58,484318.5,194476.22,21887.348,133.99086,58.075954,89.732735,65.03903,32.557053,-17.060955,38.948914,82.59792,1.8268478,161.63907,91.97823,0.0,39.77048,-0.59884995,66.53955,35.309086,0.0,1.0,15.546661,147.7897,-1.9408237,2.0,2.002622,0.0,0.0,0.0,0.0,0.0,0.0,0.0,0.0,0.0,1.0,1.0,1.0,0.0,0.0,0.0,0.0,0.0,1.0,0.0,0.0,1.0,0.0,0.0,0.0,0.0,0.0,0.0,0.0,0.0,0.0,0.0,1.0,0.0,0.0,0.0,0.0,0.0,1.0,0.0,0.0,1.0,0.0,0.0,0.0,0.0,0.0,0.0,0.0,0.0,0.0,-1706.109,123.82638,74.53918,6.2258096,7.105487,6.928226,3.4875538,5.1851025,4.6457777,2.7745485,13.280127,15.039331,5.2763495,6.330814,2.1824536,26.144678,215.05992,173.68665,10.63528,-19.79755,52.908344,0.6850039,0.78192407,2.6079109,1.2695727,1.726243,1.3773127,66.18078,4.508726,0.7981921,0.0,0.0,1.0,0.0,1.0,0.0,0.0
46.908962,1.8407259,53.804676,23.298716,3.9234796,-1.1553736,-0.015036167,-0.4117197,-0.048676666,-0.122442804,29945.719,-0.018778035,18808.545,0.03926736,277979.03,-0.19147517,173360.62,-493267.97,-2058702.8,474124.1,114546.8,226.18558,99.655754,203.6044,238.5248,102.441696,114.28127,24.671803,127.67598,11.257001,184.74454,171.45007,0.0,28.638226,3.3371058,62.873123,55.55956,0.0,0.0,9.692929,39.085808,62.323807,2.0,3.0203824,0.0,0.0,0.0,0.0,1.0,1.0,0.0,0.0,0.0,1.0,0.0,1.0,0.0,0.0,1.0,0.0,1.0,1.0,0.0,0.0,0.0,0.0,0.0,0.0,0.0,0.0,1.0,0.0,1.0,1.0,0.0,0.0,0.0,0.0,1.0,1.0,0.0,0.0,0.0,0.0,1.0,0.0,0.0,0.0,0.0,0.0,0.0,0.0,0.0,0.0,844.37354,169.01216,75.22045,8.790647,12.022067,26.049974,11.091546,4.4199715,19.966223,14.466362,19.810404,22.781757,2.6678479,5.8320336,11.450066,110.05064,371.6861,167.5063,189.19585,24.80383,127.46117,1.7299249,2.572935,2.2001987,0.8789035,0.2659052,-496.33002,432.21997,5.938928,0.43827066,0.0,1.0,0.0,0.0,0.0,1.0,0.0
66.183395,4.5448017,33.79056,5.1587143,4.8042397,0.98746306,0.15732075,0.33208445,0.07411225,0.03894629,7577.69,-0.0019664518,23.272413,-0.00037822145,-9079.239,0.018095637,81939.86,-253259.6,-402697.03,131205.02,101691.805,102.6377,23.029612,132.94348,82.31499,20.214924,67.02828,42.1442,87.84516,3.3926249,149.94148,81.780556,0.0,42.337006,0.220904,72.3105,37.059475,1.0,0.0,14.141555,123.29248,-39.502,0.0,1.8362877,1.0,0.0,0.0,0.0,0.0,1.0,0.0,0.0,0.0,1.0,1.0,1.0,0.0,0.0,0.0,0.0,0.0,0.0,0.0,0.0,0.0,0.0,0.0,0.0,0.0,0.0,0.0,0.0,1.0,0.0,0.0,1.0,0.0,0.0,0.0,1.0,0.0,0.0,0.0,0.0,1.0,0.0,0.0,0.0,0.0,0.0,0.0,0.0,0.0,0.0,-642.1008,117.115036,64.530785,4.398403,7.6603026,53.04251,6.3266873,4.8269477,50.166965,21.578056,4.711884,-0.33630288,2.6048384,4.395728,4.650619,66.39425,73.881096,22.846437,81.15077,57.487278,14.013892,0.8758391,1.1597943,2.1012058,0.81781137,1.6864873,509.45737,671.97736,4.164052,1.9089541,0.0,0.0,0.0,0.0,0.0,0.0,1.0
83.6419,1.4974066,41.33476,14.650852,3.6894765,0.08486622,0.10095948,0.000921891,0.0239626,0.12405839,23107.992,-0.005928618,2903.2397,0.0021034442,96760.84,0.08207537,126209.08,-683843.94,-1081539.4,302400.0,77352.12,140.97755,50.065067,133.41678,88.152695,31.626293,74.97184,32.607563,97.84931,4.6297927,166.86766,143.88185,0.0,34.27652,1.0626343,41.06844,51.606007,1.0,0.0,9.144641,226.51741,171.70601,0.0,2.5885231,1.0,0.0,0.0,1.0,0.0,1.0,0.0,1.0,1.0,1.0,0.0,0.0,0.0,0.0,0.0,0.0,0.0,0.0,0.0,0.0,0.0,0.0,0.0,0.0,0.0,0.0,0.0,0.0,1.0,0.0,0.0,0.0,0.0,0.0,0.0,1.0,0.0,0.0,0.0,1.0,0.0,0.0,0.0,0.0,0.0,0.0,0.0,0.0,0.0,0.0,-615.84717,135.69107,75.53785,4.8917894,5.6725,34.80973,4.588995,5.170779,37.249916,23.62171,16.587463,17.796652,4.127108,6.4662127,9.710474,79.9202,217.1179,103.61145,80.42869,1.5854331,64.91392,0.87413806,0.9132757,3.68965,2.1767573,1.8927433,53.449516,940.9539,4.4328203,2.8282263,1.0,0.0,0.0,0.0,0.0,0.0,1.0
84.30451,3.0780444,27.874063,6.3902783,3.614175,1.0207137,0.11810254,0.1879422,0.021378256,-0.029562384,19916.229,0.0014710068,871.04395,0.03203378,27614.621,-0.011828377,81464.41,-132382.88,-1092313.9,122011.08,65407.027,90.60586,31.515574,107.71438,64.011116,23.516674,52.556427,16.83168,45.991028,5.4930453,149.65823,48.122604,0.0,13.565082,-2.335008,62.9866,25.126522,1.0,0.0,11.084247,169.07817,101.44844,1.0,1.4418845,0.0,0.0,0.0,0.0,0.0,1.0,0.0,1.0,1.0,0.0,0.0,1.0,0.0,0.0,0.0,0.0,0.0,0.0,0.0,0.0,0.0,0.0,0.0,0.0,0.0,0.0,0.0,0.0,0.0,0.0,0.0,0.0,1.0,0.0,0.0,0.0,0.0,0.0,0.0,0.0,0.0,0.0,0.0,0.0,0.0,0.0,0.0,0.0,0.0,0.0,1038.5562,110.780106,63.188778,7.8268833,8.931203,36.97861,9.802666,6.916245,34.20515,17.907804,7.4943085,3.6167545,3.2817132,4.5064406,3.984378,45.4337,70.6494,24.164219,60.236027,27.243408,43.85867,0.80755734,1.1559498,1.6762145,1.1995606,0.46767342,309.2444,420.0034,3.9137247,2.7838383,0.0,0.0,0.0,0.0,0.0,1.0,0.0
68.09081,4.641197,37.378548,5.185865,5.0117297,0.9134841,0.089862876,0.1676358,0.029587088,-0.0126811685,-3097.1033,2.3226217e-05,-442.45422,0.009887863,-27107.795,-0.014737501,99083.17,-152704.08,-589822.06,222724.36,93270.48,119.9567,37.77504,130.51022,77.72892,24.491938,55.83711,26.181532,77.54756,3.0470288,157.03116,76.14982,0.0,24.889088,2.7054164,56.49847,31.796715,1.0,0.0,11.150433,118.09836,83.9817,0.0,1.8027133,1.0,0.0,0.0,0.0,0.0,1.0,0.0,1.0,0.0,1.0,0.0,1.0,0.0,0.0,0.0,0.0,0.0,0.0,0.0,0.0,0.0,0.0,1.0,0.0,0.0,0.0,0.0,0.0,1.0,0.0,0.0,0.0,1.0,0.0,0.0,1.0,0.0,0.0,0.0,0.0,0.0,0.0,0.0,0.0,0.0,0.0,0.0,0.0,0.0,0.0,-47.83786,132.89163,77.853546,4.099523,6.546559,34.426563,4.659143,1.7562815,31.491552,12.697084,3.5913975,3.218399,3.3743691,5.053554,5.204295,55.030376,142.26627,62.163307,91.27502,24.609753,66.05765,0.89720595,0.96288735,2.2357948,1.7154799,1.184978,221.04672,468.56046,4.108689,1.8726319,0.0,1.0,0.0,0.0,0.0,0.0,1.0
79.242744,3.9167194,32.289646,6.934855,3.3186133,0.6329572,0.09120836,0.06666258,0.026374748,0.031152079,15689.632,0.004797952,2216.1626,0.015274501,-1687.4591,-0.0063231434,31509.531,145904.06,-754938.6,160216.64,48302.547,102.0355,51.241528,120.37716,45.909294,28.51341,60.066383,-2.2966304,31.354174,2.0051835,159.60892,68.51018,0.0,-11.758009,-0.9838467,47.77978,27.77205,1.0,0.0,12.083951,165.6875,30.622898,2.0,1.7345072,1.0,0.0,0.0,0.0,1.0,1.0,0.0,1.0,1.0,1.0,0.0,1.0,0.0,1.0,0.0,0.0,0.0,0.0,0.0,0.0,0.0,0.0,0.0,0.0,1.0,0.0,0.0,0.0,1.0,0.0,0.0,1.0,1.0,0.0,0.0,1.0,0.0,0.0,0.0,0.0,0.0,0.0,0.0,0.0,0.0,0.0,0.0,0.0,0.0,0.0,213.65735,106.130905,65.01402,6.5377364,7.2295876,29.439102,6.956656,4.7799745,26.025595,14.464373,12.746387,15.1336975,3.4127247,4.6431947,3.9576633,40.9386,138.61456,82.32507,70.53847,23.941069,47.43336,0.7175521,0.85197854,2.0458012,1.4307952,1.5268432,210.25122,58.883076,3.2105374,3.1853535,0.0,0.0,1.0,0.0,0.0,1.0,0.0
57.508816,-10.939662,35.33402,22.657505,1.5677916,2.1993434,0.10674722,0.26704144,0.0064300303,0.119598985,56339.938,-0.040576097,540.14777,-0.044748355,224915.0,-0.014465235,35282.98,-375998.25,-3251066.5,-59611.297,-49638.758,247.34776,69.865524,101.36945,262.1029,82.60661,72.715355,150.0587,224.006,1.1582252,145.01326,51.871986,0.0,173.88672,-6.6896214,41.92628,28.402134,1.0,0.0,17.693844,74.89097,-163.45988,0.0,1.431613,1.0,0.0,0.0,0.0,0.0,0.0,0.0,1.0,0.0,1.0,1.0,0.0,0.0,0.0,0.0,0.0,0.0,1.0,0.0,1.0,1.0,0.0,0.0,0.0,0.0,0.0,0.0,0.0,0.0,0.0,0.0,1.0,0.0,0.0,0.0,0.0,0.0,0.0,0.0,1.0,1.0,0.0,0.0,0.0,0.0,0.0,0.0,0.0,0.0,0.0,2937.5945,201.10179,130.40187,3.724979,7.0669866,48.660908,5.9086666,1.1696358,53.82767,32.57647,30.190334,34.30011,6.2483506,7.720103,0.24487698,28.241833,396.05203,317.1,-98.410446,-80.26573,38.97973,1.5527254,2.1901207,3.3192077,0.6167077,2.6088297,459.7983,1597.1622,6.644137,0.83953726,0.0,0.0,1.0,0.0,0.0,0.0,1.0
55.168373,-3.743596,45.45961,20.119478,6.1112857,0.86382544,0.11374073,0.095623344,-0.011122367,0.072898775,49228.926,0.0009331402,7820.1294,0.024474218,237984.66,-0.06782733,101469.78,-826033.4,-2103523.5,125735.4,55914.992,83.83093,15.042042,119.94811,130.73038,42.08205,33.953484,5.813641,49.240055,-1.6001931,141.29648,81.07503,0.0,-0.6125656,-1.6640512,21.709578,40.07226,1.0,0.0,14.398423,174.78899,87.4881,1.0,1.731561,1.0,0.0,0.0,0.0,0.0,0.0,0.0,0.0,0.0,1.0,0.0,0.0,0.0,0.0,0.0,0.0,0.0,0.0,0.0,0.0,0.0,0.0,0.0,0.0,0.0,0.0,0.0,0.0,0.0,0.0,0.0,0.0,0.0,0.0,0.0,0.0,0.0,0.0,0.0,1.0,0.0,0.0,0.0,0.0,0.0,0.0,0.0,0.0,0.0,0.0,877.4403,176.0261,93.97713,0.19109139,0.3774225,37.43843,-0.45300326,-4.164318,32.381596,14.732088,0.30398843,-7.5985875,0.14837486,2.38904,4.7294054,97.77829,2.17259,-81.24738,90.59755,11.521383,86.64392,1.5194763,2.0071461,1.3155781,1.0970116,-0.067023106,354.0977,1009.94775,3.899235,2.229843,0.0,0.0,1.0,0.0,0.0,0.0,1.0
69.05904,6.678084,42.00112,4.5668855,4.840918,1.1254208,0.13017385,0.05032136,0.024305977,0.017664857,5661.372,0.0069578495,2280.3787,0.013937009,14373.665,-0.045804057,99087.55,-87010.82,220359.33,195255.0,72037.03,122.73533,39.165756,138.14983,77.06888,23.36336,53.35324,-19.850449,18.520226,1.2777491,163.75407,60.876606,0.0,-28.843025,1.1764294,65.09049,24.756744,1.0,0.0,11.06993,119.62635,109.52761,0.0,1.681769,0.0,0.0,0.0,0.0,1.0,1.0,1.0,0.0,0.0,0.0,1.0,1.0,0.0,0.0,0.0,0.0,0.0,0.0,0.0,0.0,0.0,0.0,1.0,0.0,0.0,0.0,0.0,0.0,0.0,0.0,0.0,1.0,0.0,0.0,1.0,0.0,0.0,0.0,0.0,0.0,0.0,0.0,0.0,0.0,0.0,0.0,0.0,0.0,0.0,0.0,-107.593994,111.39401,58.0337,4.5260406,5.880539,18.785631,4.42591,0.5212219,14.253128,3.6798396,5.0602746,6.052994,3.5964534,5.0873275,4.4301906,51.504013,152.22792,85.749405,106.926254,38.79749,54.987362,0.8150183,0.9751134,2.1106925,1.7051053,0.9004926,50.598885,217.90125,3.7247143,2.6562173,0.0,0.0,0.0,0.0,0.0,1.0,0.0
73.13623,9.93789,14.48041,1.8909433,3.1514883,0.62476146,0.08339227,0.08878106,0.020495351,0.018463219,13151.149,0.008381475,333.2324,0.009682863,72322.6,0.006638611,47398.06,4912.1123,826277.44,65124.01,71299.63,120.752625,23.938728,159.21935,92.819115,18.722157,87.83134,11.078597,55.81901,8.428575,159.8381,98.452286,1.0,9.822818,2.0311296,31.098358,37.724792,0.0,0.0,7.9452624,120.67034,282.69098,2.0,2.0633335,1.0,0.0,0.0,0.0,0.0,1.0,0.0,0.0,1.0,1.0,1.0,1.0,0.0,1.0,0.0,0.0,0.0,0.0,0.0,1.0,0.0,0.0,0.0,0.0,1.0,0.0,0.0,0.0,1.0,0.0,0.0,0.0,0.0,0.0,0.0,1.0,0.0,1.0,0.0,0.0,0.0,0.0,0.0,0.0,0.0,0.0,0.0,0.0,0.0,0.0,963.97,93.870094,55.265766,11.658123,16.003304,29.333988,12.907058,6.871073,26.987453,14.808579,13.884447,14.703022,2.5528424,4.1741095,5.7108436,63.85912,116.875656,54.642605,155.87149,82.281105,54.366592,1.0201222,1.0621723,1.2763226,1.6724449,1.9776084,66.012085,648.2373,4.059201,2.4918787,1.0,1.0,0.0,0.0,0.0,1.0,0.0
79.369774,5.717627,31.453485,10.419399,3.2923324,0.91153806,0.09852932,0.09388579,-0.045002755,-0.020578787,27328.318,0.0045192107,3914.9011,0.019397981,1489.2646,-0.011423853,73823.71,474034.25,-135621.88,143516.45,26358.139,157.95639,75.927895,148.65111,93.19684,47.3937,73.9303,38.216923,70.00026,4.109103,171.89629,103.80973,0.0,41.471344,-1.0052465,50.631798,35.55254,1.0,0.0,14.457688,123.621,-28.089731,1.0,2.2011864,1.0,0.0,1.0,0.0,0.0,1.0,0.0,1.0,0.0,1.0,1.0,1.0,1.0,1.0,0.0,0.0,0.0,0.0,0.0,0.0,1.0,0.0,0.0,0.0,0.0,0.0,0.0,0.0,1.0,0.0,0.0,1.0,0.0,0.0,1.0,0.0,0.0,0.0,0.0,0.0,0.0,0.0,0.0,0.0,0.0,0.0,0.0,0.0,0.0,0.0,68.86533,120.90593,75.4393,11.738172,11.980989,29.290478,11.65631,9.085648,24.609064,18.185253,18.477753,19.872036,5.4694414,6.1269574,3.8996964,24.046455,271.3224,211.23805,94.60516,49.834507,49.753284,0.8350532,0.9926386,1.8672059,0.56153464,1.0728588,92.989395,127.2566,3.8635702,3.7311952,0.0,0.0,1.0,0.0,0.0,1.0,0.0
68.286644,-2.6508303,45.882137,14.838657,4.500558,0.33956215,0.070046775,0.010695493,0.020237686,0.089747176,-32843.355,0.008616305,781.21936,0.015918195,-37210.52,-0.050069362,90125.79,-431415.22,-1073142.9,377188.9,127631.15,64.72868,36.612476,137.54297,56.34027,31.75985,60.15608,-13.66611,49.763115,-1.9175279,164.50575,82.13963,0.0,-22.321186,5.0100636,36.916367,31.08899,1.0,0.0,11.069265,147.63622,223.41731,2.0,1.9096872,1.0,0.0,0.0,0.0,0.0,1.0,0.0,1.0,0.0,1.0,0.0,1.0,0.0,1.0,0.0,0.0,0.0,1.0,0.0,0.0,0.0,0.0,1.0,0.0,0.0,0.0,1.0,1.0,0.0,0.0,0.0,1.0,0.0,0.0,0.0,1.0,0.0,1.0,0.0,1.0,0.0,1.0,0.0,0.0,0.0,0.0,0.0,0.0,0.0,0.0,348.5125,164.03279,89.24791,-0.61825806,1.8864592,34.266396,0.3535577,-3.1860404,33.830307,15.155598,5.4079375,7.3718286,0.57941395,3.2045577,7.63376,100.589905,39.35099,-70.64873,166.39322,52.50489,76.87398,1.2282547,1.4029824,2.0231404,2.5467114,1.5564446,339.4844,707.14246,3.9715848,1.5720081,0.0,1.0,0.0,0.0,0.0,1.0,0.0
71.5824,3.300078,44.02856,7.693511,4.077659,1.1161028,0.12130223,0.008053454,0.03596743,0.04350461,37306.32,0.0015529267,4744.3438,0.021963831,65368.207,-0.0013359636,53498.79,-106223.336,-1470976.8,199710.28,53804.66,96.35952,44.863636,53.340107,56.270954,28.33314,-22.330915,20.278173,64.60569,-2.6642013,154.95201,68.749275,0.0,17.262545,-2.142665,72.92065,30.80665,1.0,0.0,12.226776,170.65405,43.530476,1.0,1.711091,1.0,0.0,0.0,0.0,1.0,1.0,0.0,1.0,0.0,1.0,0.0,1.0,0.0,0.0,0.0,0.0,0.0,0.0,0.0,0.0,0.0,0.0,0.0,0.0,0.0,0.0,0.0,0.0,1.0,1.0,1.0,1.0,1.0,0.0,0.0,1.0,0.0,1.0,0.0,0.0,1.0,0.0,0.0,0.0,0.0,0.0,0.0,0.0,0.0,0.0,-256.90994,120.19673,64.371864,0.24514166,-1.4044946,16.746346,-0.3639109,1.4165307,14.770856,6.1569004,7.496315,8.618127,3.731264,5.1430244,4.2019544,43.118446,117.331345,49.568806,-23.531826,-70.08897,78.27335,0.7860923,0.9160218,1.9779036,-0.14711785,0.42452908,89.39048,445.08374,4.0596232,0.7692697,0.0,0.0,0.0,0.0,0.0,0.0,1.0
89.59588,4.6365314,53.05407,11.665655,5.9725595,1.2851528,0.10314714,0.059103794,-0.035085354,0.01747318,7416.5254,0.011155878,3912.8362,0.03998982,53242.406,-0.0050710747,48520.184,133510.48,-162886.6,251598.53,51825.566,69.14091,26.606565,93.82755,10.855625,6.008784,21.325535,-13.12956,0.9005771,2.3739264,162.422,78.559296,0.0,-21.904083,3.6434753,47.68955,30.880558,0.0,0.0,12.8056555,150.12851,-63.509422,2.0,1.8650293,1.0,0.0,0.0,0.0,0.0,0.0,0.0,0.0,0.0,0.0,0.0,0.0,1.0,0.0,0.0,1.0,0.0,0.0,0.0,0.0,0.0,0.0,0.0,0.0,0.0,0.0,0.0,0.0,0.0,0.0,0.0,0.0,0.0,0.0,1.0,0.0,0.0,0.0,0.0,1.0,0.0,0.0,0.0,0.0,0.0,0.0,0.0,0.0,0.0,0.0,-404.3781,118.79019,74.8615,5.963738,6.3521495,11.205296,4.0424194,3.2792554,8.397668,7.1086435,3.7365177,-0.17496741,2.6815143,4.004811,4.12078,51.218204,59.63415,37.02849,61.155544,18.242107,51.822052,0.5972265,0.5499652,0.48812512,2.0565007,1.0155005,130.42819,-107.32716,2.4363344,2.3005161,0.0,1.0,0.0,0.0,0.0,1.0,1.0
66.01093,6.160581,52.385845,12.272113,6.57071,0.9722528,0.09992446,0.025090393,-0.008473083,0.00097317685,-325.2201,0.014248667,4305.61,0.019409986,43377.29,-0.032401703,6542.456,-74301.484,-832675.3,153507.17,41097.434,103.54002,36.904358,141.60136,87.51365,29.300234,36.14984,10.361127,46.013287,-3.8863547,173.84593,72.780846,1.0,13.747536,2.7921984,64.1191,25.839207,0.0,0.0,11.014662,152.78593,86.39965,2.0,1.8592997,1.0,0.0,0.0,0.0,1.0,1.0,0.0,1.0,0.0,1.0,1.0,1.0,0.0,0.0,1.0,0.0,0.0,0.0,0.0,0.0,0.0,0.0,0.0,0.0,0.0,0.0,0.0,1.0,1.0,1.0,1.0,1.0,1.0,0.0,0.0,0.0,0.0,0.0,1.0,0.0,1.0,0.0,0.0,0.0,0.0,0.0,0.0,0.0,0.0,0.0,513.9767,110.640976,63.98985,-0.2884933,2.1316078,12.769138,-1.556507,-2.929123,8.279564,2.03221,-0.27888206,-0.60444987,2.4130056,3.84277,4.872554,58.10748,104.42262,36.739548,156.72359,78.42813,50.446434,1.2166485,1.2578604,1.4309407,1.8236587,1.6706876,87.94744,393.10507,3.799111,3.3715441,0.0,1.0,0.0,0.0,0.0,1.0,0.0
58.69007,-3.6860392,57.04672,30.090397,4.6372056,0.6225185,0.061239187,-0.1605682,-0.024779443,0.045318186,121165.96,-0.021034978,11767.408,-0.03985196,215624.88,-0.0029765093,220299.4,33968.09,1243599.0,331121.12,107692.35,274.25333,91.59458,92.53696,280.37134,97.52991,-7.700775,125.4386,213.81839,6.927067,175.32582,234.49625,0.0,144.2261,3.4475417,33.47058,80.66673,1.0,1.0,13.842283,4.650526,121.44172,2.0,3.6642032,1.0,0.0,0.0,0.0,0.0,0.0,0.0,0.0,0.0,1.0,0.0,1.0,0.0,0.0,1.0,0.0,0.0,0.0,0.0,1.0,0.0,0.0,0.0,0.0,0.0,0.0,0.0,0.0,1.0,1.0,0.0,0.0,0.0,0.0,0.0,1.0,0.0,0.0,0.0,0.0,1.0,0.0,0.0,0.0,0.0,0.0,0.0,0.0,0.0,0.0,-263.73746,237.478,132.924,11.455501,9.589125,45.250507,11.521431,8.215066,47.068474,28.659689,35.886017,42.65713,6.525436,8.394236,10.456147,59.16135,458.05255,323.53976,-31.933458,-93.51957,52.307655,1.7300383,1.9247522,-0.55716574,-2.629869,2.8144336,-33.3369,1343.0594,7.024905,4.9129276,0.0,1.0,0.0,0.0,0.0,0.0,1.0
81.432076,-0.17213711,42.538704,10.591711,4.406834,1.3737199,0.049292404,0.06814325,-0.011697933,0.01590972,23338.584,0.0051650507,6279.4336,0.015701294,110264.84,-0.0066353604,90451.17,307663.16,-536457.6,188285.7,38848.875,151.45567,76.95044,140.9927,114.3905,59.70773,68.65816,21.539465,61.252777,5.386039,171.15848,60.799168,0.0,23.681458,3.757299,48.82688,21.607618,0.0,0.0,10.349335,177.99004,172.13031,2.0,1.7042885,0.0,0.0,0.0,0.0,1.0,1.0,1.0,1.0,0.0,1.0,1.0,0.0,0.0,0.0,1.0,0.0,1.0,0.0,0.0,0.0,1.0,0.0,1.0,0.0,0.0,0.0,0.0,0.0,1.0,1.0,1.0,0.0,0.0,0.0,0.0,1.0,0.0,0.0,0.0,1.0,1.0,0.0,0.0,0.0,0.0,0.0,0.0,0.0,0.0,0.0,1065.3287,157.96805,102.456184,5.813789,8.470748,31.590355,6.492871,2.0417023,29.145918,17.011848,13.222763,15.359916,4.238525,5.2734847,3.7883482,36.026062,247.62186,181.9293,81.30751,27.686142,54.46787,1.1563984,1.2657179,2.083099,2.0405731,1.3861326,242.23528,411.64648,4.1129727,5.0667853,0.0,0.0,1.0,0.0,0.0,0.0,1.0
75.33814,3.8494792,31.06114,7.3625813,3.8638697,1.0461447,0.1063027,0.09252502,0.051697902,0.08517825,-11753.057,0.005456414,4246.0522,0.0112565,19865.78,-0.0086804535,104416.03,147380.55,62718.39,163738.25,63223.812,109.65188,44.27751,106.89636,83.2956,33.684547,47.683052,24.53303,59.52879,10.256241,173.5216,78.092705,0.0,26.12798,4.7402577,51.629166,26.520174,1.0,0.0,10.559804,178.14502,132.5039,2.0,1.9294713,0.0,0.0,1.0,0.0,1.0,1.0,0.0,1.0,0.0,1.0,1.0,1.0,0.0,0.0,0.0,0.0,0.0,0.0,0.0,0.0,1.0,0.0,0.0,0.0,0.0,0.0,0.0,0.0,1.0,0.0,1.0,1.0,0.0,0.0,1.0,1.0,0.0,1.0,0.0,1.0,1.0,0.0,0.0,0.0,0.0,0.0,0.0,0.0,0.0,0.0,173.62927,127.02612,77.20357,9.080127,12.457093,36.706974,10.55117,5.794552,33.731506,18.189709,16.504677,17.847044,3.0905206,4.5168242,4.055812,53.25411,126.82976,71.886955,51.817776,-3.6817303,51.841545,1.0590004,1.1693711,0.6655064,1.2982676,1.8657756,261.41977,432.46603,4.0537653,4.7660456,1.0,0.0,1.0,0.0,1.0,0.0,0.0
51.112957,-0.136739,38.503418,9.301909,2.349491,0.33622667,0.19842403,-0.18765432,0.03317252,0.0792758,35184.08,0.006065624,8022.467,0.034825586,88892.17,0.011660356,85600.21,-67933.195,-3246896.2,189217.89,14349.152,128.27977,83.72349,58.197067,77.89141,55.031338,17.228598,41.942276,93.03541,-1.1855602,148.7321,30.94943,0.0,43.379574,-3.3688538,96.691826,20.433613,1.0,1.0,6.119063,164.53496,145.49617,1.0,1.2517891,1.0,0.0,0.0,0.0,1.0,1.0,0.0,0.0,0.0,1.0,0.0,0.0,0.0,0.0,1.0,0.0,1.0,1.0,0.0,0.0,0.0,0.0,1.0,1.0,0.0,0.0,1.0,1.0,1.0,1.0,1.0,1.0,0.0,1.0,0.0,1.0,0.0,1.0,1.0,0.0,0.0,0.0,0.0,0.0,0.0,0.0,0.0,0.0,0.0,0.0,1542.5614,131.482,42.64995,1.7474693,-1.1431206,20.194687,-0.45413488,2.1617224,13.454273,2.6205878,13.436022,16.966875,5.2359724,6.03864,6.1086674,31.918766,213.85184,126.01383,-51.05216,-100.761536,82.17566,0.8652076,1.2846476,2.6774194,0.504863,0.086177684,-66.85699,1118.2656,4.737285,4.0290933,0.0,0.0,1.0,0.0,1.0,0.0,0.0
63.645466,0.56946385,19.91446,8.106892,0.26839083,0.40473214,0.1449537,0.110783465,0.16057943,0.11367667,96122.695,-0.0056251884,10249.731,0.017102981,228615.58,0.029277354,21854.273,-19572.588,-607590.94,248885.34,81529.086,129.45459,55.11838,108.45863,59.47664,28.916208,75.95915,49.456898,98.8968,13.8981905,163.98502,126.416245,0.0,53.302643,-6.5109057,43.350075,46.967823,1.0,1.0,10.435713,69.24252,30.957827,2.0,2.3842788,1.0,0.0,0.0,0.0,0.0,0.0,0.0,0.0,0.0,0.0,0.0,0.0,0.0,0.0,0.0,0.0,0.0,0.0,0.0,1.0,0.0,0.0,0.0,0.0,0.0,0.0,0.0,0.0,1.0,0.0,0.0,0.0,0.0,0.0,0.0,0.0,0.0,1.0,0.0,0.0,0.0,0.0,0.0,0.0,0.0,0.0,0.0,0.0,1.0,0.0,456.55203,157.81961,80.68307,19.85714,18.547628,73.085815,22.079868,18.546753,71.730095,37.36855,41.365818,52.19477,4.9050026,6.411365,6.7684307,42.878635,217.48508,133.68767,22.677935,-24.391035,68.746666,0.59341526,0.7670105,1.0885373,-0.8023037,1.7711444,317.88696,959.81586,4.5669703,3.8018363,0.0,0.0,1.0,0.0,0.0,0.0,1.0
67.88458,-4.0038643,70.64275,26.403017,4.713001,2.2986388,0.24797559,-0.25016254,-0.058560487,0.19418629,52328.383,0.028968737,8980.346,0.0043367525,140475.03,0.45153645,192597.25,359291.6,919328.3,494028.66,79554.555,203.04176,50.949318,5.674084,218.39896,61.474678,-109.15944,131.16731,201.05458,-3.2126086,169.26929,130.79488,1.0,153.86661,7.351979,100.37589,48.187286,0.0,0.0,13.24272,14.337033,125.30034,2.0,2.492592,1.0,0.0,1.0,0.0,1.0,0.0,0.0,0.0,0.0,0.0,1.0,1.0,0.0,0.0,1.0,0.0,0.0,1.0,0.0,0.0,0.0,0.0,0.0,0.0,0.0,0.0,0.0,0.0,1.0,0.0,0.0,0.0,0.0,0.0,0.0,1.0,0.0,0.0,0.0,0.0,1.0,0.0,0.0,0.0,0.0,0.0,0.0,0.0,0.0,0.0,-279.64944,246.236,120.08624,1.1541563,-2.332685,1.2506552,-5.347859,-2.836464,4.452037,1.055939,23.868135,30.234907,4.6189914,6.8678675,8.85671,69.11417,262.18683,164.82043,-148.8965,-205.43004,87.16276,1.7390985,1.932297,0.48428184,-1.7158718,2.0573049,-366.66043,1177.4847,7.9851165,6.632585,0.0,1.0,0.0,0.0,0.0,1.0,0.0
56.041054,-3.7704813,36.215015,14.808078,0.14207718,1.9591681,0.20156345,0.1105364,0.089017384,0.15151109,-7966.5444,0.019159662,3753.0947,0.022973606,31133.488,0.20343854,118477.81,260656.97,-1176680.4,457548.06,95998.734,160.09296,69.33726,146.39563,95.94878,43.7475,79.69015,97.87397,177.42706,12.987024,160.6041,74.91642,0.0,110.508896,-0.33185524,90.47074,30.055931,0.0,0.0,13.286268,77.9503,-30.388483,1.0,1.8102103,1.0,0.0,0.0,0.0,0.0,1.0,0.0,0.0,0.0,0.0,0.0,1.0,0.0,0.0,0.0,0.0,0.0,1.0,0.0,0.0,0.0,0.0,1.0,0.0,0.0,0.0,0.0,0.0,0.0,1.0,0.0,0.0,0.0,0.0,0.0,0.0,0.0,1.0,0.0,0.0,1.0,0.0,0.0,0.0,0.0,0.0,0.0,0.0,1.0,0.0,539.85345,182.43356,95.6461,13.890507,15.655437,55.022594,14.274103,10.207411,52.48243,26.141926,32.28019,41.250763,4.593092,6.9080386,4.357994,60.130802,269.9423,154.06688,87.53232,4.175902,87.081825,0.8763213,1.3495116,3.6334584,1.3955052,1.5808574,104.379105,786.6227,6.2513833,0.10372679,0.0,1.0,0.0,0.0,1.0,0.0,0.0
80.615395,3.371965,24.734919,2.6833487,1.5185429,0.0015184383,0.088634245,-0.09571232,0.03723149,0.025865614,-13220.642,0.0035671557,3239.3677,-0.0087962905,16929.822,0.039980933,173429.94,160197.67,-1628777.6,219454.42,74272.555,158.73482,67.898,142.96365,84.16115,33.576244,89.9245,79.843735,135.53151,-2.1167574,142.06447,43.971287,0.0,86.65107,3.7415376,50.827736,25.9783,1.0,0.0,3.8317008,101.73189,244.4781,2.0,1.345219,1.0,0.0,0.0,0.0,1.0,1.0,0.0,1.0,0.0,1.0,1.0,0.0,0.0,0.0,0.0,0.0,0.0,1.0,0.0,0.0,0.0,0.0,1.0,0.0,0.0,0.0,0.0,0.0,1.0,0.0,0.0,0.0,0.0,0.0,0.0,1.0,0.0,0.0,1.0,0.0,0.0,0.0,0.0,0.0,0.0,0.0,0.0,0.0,0.0,0.0,1841.1655,96.52331,42.45717,0.5239283,1.9304504,35.705883,0.8978404,-0.94788575,29.477108,11.604307,19.414375,28.229305,4.6921124,5.948136,6.4039516,48.67097,249.81062,168.40236,102.81895,44.8224,54.81713,0.8320241,1.0491544,3.7838435,1.4178954,3.9470427,-50.015896,1129.5339,5.210782,4.089861,0.0,0.0,1.0,0.0,0.0,0.0,0.0
70.10401,5.4855127,43.38956,7.550319,4.2489257,1.1136221,0.13134569,0.0039826487,0.012087258,0.018944966,10004.966,0.0043158,4023.257,0.01878535,32371.46,-0.0074258205,75819.79,94319.99,-1393621.5,225064.11,23402.092,92.97619,47.907715,100.741325,43.84451,26.290497,39.08582,12.797489,53.931923,-1.9294993,158.77238,58.000298,0.0,8.161794,1.697132,63.92124,24.638168,1.0,0.0,8.806897,187.62723,214.76694,3.0,1.6242213,0.0,0.0,0.0,0.0,1.0,1.0,1.0,1.0,0.0,1.0,1.0,0.0,0.0,0.0,0.0,0.0,0.0,1.0,0.0,0.0,0.0,0.0,1.0,0.0,0.0,0.0,0.0,0.0,0.0,0.0,0.0,1.0,1.0,0.0,1.0,1.0,0.0,1.0,0.0,0.0,0.0,0.0,0.0,0.0,0.0,0.0,0.0,0.0,0.0,0.0,370.71033,105.026695,54.292896,3.0419006,3.351117,7.0827355,0.7893495,0.09397316,3.3386896,1.1366159,5.6608133,8.604422,3.3683102,4.6906257,4.4847946,47.578056,110.67796,42.98629,46.09178,-10.569909,72.185074,0.7335735,1.0186975,2.7849774,2.1641762,1.528303,-13.755877,165.05284,4.02231,1.5716178,0.0,0.0,0.0,1.0,0.0,1.0,0.0
98.00714,-0.65752774,40.67638,10.0979805,2.8078763,1.3909652,0.139888,0.04223968,0.020195467,0.06287309,9969.189,0.0007884603,6039.5044,0.020627702,109515.31,0.012025443,84486.555,182608.23,-421263.34,358491.66,92849.25,99.629036,42.49945,72.00237,32.63697,16.872175,-0.7915888,34.942757,71.978325,1.081124,150.30319,59.76842,0.0,32.588787,2.4862328,66.190575,28.99069,0.0,0.0,7.7815695,146.00589,-11.745289,2.0,1.56943,1.0,0.0,0.0,0.0,0.0,0.0,0.0,0.0,0.0,0.0,0.0,1.0,0.0,1.0,1.0,0.0,0.0,0.0,0.0,0.0,0.0,0.0,0.0,0.0,0.0,0.0,0.0,0.0,1.0,0.0,0.0,0.0,0.0,0.0,0.0,0.0,0.0,0.0,0.0,0.0,0.0,0.0,0.0,0.0,0.0,0.0,0.0,0.0,0.0,0.0,30.115543,157.20604,86.05527,3.4053464,4.02331,27.000904,3.8321524,3.507046,25.300627,13.82754,13.670952,17.336096,4.0406,5.4877515,5.6606846,48.809517,139.0509,89.729996,11.435348,-35.037716,73.65174,0.6151639,0.68537927,2.0940936,1.1263102,1.5982821,71.15101,656.5932,3.8962584,1.2901572,0.0,1.0,0.0,0.0,0.0,1.0,0.0
77.10668,-3.4024298,35.046066,19.683891,3.9390562,-0.43937147,0.021451732,-0.14511861,0.020032115,0.071434796,86864.68,-0.008982343,11844.678,0.040443614,441492.66,-0.12202433,237722.11,-981235.9,-1563236.2,332313.0,55183.89,120.8046,32.1196,170.40944,100.18793,30.895567,108.7928,7.5049014,50.17631,15.5198,168.69221,101.73412,0.0,6.8497744,1.988305,30.210737,37.26096,0.0,1.0,13.639658,115.83085,-19.01127,1.0,2.1384208,1.0,0.0,0.0,0.0,1.0,1.0,0.0,0.0,0.0,1.0,1.0,0.0,0.0,0.0,1.0,0.0,0.0,0.0,0.0,0.0,0.0,0.0,1.0,0.0,0.0,0.0,0.0,0.0,1.0,1.0,0.0,0.0,0.0,0.0,0.0,0.0,0.0,0.0,1.0,0.0,1.0,0.0,0.0,0.0,0.0,0.0,0.0,0.0,0.0,0.0,-853.9367,145.05806,78.47834,11.785215,15.684054,45.4407,13.659425,5.9221873,36.07657,22.34872,17.193075,17.12289,1.3978018,4.276492,8.459305,115.86061,130.426,22.275827,184.99185,82.651405,43.876255,0.8262538,1.4885191,1.3792506,1.4364747,-0.4534099,22.741463,508.48447,3.3075747,9.42685,0.0,1.0,0.0,0.0,0.0,0.0,1.0
84.298676,-2.0612075,45.593216,19.909988,3.656826,1.1167059,0.15002835,-0.043374054,-0.08792408,0.029116351,52481.504,0.00800279,3121.0088,0.009959669,115293.6,0.009316118,77169.38,-301481.53,224239.22,379696.12,94062.625,84.4199,19.373344,97.89785,51.393616,13.165039,-15.067169,12.954057,52.350563,2.3144634,146.80656,86.24194,0.0,7.650722,-0.39038908,45.556168,39.06723,1.0,0.0,14.670208,145.34846,50.315727,0.0,1.8322463,1.0,0.0,0.0,0.0,0.0,0.0,0.0,0.0,0.0,0.0,1.0,0.0,0.0,0.0,0.0,0.0,0.0,0.0,0.0,0.0,0.0,0.0,0.0,0.0,0.0,0.0,0.0,0.0,0.0,0.0,0.0,0.0,0.0,0.0,0.0,0.0,0.0,0.0,0.0,0.0,0.0,0.0,0.0,0.0,0.0,0.0,0.0,0.0,0.0,0.0,-1311.2239,157.52867,85.758354,7.5070386,6.108674,8.278355,4.366498,6.630025,5.9816613,9.092402,11.232917,7.094701,2.4742184,4.554077,6.340265,66.19814,55.794575,-6.1171026,80.6289,21.491138,40.192593,0.73778445,1.0301281,2.3862805,0.8121213,1.3783532,-24.7611,268.74295,3.6732554,0.16078717,0.0,0.0,0.0,0.0,0.0,0.0,1.0
85.04889,4.7029586,30.055159,12.18912,5.4970484,0.73800725,0.043942478,0.014733471,0.016487245,0.04663511,29372.52,0.017405117,4745.126,0.01942041,104147.29,-0.01292942,134430.62,-105443.08,603559.94,180118.33,59638.324,111.01671,49.51176,171.06036,57.304825,29.448812,69.09852,-25.947208,2.9105377,9.649911,168.91028,96.995735,0.0,-37.181324,2.0210996,19.70537,34.146442,0.0,0.0,12.1640005,154.68274,286.33054,2.0,2.0808368,1.0,0.0,0.0,0.0,0.0,0.0,0.0,1.0,0.0,1.0,1.0,0.0,0.0,0.0,0.0,0.0,0.0,0.0,0.0,0.0,0.0,0.0,1.0,0.0,0.0,0.0,0.0,0.0,0.0,0.0,0.0,0.0,1.0,0.0,0.0,0.0,0.0,0.0,0.0,0.0,0.0,0.0,0.0,0.0,0.0,0.0,0.0,0.0,0.0,0.0,496.78217,103.65742,69.351295,12.329594,13.852498,22.654917,14.166821,7.8632107,17.877628,13.668573,8.569503,5.2283154,2.8325002,4.0048146,4.7414618,55.267357,149.00633,94.47733,206.13557,131.18016,40.382942,0.893925,0.9015716,1.7383738,1.9884071,0.8003937,184.24953,-220.62659,2.8743637,5.491085,0.0,0.0,1.0,0.0,1.0,0.0,0.0
87.36476,1.9240814,35.900887,11.747546,3.5677752,0.5748858,0.10454183,0.016330393,0.008617397,0.026836252,33428.7,-0.00023683038,4743.697,0.023877975,61606.367,0.008940439,91874.44,32959.38,-1508577.9,313190.4,33122.777,81.74713,47.738785,95.549095,3.919465,15.864967,58.62978,11.360125,44.98647,8.356948,163.21646,85.194336,0.0,7.173721,0.013797097,56.67617,32.84677,1.0,0.0,10.625504,193.28685,228.27756,2.0,1.9293034,0.0,0.0,1.0,0.0,1.0,1.0,0.0,1.0,0.0,1.0,0.0,0.0,0.0,1.0,0.0,0.0,0.0,0.0,0.0,0.0,0.0,0.0,0.0,0.0,0.0,0.0,0.0,0.0,1.0,0.0,0.0,0.0,1.0,0.0,0.0,1.0,0.0,0.0,0.0,0.0,0.0,0.0,0.0,0.0,0.0,0.0,0.0,0.0,0.0,0.0,-204.05977,118.56189,66.05002,11.60454,10.855409,28.66701,11.186201,9.241868,27.412054,17.672068,13.96348,13.953701,3.41659,4.9657745,5.78373,49.31017,109.59966,51.231663,36.333313,-17.757187,71.96313,0.4633832,0.61405903,1.3935497,1.3204955,1.0222373,184.35483,229.00902,3.852617,2.2050776,1.0,0.0,0.0,1.0,0.0,1.0,0.0
51.949,-10.572708,10.445808,15.543904,-2.1289625,0.0531346,0.11769112,0.23422818,0.17441131,0.17460623,108177.48,-0.017426211,15336.651,-0.047223777,421020.94,-0.06988235,96057.32,-208112.42,-1164158.6,324913.2,152486.6,230.08832,89.276566,248.47902,179.72495,70.128204,189.00215,86.752594,176.91005,12.302076,152.79895,125.567955,0.0,99.04632,-8.190651,1.0134215,53.182873,1.0,1.0,10.879052,-20.816133,23.116196,1.0,2.2595248,1.0,0.0,0.0,0.0,0.0,0.0,0.0,0.0,0.0,1.0,0.0,0.0,0.0,0.0,0.0,0.0,0.0,0.0,0.0,1.0,0.0,0.0,0.0,0.0,0.0,0.0,0.0,0.0,0.0,0.0,0.0,0.0,0.0,0.0,0.0,1.0,0.0,1.0,0.0,0.0,1.0,0.0,0.0,0.0,0.0,0.0,0.0,0.0,0.0,0.0,1303.8436,228.09471,115.86416,17.647991,18.051933,123.16646,23.543427,11.862721,118.99238,60.319683,50.193844,63.730476,5.122504,7.3250065,8.429516,68.56481,416.99774,279.32916,217.62056,117.19369,93.17563,1.1663109,1.6301925,2.38129,-0.8027066,3.80354,674.12024,2755.3298,6.740529,2.065044,0.0,0.0,0.0,0.0,0.0,0.0,1.0
66.65547,5.478815,43.871872,14.948915,5.9395685,1.1647599,0.109381676,0.08800343,-0.02026094,-0.002575177,32792.746,0.016334916,4394.4775,0.019038072,91562.22,-0.023643797,89485.79,74091.45,167257.0,231006.0,73500.56,122.618324,57.02915,156.57506,78.24545,39.191444,45.390377,11.96434,53.556335,4.011925,177.07556,101.04908,1.0,13.006221,2.9613488,57.700054,33.67144,1.0,0.0,13.959812,128.43982,145.35777,2.0,2.1903603,1.0,0.0,0.0,0.0,0.0,0.0,0.0,1.0,0.0,1.0,0.0,1.0,0.0,0.0,0.0,1.0,0.0,0.0,0.0,0.0,0.0,0.0,1.0,0.0,0.0,0.0,0.0,1.0,1.0,1.0,1.0,0.0,1.0,0.0,0.0,0.0,0.0,0.0,0.0,0.0,0.0,0.0,0.0,0.0,0.0,0.0,0.0,1.0,1.0,0.0,514.00824,130.23395,74.83796,6.720496,9.083474,22.129564,6.9645286,3.0057664,20.625803,10.613932,6.6826997,6.029448,3.9567685,5.420143,5.115496,41.100765,180.33664,105.64595,173.54236,91.57015,36.205215,0.90272975,0.9997515,1.288629,1.3797047,0.9487586,97.64156,315.23602,4.2965255,-0.03694018,1.0,1.0,1.0,0.0,0.0,1.0,0.0
36.455265,2.0444386,12.284322,-1.091688,-1.489967,2.3298616,0.1599846,0.35899425,0.14737433,0.06005464,-32428.217,-0.0038937454,6034.6426,0.01913312,-5191.5947,0.08726181,86033.984,623405.06,-742044.1,327520.72,100464.5,195.79167,81.96399,153.38893,140.4803,58.061596,104.292274,111.68904,191.00694,15.176512,166.10727,57.193752,0.0,127.84958,-0.03407357,101.68545,23.197624,0.0,0.0,14.315111,-35.29475,-230.97523,1.0,1.6239654,1.0,0.0,0.0,0.0,0.0,1.0,0.0,0.0,0.0,1.0,0.0,0.0,0.0,0.0,0.0,0.0,0.0,1.0,0.0,1.0,0.0,0.0,0.0,0.0,0.0,0.0,1.0,0.0,1.0,1.0,0.0,0.0,0.0,0.0,0.0,1.0,0.0,1.0,0.0,0.0,1.0,0.0,0.0,0.0,0.0,0.0,0.0,0.0,0.0,0.0,-66.364006,163.20694,95.3638,12.762733,20.107695,75.83808,15.6393585,12.619577,73.123924,34.81465,37.92136,49.6032,5.140005,7.0982594,1.6168683,60.876377,337.18756,222.55249,51.763676,-16.342175,130.32526,1.1431872,1.771657,4.7481675,1.2205251,2.3265276,405.4777,1312.7534,6.768304,2.117677,0.0,1.0,0.0,0.0,1.0,0.0,0.0
71.087585,0.774934,43.62602,8.017769,3.9904933,2.03892,0.15668745,0.07867332,0.07179291,0.057014696,8871.839,0.006365338,3624.5857,0.025649928,70065.055,0.06059566,137287.53,-100696.41,-812635.4,336469.4,56667.867,99.33973,37.270996,55.059357,40.29974,15.6786175,-16.484102,64.70449,113.84405,1.5202157,164.01852,38.360256,0.0,76.55243,4.240412,83.715294,16.496584,1.0,0.0,9.165262,75.49814,113.27745,2.0,1.4180453,1.0,0.0,1.0,0.0,1.0,1.0,0.0,1.0,0.0,1.0,1.0,1.0,0.0,0.0,1.0,0.0,0.0,0.0,0.0,0.0,0.0,0.0,1.0,0.0,0.0,0.0,0.0,0.0,1.0,1.0,0.0,1.0,0.0,0.0,0.0,1.0,0.0,0.0,0.0,0.0,0.0,1.0,0.0,0.0,0.0,0.0,0.0,0.0,0.0,0.0,654.9345,170.01877,94.93722,1.159513,3.2572782,22.942694,-0.07970495,2.4713547,19.377922,7.5132146,10.658215,14.9633665,3.8520927,5.498955,5.288308,53.475964,134.20126,45.286797,-15.743957,-81.57283,79.89126,0.7469318,0.8600799,2.931954,1.1394297,1.282231,60.406403,729.25885,4.876869,7.7569757,0.0,1.0,0.0,0.0,0.0,0.0,1.0
-15.489101,8.87075,13.8769245,-15.604602,-1.1225971,1.5451279,0.20612894,0.38555735,0.48045933,0.27083224,15661.273,-0.028591273,23947.74,0.020304237,334218.94,0.12205967,44951.594,-429739.22,-805292.0,441888.34,176326.56,97.593994,68.1182,56.38324,101.04311,70.08088,14.288351,138.40555,280.04688,27.588343,188.77202,134.34557,0.0,163.40833,-0.8080619,118.41528,42.191788,0.0,0.0,9.327537,124.77685,-242.83342,2.0,2.6258144,0.0,0.0,0.0,0.0,0.0,1.0,0.0,1.0,0.0,1.0,0.0,1.0,0.0,1.0,1.0,0.0,0.0,1.0,0.0,0.0,1.0,0.0,0.0,0.0,0.0,0.0,0.0,0.0,0.0,1.0,1.0,1.0,0.0,0.0,0.0,0.0,0.0,1.0,0.0,0.0,1.0,0.0,0.0,0.0,0.0,0.0,0.0,0.0,0.0,0.0,-1631.699,177.19357,85.12902,13.452913,26.629303,105.933426,15.339684,14.110519,98.94383,32.421875,48.214478,63.812775,2.8104692,6.434397,5.5478287,126.64846,124.23301,-80.21232,-101.888794,-244.86821,245.79005,1.2392273,2.513294,6.4936666,1.6770797,1.1141934,31.75598,1503.5789,8.930314,6.405517,0.0,1.0,0.0,0.0,1.0,0.0,0.0
84.44293,4.297218,6.3901086,-0.6620639,-0.584739,1.4827979,0.11167107,0.016516143,0.09028651,0.14780574,-5148.845,0.021245852,2873.4106,-0.0018574235,12208.121,0.105593465,35621.72,401053.7,1774466.5,235071.47,58055.688,103.072,21.326584,110.837944,68.90362,9.862274,62.06045,2.0410135,48.288105,20.267017,170.17017,67.08982,1.0,-2.2099419,1.6890321,51.69303,23.532064,1.0,0.0,7.008065,124.404205,60.921482,2.0,1.7657337,1.0,0.0,0.0,0.0,0.0,1.0,0.0,0.0,1.0,0.0,0.0,0.0,0.0,0.0,0.0,1.0,0.0,0.0,0.0,1.0,0.0,0.0,0.0,0.0,0.0,0.0,0.0,0.0,0.0,0.0,0.0,0.0,0.0,0.0,0.0,0.0,0.0,0.0,1.0,0.0,1.0,0.0,0.0,0.0,0.0,0.0,0.0,0.0,0.0,0.0,956.99066,134.00047,87.87158,22.112623,25.843462,40.9537,22.135849,14.58012,38.517532,23.216366,36.893597,46.3379,2.8078344,4.5640316,4.220409,58.395596,111.039795,38.528835,66.27131,-14.250809,83.80559,0.9646833,1.0597752,2.0490026,1.9231149,3.3823614,-114.44781,743.5832,4.0909767,1.1885656,0.0,1.0,0.0,0.0,0.0,0.0,1.0
82.64059,8.91592,59.760593,10.514685,5.937504,-0.13942629,0.018218836,-0.19728313,-0.13310048,-0.077198274,35657.285,-0.003626187,9308.184,0.001296738,132778.78,-0.08455734,141876.1,137472.81,784429.94,283940.72,117394.71,182.521,61.64718,92.127174,156.41466,53.949867,-14.915895,-0.38187227,51.746014,1.014295,183.1448,155.32306,0.0,-4.1089087,5.2994485,35.728165,50.504116,0.0,1.0,9.434585,141.39381,77.121155,0.0,2.8375661,1.0,0.0,0.0,0.0,0.0,0.0,0.0,0.0,0.0,0.0,0.0,0.0,0.0,0.0,1.0,0.0,0.0,0.0,0.0,0.0,0.0,0.0,0.0,0.0,0.0,0.0,0.0,0.0,1.0,0.0,0.0,0.0,0.0,0.0,0.0,1.0,0.0,0.0,0.0,0.0,1.0,0.0,0.0,0.0,0.0,0.0,0.0,0.0,0.0,0.0,-1350.5151,125.37621,73.43935,2.5635784,3.3684237,3.7005012,1.9630964,-0.005502939,-0.23619442,5.8387146,12.49028,15.365252,4.762525,6.3520303,8.938644,58.896698,270.13657,169.31837,24.18606,-62.74684,81.106186,1.1001934,1.2082981,1.2894691,0.063646734,1.7521802,-269.8291,424.98346,3.9767687,2.4851468,1.0,1.0,0.0,0.0,0.0,1.0,0.0
65.1192,4.725153,18.702318,4.6645174,1.9375912,1.1921582,0.2262214,0.19610043,0.09902866,0.13205114,65907.984,0.0017583208,5521.7354,-0.009447326,145616.1,0.09234081,35037.414,75325.31,16599.05,200043.34,41565.598,86.59027,29.827906,72.22332,22.679697,8.399453,12.26658,66.966385,110.83712,7.100285,149.19183,80.59134,0.0,70.92921,-2.2458801,57.12814,36.58196,1.0,0.0,11.298939,150.5551,95.712,2.0,1.7856426,1.0,0.0,0.0,0.0,0.0,0.0,0.0,0.0,0.0,0.0,1.0,0.0,0.0,0.0,0.0,0.0,0.0,0.0,0.0,0.0,0.0,0.0,0.0,0.0,0.0,0.0,0.0,0.0,1.0,0.0,0.0,0.0,0.0,0.0,0.0,0.0,0.0,1.0,0.0,0.0,0.0,0.0,0.0,0.0,0.0,0.0,0.0,0.0,0.0,0.0,-260.22357,115.15237,55.79252,12.806557,13.832158,33.969357,11.624744,11.100035,31.554144,17.30399,21.069845,23.015747,4.0909915,5.39186,4.913666,45.397125,91.36215,54.00074,-18.370117,-39.17963,56.724136,0.527178,0.7098038,2.16632,0.5272279,2.4537377,182.67023,744.91907,4.624253,1.6936854,0.0,0.0,0.0,0.0,0.0,1.0,1.0
72.884445,3.9094439,33.631084,2.856862,3.4970872,0.98126805,0.124861814,0.17964141,0.101580024,0.07518349,14674.689,0.0020042527,2202.8484,0.03974754,32186.059,0.028125467,111913.4,-261375.8,-1022013.8,136255.1,59812.332,72.35164,30.378809,106.65683,44.05509,21.087809,61.457287,-0.41153687,30.062931,5.99966,161.5492,68.173615,0.0,-7.8590584,-1.9794534,59.433994,27.117327,1.0,0.0,12.671793,126.50624,153.8729,3.0,1.7465358,0.0,0.0,1.0,0.0,1.0,1.0,0.0,1.0,0.0,1.0,1.0,1.0,0.0,1.0,0.0,0.0,0.0,0.0,0.0,0.0,0.0,0.0,1.0,0.0,0.0,0.0,0.0,0.0,1.0,0.0,0.0,0.0,0.0,0.0,0.0,0.0,0.0,0.0,0.0,0.0,0.0,0.0,0.0,0.0,0.0,0.0,0.0,0.0,0.0,0.0,301.71774,107.79396,60.009743,8.99406,10.443758,43.998142,11.671219,8.0272045,40.171677,18.529228,11.781507,14.347416,2.456166,3.8578851,3.999345,62.303734,48.57349,-7.049662,63.208332,22.920477,59.297203,0.80698717,1.0818515,1.574614,1.0006638,0.21848954,322.97882,337.29547,3.5901208,4.3113766,0.0,0.0,1.0,0.0,0.0,1.0,0.0
55.894688,-0.5119785,49.14909,21.174376,4.52234,2.8135421,0.09561475,0.25292522,-0.08714569,-0.06919972,-30759.861,-0.016454857,-848.64886,0.030750351,-19421.898,-0.03582998,21841.742,56156.223,-1136215.5,257375.83,-13588.95,199.81322,67.63246,222.16058,179.01979,62.849316,157.64342,56.890636,119.0816,6.5336833,162.5382,92.49462,0.0,64.15006,3.7425365,73.66096,34.474873,0.0,0.0,18.111473,163.20605,-174.67978,1.0,2.0149446,0.0,0.0,1.0,0.0,1.0,1.0,0.0,1.0,0.0,1.0,0.0,1.0,0.0,0.0,0.0,0.0,1.0,1.0,0.0,1.0,1.0,0.0,1.0,0.0,0.0,0.0,1.0,0.0,1.0,1.0,0.0,1.0,0.0,0.0,0.0,1.0,0.0,1.0,0.0,1.0,1.0,0.0,0.0,0.0,0.0,0.0,0.0,0.0,1.0,0.0,27.231037,178.38377,113.38382,8.717293,14.119778,16.197056,5.5128064,2.2798233,19.524736,13.39654,9.50565,8.695294,4.0384874,5.690403,2.1392398,59.836678,288.72772,198.75896,179.96642,107.37555,66.798645,1.3036015,1.8871309,4.724305,4.504152,1.0350395,203.5338,167.89775,5.0517817,4.8156714,0.0,1.0,1.0,0.0,0.0,0.0,1.0
70.3225,-0.022346936,6.1063514,1.5024607,-1.8377208,2.5476108,0.30459547,0.15849926,0.18535103,0.2612501,27447.717,0.016461287,5165.9126,0.036230765,67422.984,0.21033916,-24181.604,436340.6,-444112.2,229400.44,11298.057,64.50601,41.489494,-5.8250237,-51.07242,-7.2474422,-25.77467,69.08661,98.00676,13.394544,140.42801,23.867086,0.0,74.39926,-4.643329,94.4442,21.092512,1.0,0.0,10.099147,83.144455,-105.53662,2.0,1.1048213,1.0,0.0,0.0,0.0,0.0,0.0,0.0,0.0,0.0,1.0,0.0,0.0,1.0,0.0,0.0,1.0,0.0,0.0,0.0,1.0,0.0,0.0,1.0,0.0,0.0,0.0,0.0,1.0,1.0,0.0,0.0,0.0,0.0,0.0,0.0,0.0,0.0,0.0,0.0,0.0,0.0,0.0,0.0,0.0,0.0,0.0,0.0,0.0,0.0,0.0,585.2901,137.2379,67.2065,15.671249,15.64766,42.856876,13.402034,17.556526,40.78233,20.696156,38.25092,48.223312,5.638804,6.47067,0.84320956,13.875788,114.109924,87.41239,-157.00835,-152.37329,81.55732,0.18949014,0.19401713,3.64498,0.2895741,1.9329675,112.16953,918.60126,4.5081,4.838462,0.0,0.0,1.0,0.0,0.0,0.0,1.0
57.948097,3.0168605,69.25065,14.827093,7.3693523,1.620404,0.12196297,0.08729888,0.026425784,0.053798422,15428.868,-0.010498672,3648.2898,0.006010782,15110.611,-0.030812206,34656.688,-97465.77,-1023027.25,221003.45,22596.129,123.37551,49.31923,50.34289,76.36494,32.859386,-17.45278,46.10624,98.13576,2.6283257,168.43646,116.87049,0.0,48.62254,1.4577276,69.336365,42.45491,0.0,0.0,15.191138,149.44022,-13.196621,2.0,2.3327436,0.0,0.0,1.0,0.0,0.0,0.0,0.0,1.0,0.0,1.0,1.0,1.0,0.0,0.0,0.0,0.0,0.0,0.0,0.0,0.0,0.0,0.0,0.0,0.0,0.0,0.0,0.0,0.0,1.0,0.0,0.0,1.0,0.0,0.0,1.0,1.0,0.0,1.0,0.0,0.0,1.0,1.0,0.0,0.0,0.0,0.0,0.0,0.0,0.0,0.0,-888.8671,150.20647,89.837395,3.3002183,3.985832,13.1245365,1.2355345,2.0471828,10.870262,3.218873,5.7352743,4.3968143,4.625747,6.093166,3.8946292,44.454277,169.58421,104.1598,-64.7407,-96.58239,74.57386,0.77267987,0.93609387,1.373791,0.61811316,0.52690816,106.81316,27.151985,4.732124,4.0619125,0.0,1.0,0.0,0.0,0.0,1.0,0.0
44.273064,-2.2189457,49.94948,20.521223,4.8907065,-0.51793474,0.13976581,0.03192172,0.10359626,0.121591724,63118.684,-0.0083764205,5813.621,-0.01364788,134031.77,-0.01601895,71406.64,-410013.8,-2004791.8,204783.05,86048.8,138.53654,53.827236,120.50654,115.64155,43.74644,63.927727,98.97618,172.49655,-2.0065706,152.1578,139.17503,0.0,112.38299,-1.9536732,33.62835,57.19118,1.0,0.0,13.745214,50.719856,111.61336,2.0,2.4793782,0.0,0.0,0.0,0.0,0.0,0.0,0.0,0.0,0.0,1.0,0.0,1.0,0.0,0.0,1.0,0.0,0.0,1.0,0.0,0.0,1.0,0.0,0.0,0.0,0.0,0.0,0.0,0.0,1.0,0.0,0.0,0.0,0.0,0.0,0.0,0.0,0.0,0.0,0.0,0.0,0.0,0.0,0.0,0.0,0.0,0.0,0.0,0.0,0.0,0.0,1132.0906,152.07437,63.55659,2.5974956,2.7522109,58.098473,3.308289,-1.2581067,54.094063,21.11885,17.614866,20.472965,3.5704947,5.567364,8.291261,75.064926,177.19786,65.620255,53.459675,0.6868349,29.171093,1.060082,1.4492004,1.5831692,-0.74547094,2.2643645,202.83939,833.6139,5.959166,4.7123523,0.0,0.0,1.0,0.0,0.0,0.0,1.0
76.83022,0.0072541954,-8.554353,2.8631535,-0.90773416,0.22812766,0.14470376,0.35452884,0.13533357,0.09998282,21052.941,-0.0017681906,2337.382,0.014960342,66382.56,0.029076483,186554.62,209775.06,-53496.617,214644.28,119371.945,142.03593,59.066364,219.79951,89.28059,41.39626,204.28189,21.027267,87.11742,27.946123,159.68361,122.38166,0.0,15.775589,-2.2154534,55.31286,47.233055,0.0,0.0,9.347324,53.593044,267.72064,2.0,2.319726,1.0,0.0,0.0,0.0,1.0,0.0,1.0,1.0,0.0,1.0,0.0,1.0,0.0,1.0,0.0,0.0,0.0,0.0,0.0,0.0,0.0,0.0,1.0,0.0,1.0,0.0,0.0,0.0,1.0,1.0,0.0,0.0,0.0,0.0,0.0,0.0,0.0,0.0,0.0,0.0,1.0,0.0,0.0,0.0,0.0,0.0,0.0,0.0,0.0,0.0,1813.3204,173.9411,90.499466,27.703714,34.519745,115.11747,36.333855,22.314594,111.79173,57.624077,40.292404,50.371807,3.2277546,5.3910036,7.0021477,63.891125,220.25194,104.74214,177.38954,91.16141,55.573105,0.8775447,1.1595408,2.437119,1.9156289,1.1644149,472.2584,1349.6648,5.04685,4.3474755,1.0,1.0,0.0,0.0,0.0,0.0,1.0
73.29801,4.2655187,30.57634,10.430724,2.3177128,1.1779836,0.13673934,0.08697064,-0.0045297234,0.011881442,19696.895,0.013059812,1966.1759,0.058921512,9335.826,0.084866144,82791.71,456476.16,422025.53,200464.47,69924.07,122.91863,45.995605,111.94902,82.462715,33.553097,60.310387,33.93185,79.739075,16.792679,161.0858,125.03377,0.0,33.102745,-0.094063215,66.54962,46.938828,0.0,0.0,15.575191,158.34491,102.879585,1.0,2.4004073,0.0,0.0,1.0,0.0,0.0,0.0,0.0,1.0,0.0,1.0,1.0,1.0,0.0,1.0,0.0,0.0,0.0,1.0,0.0,0.0,0.0,0.0,1.0,0.0,1.0,0.0,0.0,0.0,0.0,1.0,1.0,0.0,0.0,0.0,1.0,0.0,0.0,0.0,0.0,1.0,0.0,0.0,0.0,0.0,0.0,0.0,0.0,0.0,1.0,0.0,-292.89542,144.5778,82.4834,19.006649,21.325033,46.33482,20.292126,15.25497,43.678997,26.319185,27.745962,30.64739,3.0982342,4.976834,3.5939293,52.017147,159.45009,87.734634,32.352375,-28.256968,53.937153,0.91366684,1.0450447,0.5047677,0.9334525,0.5716608,134.48775,107.70777,4.494405,4.399264,0.0,1.0,0.0,0.0,0.0,1.0,0.0
87.66433,6.609418,61.066795,12.317547,6.031384,0.74852616,0.011331774,-0.13287017,-0.17966291,-0.04990477,28852.676,0.010750675,4510.7017,-0.0030901285,87821.36,-0.05176444,75989.98,142820.42,957165.5,209229.56,64417.652,205.98135,77.27975,188.36432,151.52245,55.278378,62.80319,-18.258469,28.359509,0.11761892,189.09613,118.08084,1.0,-24.916843,1.0856053,29.04067,34.972847,1.0,1.0,13.193411,127.66119,92.10529,0.0,2.4314563,0.0,0.0,0.0,0.0,0.0,1.0,0.0,0.0,1.0,0.0,0.0,0.0,1.0,0.0,0.0,0.0,0.0,0.0,0.0,0.0,0.0,0.0,0.0,0.0,0.0,0.0,0.0,0.0,0.0,0.0,0.0,0.0,0.0,0.0,0.0,0.0,0.0,0.0,0.0,0.0,0.0,0.0,0.0,0.0,0.0,0.0,0.0,0.0,0.0,0.0,-1153.4851,109.81729,73.812164,3.15352,3.470779,-3.7438004,3.1241732,0.5863147,-6.629182,4.8327675,6.284655,5.684561,5.933672,7.0523343,6.638987,32.79039,365.12906,269.4739,188.1877,86.447136,62.74778,1.0749305,0.9946063,1.3135018,0.121644855,0.9040625,-50.10607,414.1822,4.1872644,1.820172,1.0,1.0,0.0,0.0,0.0,0.0,1.0
106.90089,4.873047,42.705467,7.1893907,1.6986294,0.52802855,0.06749812,-0.035939645,-0.0065866476,-0.01392318,75535.6,-0.008354582,7451.2617,0.016611792,226936.39,0.028547069,96689.23,312921.22,-1496599.9,281182.16,33780.066,123.08829,34.723392,94.122955,48.57912,9.261868,62.882915,75.61802,97.79297,3.1221437,176.11497,94.65362,0.0,87.050186,-1.3230882,42.103928,31.033592,1.0,0.0,11.651665,80.102264,79.68753,0.0,2.117942,0.0,0.0,1.0,0.0,0.0,0.0,0.0,1.0,0.0,0.0,1.0,0.0,0.0,0.0,0.0,0.0,0.0,0.0,0.0,0.0,0.0,0.0,0.0,0.0,0.0,0.0,0.0,0.0,0.0,0.0,0.0,0.0,0.0,0.0,0.0,0.0,0.0,0.0,0.0,0.0,0.0,0.0,0.0,0.0,0.0,0.0,0.0,0.0,0.0,0.0,1242.1947,105.08256,65.06351,12.688198,9.722621,33.0609,12.574995,9.773171,32.125187,24.021858,34.70024,43.907635,4.186126,5.7466226,4.7620664,48.80422,187.2459,145.5286,13.066888,-7.1363673,51.665016,0.44126084,0.68473196,-0.5767487,-0.87805355,2.7963092,130.47368,194.7603,4.493735,7.3232174,0.0,1.0,0.0,0.0,0.0,0.0,1.0
68.56946,-4.00652,16.754356,12.248608,-0.59150004,0.18252748,0.18439154,0.115651116,0.073543124,0.10131555,39768.5,-0.0039814943,2711.179,0.0057723415,114921.1,0.06215953,50985.773,52034.918,-4176988.5,100642.96,1907.8129,161.12354,79.835556,139.4617,70.7297,39.10678,127.08326,100.20619,157.32718,-0.38972008,128.87961,41.98631,0.0,109.3516,-7.9812274,58.30345,31.245031,1.0,0.0,9.128841,112.59208,-34.277416,1.0,1.2222903,1.0,0.0,0.0,0.0,0.0,0.0,0.0,0.0,0.0,1.0,1.0,0.0,0.0,0.0,0.0,0.0,0.0,0.0,0.0,1.0,0.0,0.0,1.0,0.0,0.0,0.0,0.0,0.0,1.0,0.0,0.0,0.0,0.0,0.0,0.0,0.0,0.0,0.0,0.0,0.0,0.0,0.0,0.0,0.0,0.0,0.0,0.0,0.0,0.0,0.0,2572.5176,118.27331,46.36636,5.6420345,4.5467014,62.875416,7.665091,6.2503166,60.000202,31.101326,29.246365,35.35591,5.6650233,6.730401,4.5878973,28.131626,293.59277,215.1566,32.24582,11.464531,53.11414,0.58423024,0.96158564,3.954335,0.60004437,2.1951146,307.3136,1545.9948,5.1574955,0.8051142,0.0,0.0,1.0,0.0,0.0,0.0,1.0
43.80204,-3.317874,93.63696,30.573662,8.011491,-0.3395483,0.06164496,-0.36180228,0.0051129847,-0.003140951,92508.72,-0.036053993,24361.818,-0.04533388,383661.6,-0.15957312,229026.2,-636780.94,-3225772.8,368848.38,42847.656,196.54669,85.01561,22.544216,200.30382,86.137596,-64.839066,113.05642,209.30719,-6.3457193,173.99287,153.84708,0.0,132.12155,3.3168294,49.214752,54.924564,0.0,1.0,9.734174,138.70963,128.26129,2.0,2.7657359,0.0,0.0,0.0,0.0,0.0,0.0,0.0,0.0,0.0,1.0,1.0,1.0,0.0,0.0,1.0,0.0,0.0,0.0,0.0,0.0,0.0,0.0,0.0,0.0,0.0,0.0,0.0,0.0,1.0,0.0,1.0,1.0,0.0,0.0,0.0,1.0,0.0,1.0,0.0,0.0,1.0,0.0,0.0,0.0,0.0,0.0,0.0,0.0,0.0,0.0,-270.76492,181.70328,82.62152,-5.783804,-7.9941297,3.9137893,-7.508471,-10.109242,-4.545842,-5.180057,9.441601,15.104306,5.300999,7.2176366,9.740795,70.64161,304.8648,149.07845,-94.80615,-181.28041,108.448715,1.4068526,1.9042822,1.8011167,-1.7443731,2.4882138,-462.1761,673.9449,6.6265187,5.7271214,0.0,1.0,0.0,0.0,1.0,1.0,0.0
82.80534,0.61990005,61.833794,18.732489,5.202733,-0.15525939,0.028787926,-0.27441064,-0.0295619,0.049254194,25333.54,0.002184302,13951.54,0.025003485,157063.02,-0.07457155,81311.77,-428194.12,-2846892.2,350501.4,55466.99,78.08336,64.20995,87.02405,62.541042,53.369133,9.134121,-31.207617,21.556896,-2.6384897,172.35011,119.9362,0.0,-43.40668,0.2774711,23.822542,41.633713,0.0,0.0,10.376904,193.82042,119.7412,2.0,2.366766,0.0,0.0,0.0,0.0,1.0,1.0,0.0,1.0,0.0,1.0,0.0,1.0,0.0,0.0,1.0,0.0,0.0,1.0,0.0,0.0,0.0,0.0,0.0,0.0,0.0,0.0,1.0,0.0,0.0,0.0,0.0,0.0,0.0,0.0,0.0,1.0,0.0,0.0,1.0,1.0,1.0,0.0,0.0,0.0,0.0,0.0,0.0,0.0,0.0,0.0,264.41547,134.7871,74.234856,-1.683774,-3.5180576,9.01309,-2.921484,-2.014884,1.4051206,5.4953938,9.94282,12.031703,1.8334384,4.1788287,7.9424057,85.9339,100.50307,-17.984295,57.790623,-41.11898,113.77634,1.0131861,1.5280572,2.838439,1.0169885,0.7381121,-225.01778,92.56622,3.3941634,3.2811782,1.0,1.0,0.0,0.0,0.0,1.0,0.0
80.384575,1.5325291,50.588562,14.211501,4.994583,1.4976183,0.048620388,-0.03557844,-0.07741753,-0.016617898,-16146.144,0.005869854,1046.4187,0.025146049,-16221.466,-0.048306208,118224.664,34353.387,-417968.03,313455.94,44163.816,137.87776,61.285835,130.73401,92.34719,41.256405,56.050846,16.658838,55.49628,-0.054354202,171.81882,56.778965,1.0,18.487564,5.6136985,51.29949,19.114801,1.0,1.0,11.029321,131.9164,36.479023,1.0,1.6690403,1.0,0.0,0.0,0.0,1.0,1.0,0.0,1.0,1.0,1.0,0.0,1.0,0.0,0.0,0.0,0.0,1.0,1.0,0.0,0.0,0.0,0.0,1.0,1.0,0.0,0.0,1.0,0.0,1.0,1.0,0.0,0.0,0.0,0.0,0.0,1.0,0.0,1.0,0.0,0.0,0.0,0.0,0.0,0.0,0.0,0.0,0.0,0.0,0.0,0.0,326.8137,137.66725,87.91494,3.2744734,4.8870416,2.1736372,1.3763049,0.60964465,0.5313809,3.4833074,5.046995,5.971937,4.287584,5.4637704,5.388346,49.019157,203.34253,134.42256,113.101036,35.915974,58.555325,0.9464919,1.1254516,2.6003566,2.9772363,1.0694121,-0.6729916,252.6743,3.512474,2.877958,0.0,1.0,0.0,0.0,1.0,0.0,0.0
70.15227,7.4155993,30.343542,5.6987247,3.2135465,1.4209963,0.13696148,0.11473324,0.0041826707,0.022463836,20909.578,0.009959229,3109.501,0.04398956,2962.9768,0.025788717,24621.506,-24750.41,-438114.6,228264.8,33452.258,62.755623,28.00346,85.79158,27.747324,16.301933,27.70574,-7.705819,31.236599,8.974807,169.90326,98.261215,0.0,-13.612211,-1.1596267,81.685425,34.650173,1.0,0.0,13.831627,158.22469,77.71655,2.0,2.116076,1.0,0.0,1.0,0.0,1.0,1.0,0.0,1.0,0.0,1.0,0.0,1.0,0.0,0.0,0.0,0.0,0.0,0.0,0.0,0.0,0.0,0.0,0.0,0.0,0.0,0.0,0.0,0.0,1.0,0.0,0.0,1.0,1.0,0.0,0.0,1.0,0.0,0.0,0.0,0.0,0.0,0.0,0.0,0.0,0.0,0.0,0.0,0.0,0.0,0.0,-860.8658,113.812035,65.89257,13.101027,13.49787,21.206253,11.581016,11.717322,21.59317,13.347165,15.755454,16.460808,2.3504786,4.136868,3.4980714,66.01089,37.763916,-37.26253,42.816036,-25.63334,89.769424,0.75275534,0.98680425,2.5009496,0.87651885,-0.13412105,78.5251,156.68532,3.94558,0.060334492,1.0,1.0,0.0,0.0,0.0,1.0,0.0
74.89785,4.720244,29.849213,1.4245808,3.4906206,1.3481504,0.16682963,0.15659183,0.11621809,0.16808479,-9713.727,0.005507678,3071.0632,0.019869532,83341.92,0.048580315,107411.83,-14597.771,-1074271.4,291409.1,48511.05,80.45698,40.950043,132.66588,5.5641484,10.193372,72.904045,32.034096,82.87733,1.1680377,162.0673,64.8607,0.0,29.657475,3.0450144,58.5223,25.55808,1.0,0.0,7.2604403,164.04536,262.37006,2.0,1.703962,0.0,0.0,0.0,0.0,1.0,1.0,0.0,1.0,1.0,1.0,0.0,1.0,0.0,0.0,0.0,0.0,0.0,1.0,0.0,0.0,0.0,0.0,0.0,0.0,0.0,0.0,0.0,0.0,1.0,0.0,0.0,1.0,0.0,0.0,0.0,1.0,0.0,1.0,0.0,0.0,0.0,0.0,0.0,0.0,0.0,0.0,0.0,0.0,0.0,0.0,1038.7528,133.30031,69.462036,1.5937294,5.122659,37.026955,1.9535563,0.72306657,33.725166,13.811622,7.9196463,12.737807,2.8635957,4.807285,6.4791136,66.77923,102.412056,24.46949,91.28999,18.413713,86.425766,0.54853594,0.746988,2.9105535,2.0640404,1.0963526,202.32033,915.98145,4.3834596,2.5738568,1.0,1.0,0.0,0.0,0.0,1.0,0.0
73.967316,-1.679019,50.870743,22.9844,3.7501826,0.8803504,0.08694969,-0.06612898,-0.032250155,0.026913272,41507.58,-0.020050641,8672.268,0.0022431277,136957.14,-0.058480617,108195.38,9003.421,-3503552.0,175260.11,-29742.719,178.39839,84.37738,83.651794,134.8003,63.350155,37.901134,90.299965,148.58565,-2.9501889,160.3205,105.214745,0.0,101.55573,-1.8715829,55.999104,40.88675,1.0,0.0,12.349599,188.67964,41.09002,1.0,2.144599,1.0,0.0,0.0,0.0,0.0,1.0,0.0,1.0,0.0,1.0,1.0,0.0,0.0,0.0,1.0,0.0,0.0,1.0,0.0,0.0,1.0,0.0,1.0,0.0,0.0,0.0,0.0,0.0,1.0,1.0,0.0,1.0,0.0,0.0,0.0,1.0,0.0,1.0,0.0,0.0,1.0,0.0,0.0,0.0,0.0,0.0,0.0,0.0,0.0,0.0,450.9413,139.00063,77.559685,0.89651066,0.2076706,19.050577,0.18330684,0.6755178,16.388144,13.840981,18.277899,22.205986,5.5547533,6.7726173,5.242015,37.989372,300.22488,213.04575,-33.615913,-66.31065,57.637814,0.9407554,1.365371,3.2028103,0.5319952,1.6935685,-95.916756,729.45575,5.09741,1.919915,0.0,0.0,1.0,0.0,1.0,0.0,0.0
92.73421,3.7771914,30.990929,0.18688808,1.3646514,1.2348723,0.10821611,0.09600103,0.017952444,0.01544437,27076.129,0.0060385657,3761.5583,0.035832174,76768.055,0.051485427,18652.434,372048.56,-467128.44,156149.6,36083.43,114.93835,47.63945,130.71559,72.15523,30.346275,78.83768,13.810173,39.71145,3.4436505,160.88953,21.445906,0.0,12.854178,-0.42069617,71.86252,11.706738,0.0,0.0,10.7904005,119.980934,19.79004,0.0,1.2206264,1.0,0.0,1.0,0.0,0.0,1.0,1.0,1.0,0.0,1.0,0.0,1.0,0.0,0.0,0.0,0.0,0.0,1.0,0.0,0.0,0.0,0.0,0.0,0.0,0.0,0.0,0.0,0.0,1.0,1.0,0.0,0.0,0.0,0.0,0.0,0.0,0.0,0.0,0.0,0.0,1.0,0.0,0.0,0.0,0.0,0.0,0.0,0.0,0.0,0.0,2009.7999,114.51124,71.07853,7.345871,9.664831,32.22164,8.079721,5.8487883,30.916035,17.786339,20.376408,27.327545,3.6087768,4.9102397,3.8072538,32.276375,154.32416,107.73456,71.9432,27.776512,31.004416,0.8839874,0.9699361,1.8048055,1.5279531,1.4941845,115.53338,570.45013,3.91184,2.025081,0.0,1.0,0.0,0.0,0.0,0.0,1.0
52.488766,-1.5906653,28.012661,20.731773,2.20038,0.87750363,0.23999111,0.21187903,0.109289825,0.15843913,64657.203,-0.0103132045,8477.08,-0.015080886,211382.2,0.061051503,79259.46,-428416.9,-1552276.5,293119.3,80601.84,155.46933,57.321358,139.50221,90.21748,33.787056,62.816956,96.633675,165.42052,0.717009,150.47986,123.96173,0.0,107.79924,-4.7420435,55.05092,51.646606,1.0,0.0,13.818227,97.33427,140.5092,1.0,2.2735102,1.0,0.0,0.0,0.0,0.0,0.0,0.0,0.0,0.0,0.0,0.0,0.0,0.0,0.0,0.0,0.0,0.0,0.0,0.0,0.0,0.0,0.0,0.0,0.0,0.0,0.0,0.0,0.0,1.0,0.0,0.0,0.0,0.0,0.0,0.0,1.0,0.0,1.0,0.0,0.0,0.0,0.0,0.0,0.0,0.0,0.0,0.0,0.0,0.0,0.0,-746.05786,145.54543,61.07089,6.5057354,7.969514,50.599625,7.174021,6.454239,49.910065,25.782854,19.78262,23.604082,5.089465,6.826763,7.604211,55.856705,245.53806,160.07826,84.55504,41.70884,33.46992,0.74988,1.0266349,3.673545,0.31166726,2.7197704,234.32106,1296.8872,6.113854,0.6440381,0.0,0.0,0.0,0.0,0.0,1.0,1.0
58.821465,-0.9100685,52.709934,8.128004,2.992852,0.33639646,0.1546087,0.117557816,0.1120378,0.08939004,17363.408,-0.009416387,14766.193,0.014416948,220322.48,0.08424095,46826.53,-486985.78,-4738894.0,292652.56,128059.71,99.53724,64.13432,68.119385,86.766106,55.102425,16.934916,40.784878,112.8175,-2.7747138,153.47136,63.4315,0.0,40.141743,-2.8345363,74.52731,31.102434,0.0,0.0,10.073119,184.46123,52.199074,2.0,1.6289357,0.0,0.0,0.0,0.0,0.0,0.0,0.0,0.0,0.0,0.0,0.0,0.0,0.0,0.0,0.0,0.0,0.0,1.0,0.0,0.0,0.0,0.0,1.0,0.0,0.0,0.0,0.0,0.0,0.0,0.0,0.0,1.0,0.0,0.0,0.0,0.0,0.0,1.0,0.0,1.0,1.0,0.0,0.0,0.0,0.0,0.0,0.0,0.0,0.0,0.0,886.63947,135.30707,62.468903,-6.510975,-3.618728,52.28474,-5.1933765,-3.549749,49.623657,19.006628,13.646951,19.357264,2.6567228,5.049382,5.518018,79.55812,139.27728,19.932112,-39.721867,-86.62524,85.008354,1.1329387,1.7817972,4.972028,1.162082,2.2809043,297.23953,1018.506,5.4935575,5.6407785,0.0,1.0,0.0,0.0,0.0,0.0,1.0
71.96385,4.6686745,36.726166,8.676226,3.3730142,0.59600776,0.117201105,-0.083118744,-0.016538655,0.042064562,21326.66,0.015377082,4025.0127,0.036657263,34320.33,0.0026273844,34684.703,101115.66,-1641081.0,162924.75,25678.494,94.5898,52.033073,103.97073,47.054523,29.103111,36.575592,10.98203,48.206196,1.5035496,158.48265,78.15461,0.0,7.2592554,-1.4743036,57.414276,32.116673,1.0,0.0,9.726195,192.39731,170.8732,1.0,1.8365682,1.0,0.0,0.0,0.0,1.0,1.0,0.0,0.0,0.0,1.0,1.0,1.0,0.0,0.0,1.0,0.0,1.0,0.0,0.0,0.0,0.0,0.0,1.0,0.0,0.0,0.0,0.0,0.0,1.0,1.0,1.0,0.0,0.0,0.0,0.0,1.0,0.0,0.0,0.0,0.0,1.0,0.0,0.0,0.0,0.0,0.0,0.0,0.0,0.0,0.0,806.3727,106.9507,53.75092,5.120791,4.113226,16.827532,3.9386265,4.474181,10.766502,7.9004273,11.700044,12.61142,3.295632,4.58647,5.261182,46.28918,114.29545,47.14849,53.426945,-2.0091221,56.78278,0.7492377,0.9781422,2.4097257,1.1617146,0.72559106,-72.16002,300.79184,3.4365945,1.0198282,0.0,0.0,1.0,0.0,0.0,0.0,1.0
28.97602,0.041363016,64.117775,14.941687,6.50328,0.94478184,0.13132341,0.15432689,0.1120859,0.020944647,-4726.043,-0.019203201,6827.085,0.0063788677,62936.79,-0.042827055,43322.617,-452175.47,-2684322.0,242933.2,68089.484,192.26189,76.02803,163.22574,164.50139,62.9444,94.75238,77.03578,166.45038,-2.7695549,154.07132,91.53733,0.0,86.845024,0.7584836,84.4978,40.276283,0.0,0.0,17.389215,33.441128,-178.4214,2.0,1.9611663,0.0,0.0,1.0,0.0,1.0,1.0,0.0,0.0,0.0,1.0,0.0,1.0,0.0,0.0,0.0,0.0,0.0,1.0,0.0,0.0,1.0,0.0,0.0,0.0,0.0,0.0,1.0,0.0,1.0,1.0,0.0,0.0,0.0,0.0,1.0,1.0,0.0,1.0,0.0,1.0,1.0,1.0,0.0,0.0,0.0,0.0,0.0,0.0,1.0,0.0,801.1385,160.52086,74.82498,-4.7917447,-0.098153815,41.578224,-3.5580926,-6.8152466,40.628605,8.960295,1.8929622,1.4482865,3.9023652,6.05895,4.616163,76.269196,306.75198,174.14226,75.38202,5.214334,81.132355,1.398751,1.894895,3.4105945,0.94591016,0.72104377,285.49487,579.0049,6.4516625,5.811921,0.0,1.0,0.0,0.0,0.0,0.0,1.0
54.33201,-9.298263,45.53384,31.924932,2.6216822,1.049381,0.1923481,0.033065964,0.13060682,0.18827713,40716.176,-0.013211202,8566.056,0.013298431,126783.3,-0.026960412,96608.1,-521499.9,-3285996.0,417378.72,26109.252,110.18982,49.563965,61.55784,36.911106,21.680365,11.069797,72.44442,135.4285,0.03265788,148.7151,107.40033,0.0,78.04863,-4.320342,60.269096,46.754997,1.0,0.0,16.84547,82.359055,0.13507852,1.0,2.0808778,1.0,0.0,0.0,0.0,0.0,0.0,0.0,0.0,0.0,1.0,1.0,0.0,0.0,0.0,0.0,0.0,0.0,0.0,0.0,0.0,0.0,0.0,0.0,0.0,0.0,0.0,0.0,0.0,0.0,0.0,0.0,0.0,0.0,0.0,0.0,0.0,0.0,0.0,0.0,0.0,0.0,0.0,0.0,0.0,0.0,0.0,0.0,0.0,0.0,0.0,-493.70493,183.33345,88.5789,4.9369717,3.431045,40.96183,3.7196338,3.2096045,39.668232,20.283047,24.620388,29.865574,3.9708638,6.1793714,5.1359596,68.425606,174.09201,74.06107,-11.938376,-63.67965,74.82609,0.6482006,0.9829208,3.8973532,0.90072274,1.6072091,64.14069,705.9992,5.5439386,0.67461467,0.0,0.0,1.0,0.0,0.0,0.0,0.0
68.8961,1.8995594,27.622055,9.779406,1.1148351,1.0289706,0.07698787,0.012516581,-0.012799464,0.06358342,113033.19,-0.0072210142,14659.246,-0.0433305,324581.56,0.017398136,65335.54,228328.45,4258510.0,300280.97,211269.16,266.85278,79.29629,154.58739,245.92828,77.97063,19.667011,30.159925,114.86836,15.068584,170.02835,206.34894,0.0,28.968155,-1.9014668,14.949689,72.959465,1.0,1.0,11.763302,85.80187,-6.9717407,2.0,3.2951984,0.0,0.0,0.0,0.0,0.0,0.0,0.0,0.0,0.0,0.0,0.0,0.0,1.0,0.0,0.0,0.0,0.0,0.0,0.0,1.0,0.0,0.0,0.0,0.0,0.0,0.0,0.0,0.0,0.0,0.0,0.0,0.0,0.0,0.0,0.0,0.0,0.0,0.0,0.0,0.0,0.0,0.0,0.0,0.0,0.0,0.0,0.0,0.0,0.0,0.0,-1657.6891,215.60223,129.00801,16.995407,19.543724,59.262897,19.054995,15.108271,59.594696,36.216003,42.63507,52.376137,6.4666605,8.128182,8.880149,48.70485,455.74887,325.9248,62.31631,-24.805075,71.52933,1.5241797,1.6096869,2.106461,-1.9526691,3.4700158,134.15771,1620.9685,5.8588653,5.9142704,0.0,1.0,0.0,0.0,0.0,0.0,1.0
58.951935,-4.4441147,34.863525,14.107739,1.3804113,1.2387322,0.18480095,0.09541794,0.07752409,0.1010811,52052.734,-0.00420209,7635.2554,0.00082632544,168010.7,0.03830326,46171.742,-232436.05,-135801.97,333702.8,133901.92,166.90936,63.234547,112.869644,115.014015,45.281563,23.651333,31.42326,91.4623,6.564527,157.3258,82.71784,0.0,30.730824,-4.310264,57.470764,35.107105,1.0,0.0,10.144311,87.410225,49.41156,2.0,1.8483899,0.0,0.0,0.0,0.0,0.0,0.0,0.0,0.0,0.0,0.0,0.0,0.0,1.0,0.0,0.0,0.0,0.0,0.0,0.0,1.0,0.0,0.0,0.0,0.0,0.0,0.0,0.0,0.0,1.0,0.0,0.0,0.0,0.0,0.0,0.0,0.0,0.0,1.0,0.0,0.0,1.0,0.0,0.0,0.0,0.0,0.0,0.0,0.0,1.0,0.0,-164.67827,189.65698,97.71323,9.1864195,9.923395,50.36605,10.448396,9.103897,49.94025,24.996874,25.524422,34.136177,5.4845996,7.0644164,6.513236,41.220367,283.32935,180.0741,35.813572,-20.50195,68.94925,1.0055609,1.1661338,2.9540458,0.27461433,2.1420994,298.70532,1169.8502,4.9536366,4.3617516,0.0,1.0,0.0,0.0,0.0,0.0,1.0
89.65288,4.6924176,38.239532,6.2215166,3.9847903,0.909302,0.08647582,0.079316035,-0.033990238,-0.005352756,-6319.9565,0.0037829329,-222.39203,0.005880855,-28252.39,-0.007766972,79232.74,105434.29,521415.34,186848.06,83423.586,113.828735,29.62494,128.73772,86.82857,23.447256,54.28137,3.3226209,45.187443,5.5934677,157.48001,85.65887,0.0,-3.0441866,2.0318677,56.148346,34.864758,0.0,0.0,11.304861,147.9306,50.86088,0.0,1.9239506,0.0,0.0,0.0,0.0,1.0,1.0,0.0,1.0,1.0,1.0,0.0,1.0,0.0,0.0,0.0,0.0,0.0,0.0,0.0,0.0,0.0,0.0,0.0,0.0,1.0,0.0,0.0,0.0,0.0,0.0,0.0,0.0,0.0,0.0,0.0,1.0,0.0,0.0,0.0,0.0,1.0,0.0,0.0,0.0,0.0,0.0,0.0,0.0,0.0,0.0,195.27429,125.3833,78.21477,7.999713,9.903885,26.743248,8.279401,5.227317,23.540709,14.818015,12.737786,13.603398,2.9732869,4.66046,4.879362,50.085705,105.224785,45.099586,93.01382,37.02723,42.430115,0.89912814,1.0648607,2.198833,1.7375798,1.764287,66.93802,210.42307,3.8685794,1.6590372,1.0,0.0,1.0,0.0,0.0,0.0,1.0
83.23121,4.1757894,28.367338,10.519066,3.3221095,1.6618507,0.14947194,0.08463098,0.024293005,0.04964559,2966.662,0.0073383986,279.11893,0.037097953,11753.083,0.05361871,111224.11,242242.75,-720592.5,116184.54,4807.444,148.25258,56.627495,126.44989,73.61749,27.54606,65.56628,26.849966,44.45421,2.4362888,155.51282,50.38155,0.0,25.459011,1.6366476,62.35617,22.08594,1.0,0.0,8.960519,140.56288,131.36578,2.0,1.5067499,1.0,0.0,0.0,0.0,1.0,1.0,0.0,1.0,0.0,1.0,1.0,1.0,0.0,0.0,0.0,0.0,0.0,0.0,0.0,0.0,0.0,0.0,0.0,0.0,0.0,0.0,0.0,0.0,1.0,0.0,0.0,1.0,0.0,0.0,0.0,1.0,0.0,1.0,0.0,0.0,0.0,0.0,0.0,0.0,0.0,0.0,0.0,0.0,0.0,0.0,963.4708,104.38331,58.747448,5.722521,7.858973,19.398628,5.963077,5.02689,16.630575,10.729451,10.531382,12.657463,5.061547,5.6539984,4.0403304,22.44682,228.39642,198.69629,62.116314,34.777046,29.634241,0.7269568,0.7271007,1.9914951,1.985363,1.1094085,46.000515,611.50885,3.6224942,3.194662,0.0,0.0,1.0,0.0,0.0,1.0,0.0
80.94447,1.8770878,43.744278,9.760428,4.656904,1.4175342,0.15471432,0.15609215,0.07494954,0.08576414,-15936.572,0.0046481034,361.62357,0.04125088,-27559.965,0.007828445,81589.07,-28753.045,-906689.2,204458.61,72006.96,80.00773,35.124912,93.56305,24.168242,12.186847,35.396587,21.979923,48.255596,-0.2628912,154.56741,43.178024,0.0,21.712517,2.096427,62.135338,22.763206,0.0,0.0,12.382395,118.355576,13.529396,3.0,1.4320506,0.0,0.0,1.0,0.0,0.0,0.0,0.0,1.0,0.0,1.0,0.0,1.0,0.0,1.0,0.0,0.0,0.0,0.0,0.0,0.0,0.0,0.0,0.0,0.0,0.0,0.0,0.0,0.0,0.0,1.0,1.0,0.0,0.0,0.0,1.0,0.0,0.0,0.0,0.0,0.0,1.0,0.0,0.0,0.0,0.0,0.0,0.0,0.0,0.0,0.0,287.15274,123.18715,68.80498,1.8584844,3.7869933,32.00484,2.6325629,1.6039977,29.558825,11.249224,4.258593,4.0945444,3.0806377,4.3448668,3.6747212,48.132904,81.071526,38.77536,45.409748,14.322422,25.246876,0.76790386,0.7638904,1.9015298,2.058817,1.1645191,269.7621,289.15024,3.1770096,3.7782724,0.0,1.0,0.0,0.0,0.0,1.0,0.0
77.8945,6.193121,28.948463,2.435892,3.2352853,1.1388667,0.111997955,0.14695804,0.031960886,0.050914172,9816.1875,0.008447751,2183.873,0.031128198,21023.686,0.026561446,59088.004,188898.61,451771.7,141623.94,52672.08,99.08779,36.680668,142.94737,62.627544,25.339748,82.27307,-13.08348,20.351881,8.682157,163.09268,80.64498,0.0,-22.071142,0.92567503,59.932484,31.076263,0.0,0.0,11.861151,194.46738,132.73285,2.0,1.8916472,1.0,0.0,0.0,0.0,1.0,1.0,1.0,1.0,0.0,1.0,0.0,1.0,0.0,0.0,0.0,0.0,0.0,0.0,0.0,0.0,0.0,0.0,1.0,0.0,0.0,0.0,0.0,0.0,1.0,1.0,1.0,0.0,0.0,0.0,0.0,0.0,0.0,0.0,0.0,1.0,0.0,0.0,0.0,0.0,0.0,0.0,0.0,0.0,0.0,0.0,305.86334,118.76184,73.112114,11.1748905,14.157276,36.79464,11.15475,7.1431355,34.047302,17.243992,16.67062,19.943394,2.7937794,4.2418976,3.8380666,47.1842,95.590324,41.37249,107.14934,45.303463,43.807083,0.84115565,0.8691086,2.2364964,2.0325384,1.0313952,164.1501,208.81462,3.4771426,3.0595763,1.0,0.0,1.0,0.0,0.0,0.0,1.0
72.125916,2.7787626,28.2391,16.403656,3.617039,0.7901397,0.09196278,-0.0026675847,-0.025949739,0.039704453,57641.46,0.006023507,1762.7382,0.016517589,59238.418,0.0027671985,-5535.859,-156912.45,-1270138.1,105031.35,15412.421,132.46442,57.84771,112.734116,87.305916,39.83634,36.730484,19.086504,65.985085,8.621442,160.32909,116.57791,0.0,17.875235,-4.8952584,46.489243,44.1867,0.0,0.0,14.870601,204.61049,184.4217,2.0,2.2499084,1.0,0.0,0.0,0.0,1.0,1.0,0.0,1.0,0.0,1.0,1.0,1.0,0.0,0.0,0.0,0.0,1.0,0.0,0.0,0.0,1.0,0.0,0.0,0.0,0.0,0.0,0.0,0.0,1.0,0.0,1.0,0.0,0.0,0.0,0.0,1.0,0.0,0.0,0.0,0.0,1.0,0.0,0.0,0.0,0.0,0.0,0.0,0.0,0.0,0.0,404.95972,107.50851,62.83908,10.843398,10.013869,19.110806,12.00025,11.345549,18.45934,17.536585,15.844929,12.374835,4.002378,5.4304695,3.9541702,41.745895,199.3086,129.83066,42.64325,5.739513,40.154118,0.88749105,1.1338595,1.8354836,0.20600551,0.3252574,142.1442,131.40988,4.1010833,1.5160983,0.0,0.0,1.0,0.0,0.0,0.0,0.0
71.09602,1.6496359,32.707066,9.818013,2.7372317,-0.05252667,0.09180061,0.048354786,0.033747505,0.047649875,10739.866,0.013411491,6973.458,0.037537202,42890.754,-0.030768113,59122.793,-128356.27,-1910245.9,276187.47,138762.9,96.577385,62.497814,127.24986,64.90657,47.368145,49.20467,-48.32806,-8.456147,3.1322253,168.99129,70.67375,0.0,-63.36681,-3.3722076,46.754223,26.1342,0.0,1.0,13.697506,114.22742,31.012524,1.0,1.8045787,1.0,0.0,0.0,0.0,0.0,1.0,0.0,0.0,0.0,0.0,0.0,0.0,0.0,0.0,0.0,0.0,0.0,0.0,0.0,0.0,0.0,0.0,0.0,0.0,0.0,0.0,0.0,0.0,0.0,0.0,0.0,0.0,0.0,0.0,0.0,0.0,0.0,0.0,0.0,0.0,1.0,0.0,0.0,0.0,0.0,0.0,0.0,0.0,0.0,0.0,-124.76896,117.33178,59.911728,3.9029818,4.6343637,50.28313,6.464155,4.7288313,44.51908,23.293613,15.748991,15.910438,2.2799654,4.222282,5.789573,69.08772,137.1186,44.663647,108.86702,28.213675,64.39946,0.9052081,1.2905672,2.1051502,0.35622063,0.4326474,331.00027,780.0177,3.2180367,2.6182413,0.0,1.0,0.0,0.0,1.0,0.0,0.0
70.61214,-3.6414633,27.15182,4.8489456,-0.7065886,2.9557579,0.30012164,0.19658192,0.16566278,0.2610676,29994.191,0.0050102985,2782.36,0.029441593,73538.93,0.17762537,-1900.9335,-172992.28,-1784193.8,215988.17,7553.033,59.66712,21.870117,16.815939,-2.2760181,0.25542855,-21.71727,53.298996,82.56448,3.5713358,139.08984,2.0068,0.0,56.31011,-6.174833,75.4592,13.126567,1.0,0.0,11.237184,102.91433,105.00486,2.0,0.8518957,1.0,0.0,0.0,0.0,0.0,0.0,1.0,1.0,0.0,1.0,0.0,0.0,0.0,0.0,0.0,0.0,0.0,0.0,0.0,1.0,0.0,0.0,0.0,0.0,0.0,0.0,0.0,0.0,1.0,0.0,0.0,0.0,0.0,0.0,0.0,0.0,0.0,0.0,0.0,1.0,0.0,0.0,0.0,0.0,0.0,0.0,0.0,0.0,0.0,0.0,2055.2468,156.34447,81.99313,8.027606,6.1187687,31.175087,5.1430206,8.907644,29.760683,15.39281,28.594261,40.652164,4.0997515,5.4855046,1.1101117,30.46811,49.04011,23.938463,-117.91751,-103.391685,52.33578,0.5259642,0.6752479,4.264244,1.124614,2.1924324,107.55138,834.7854,4.478913,4.096274,0.0,0.0,1.0,0.0,0.0,0.0,1.0
72.42365,4.6370916,15.685869,11.912939,3.1388783,1.0113432,0.14039864,0.13031921,0.066568874,0.101202115,15378.414,0.0075767534,569.13727,0.029627977,11909.07,0.030030709,120851.13,-102382.57,290813.44,235742.27,92366.28,106.74534,39.43166,122.22554,52.24557,18.809385,42.06565,21.293247,68.36046,3.0699434,152.2859,124.07363,0.0,16.93032,2.3949504,48.85145,49.005123,1.0,0.0,12.132497,139.47949,207.92647,2.0,2.3037667,0.0,0.0,0.0,0.0,1.0,1.0,0.0,1.0,0.0,1.0,1.0,1.0,0.0,1.0,0.0,0.0,1.0,0.0,0.0,1.0,0.0,0.0,0.0,0.0,0.0,0.0,0.0,0.0,1.0,0.0,0.0,1.0,0.0,0.0,0.0,1.0,0.0,1.0,0.0,0.0,0.0,0.0,0.0,0.0,0.0,0.0,0.0,0.0,0.0,0.0,-443.07846,122.77732,63.86597,5.5204515,7.9195127,37.833073,7.115108,6.6285896,39.62652,21.287024,11.948504,11.701895,2.5217175,4.4518566,6.1019425,77.76342,131.91986,55.220066,94.54807,30.082212,50.543324,0.83773184,0.9080571,2.3115928,0.70780396,0.9338059,229.30043,685.98517,4.029121,0.8515594,0.0,0.0,0.0,0.0,0.0,1.0,0.0
75.483894,-3.9797277,7.680011,17.77167,-1.857307,2.670412,0.20459762,0.07410059,0.04910064,0.19465178,105986.336,-0.004153488,8302.693,-0.014466796,146946.19,0.008871311,79141.34,601294.9,3079201.8,245232.58,96735.42,177.50818,55.2803,43.63769,172.71887,58.759357,-32.382618,48.44201,98.15979,12.990878,163.09088,139.71309,1.0,54.558784,-4.9037366,41.116024,52.82684,1.0,0.0,17.731092,13.466521,21.504951,0.0,2.534088,0.0,0.0,0.0,0.0,0.0,1.0,0.0,0.0,0.0,0.0,0.0,1.0,0.0,0.0,1.0,0.0,0.0,1.0,0.0,1.0,1.0,0.0,0.0,0.0,0.0,0.0,0.0,0.0,1.0,1.0,0.0,0.0,0.0,0.0,0.0,1.0,0.0,1.0,0.0,0.0,1.0,0.0,0.0,0.0,0.0,0.0,0.0,0.0,0.0,0.0,131.35085,225.26956,125.992966,21.808195,19.086979,48.536022,20.618855,16.28104,52.351833,36.248196,55.213905,66.172935,4.8382955,6.1201935,3.1994462,49.34478,259.0103,194.16391,-96.21546,-121.29204,49.375423,1.3270831,1.6254224,1.591528,-2.1780033,2.9588535,85.06614,1210.1993,6.0968704,7.2894106,0.0,1.0,0.0,0.0,0.0,0.0,1.0
56.853146,-3.4576402,45.318447,13.339528,2.2243872,2.6727183,0.23419563,0.3192575,0.15230311,0.15837243,-8044.9585,-0.01520833,2899.8438,0.012552025,-27297.055,0.094492234,77679.12,295508.72,-317369.3,292939.8,54299.32,161.24037,67.58678,60.06271,90.661446,40.667404,3.836849,98.792175,158.68536,0.74441826,154.14989,81.18752,0.0,110.51129,0.57391876,109.52332,35.049664,0.0,0.0,14.515064,114.80887,-186.75212,2.0,1.8528197,1.0,0.0,1.0,0.0,0.0,1.0,0.0,1.0,0.0,1.0,1.0,1.0,0.0,0.0,1.0,0.0,0.0,1.0,0.0,0.0,1.0,0.0,0.0,0.0,0.0,0.0,0.0,0.0,0.0,1.0,0.0,1.0,0.0,0.0,0.0,0.0,0.0,0.0,0.0,0.0,1.0,0.0,0.0,0.0,0.0,0.0,0.0,0.0,0.0,0.0,-421.89624,204.82162,112.79359,3.155955,6.9057355,52.294197,2.819944,5.3005915,53.920933,21.741798,26.074944,36.674423,5.9069204,7.1188645,3.5228455,29.57511,266.58725,194.33746,-94.6096,-123.23302,72.99545,0.8770181,1.0642444,4.085901,1.8460877,2.0608516,256.86005,1170.2416,6.055177,5.4573083,0.0,0.0,1.0,0.0,1.0,1.0,0.0
53.129387,1.2429155,19.157326,4.1062603,-2.6998177,0.97789997,0.1994779,0.07975319,0.1488299,0.12432865,61513.93,-0.01920881,24206.367,-0.023855917,320938.88,0.070655145,81521.086,268393.0,-880636.4,426446.56,158181.08,119.16604,52.146614,-3.099535,113.417694,53.122917,-55.68728,95.37061,195.56917,16.537693,152.69037,153.49951,0.0,102.05283,-2.9854355,91.58258,62.896065,0.0,0.0,10.346046,164.46225,-139.00134,2.0,2.628738,1.0,0.0,0.0,0.0,0.0,0.0,0.0,0.0,0.0,0.0,0.0,0.0,0.0,0.0,1.0,0.0,0.0,1.0,0.0,0.0,0.0,0.0,0.0,0.0,0.0,0.0,1.0,0.0,1.0,0.0,0.0,1.0,0.0,0.0,0.0,0.0,0.0,1.0,0.0,1.0,1.0,0.0,0.0,0.0,0.0,0.0,0.0,0.0,0.0,0.0,-2965.9014,179.91963,89.35479,14.997081,18.30672,65.699646,15.022117,13.9623165,61.286186,33.577137,52.314934,68.095695,3.225508,6.0147862,5.052511,89.50842,146.57285,18.770891,-170.90872,-231.8312,160.86136,1.1656008,1.9133595,5.7885,-0.38248956,4.575361,-167.9562,1270.5786,7.365915,0.13100669,0.0,1.0,0.0,0.0,0.0,1.0,0.0
78.07758,7.8495545,19.481842,1.7034394,2.4537344,0.40389773,0.14522395,0.13529657,0.054901667,0.09288848,7367.2305,0.007187862,8592.503,0.044753637,107852.93,0.06758726,81269.695,59383.527,-1792554.9,111163.16,63392.445,75.64811,42.487373,30.058287,40.45805,27.649607,0.98433703,-6.6177464,9.939838,8.654985,165.74799,55.6708,0.0,-13.532377,-0.6684039,59.35297,23.308514,0.0,1.0,12.487649,143.38936,-114.88413,1.0,1.6144875,1.0,0.0,0.0,0.0,0.0,0.0,0.0,1.0,0.0,0.0,0.0,0.0,1.0,0.0,1.0,0.0,0.0,0.0,0.0,0.0,0.0,0.0,0.0,0.0,0.0,0.0,0.0,0.0,1.0,0.0,0.0,1.0,0.0,0.0,0.0,0.0,0.0,0.0,0.0,0.0,1.0,0.0,0.0,0.0,0.0,0.0,0.0,0.0,0.0,0.0,-1138.8558,56.702274,30.495573,6.2915916,10.892593,36.157528,7.6574736,6.7677255,31.840797,19.436535,18.382063,19.20498,3.1403306,4.458446,3.2194939,61.368526,78.22106,35.93712,-79.06131,-108.954704,85.70562,0.81010926,1.1297363,2.0527093,1.145004,0.81359416,209.28365,619.72766,3.4831948,5.637131,1.0,1.0,0.0,0.0,1.0,1.0,0.0
65.97525,-0.08567609,66.194695,20.90596,5.8136396,1.3510467,0.11547622,-0.018013343,0.0008685822,0.019945849,53354.613,-0.012142703,15230.825,0.01953726,247549.48,-0.11841449,142041.52,33091.133,-2535886.2,251517.52,3038.2322,126.001396,55.59085,104.8513,112.40592,52.070637,42.16092,23.71487,62.92102,-4.911565,165.90408,85.6163,0.0,24.575384,1.6147994,50.81453,32.97434,0.0,0.0,9.485829,196.66856,145.40761,2.0,1.9535111,0.0,0.0,0.0,0.0,0.0,0.0,0.0,0.0,0.0,1.0,0.0,1.0,0.0,0.0,1.0,0.0,1.0,0.0,0.0,0.0,0.0,1.0,0.0,0.0,0.0,0.0,0.0,0.0,1.0,1.0,1.0,1.0,0.0,0.0,0.0,1.0,0.0,0.0,0.0,0.0,0.0,0.0,0.0,0.0,0.0,0.0,0.0,0.0,0.0,0.0,1557.8987,162.52971,83.41718,0.6054346,-1.2880574,15.496272,-1.5537045,-5.9087257,10.0451145,5.4855967,7.901856,12.185407,3.2526238,4.4026456,5.5604053,52.500767,150.11626,78.31091,47.864197,-23.218212,80.4033,1.0511732,1.3628901,1.5560122,1.9902053,1.3291819,-102.63581,499.7181,4.1137958,1.8476337,0.0,0.0,0.0,0.0,1.0,0.0,0.0
82.3618,3.8184524,31.719946,9.893296,4.1373324,2.1341164,0.11606669,0.22862245,-0.01756194,-0.0017630137,14430.603,0.005272577,-417.1482,-0.0014532311,-10822.155,0.039019804,61048.965,463050.3,468753.6,131469.2,73821.56,191.72847,64.83096,131.3439,121.16651,39.27476,33.32547,49.695953,81.9954,-0.45370176,152.3295,54.703476,0.0,54.315495,0.9465543,59.382866,25.805021,1.0,1.0,13.80244,128.4751,-12.21191,1.0,1.5197355,1.0,0.0,0.0,0.0,0.0,1.0,0.0,0.0,0.0,1.0,1.0,1.0,0.0,0.0,0.0,0.0,0.0,0.0,0.0,0.0,0.0,0.0,0.0,0.0,1.0,0.0,0.0,0.0,1.0,0.0,0.0,0.0,0.0,0.0,0.0,1.0,0.0,0.0,0.0,0.0,0.0,0.0,0.0,0.0,0.0,0.0,0.0,0.0,0.0,0.0,440.0029,127.18177,83.11708,2.132443,4.437612,24.784431,2.4293385,2.0247538,24.520662,13.180249,9.7688055,8.497444,6.3057384,6.7968087,2.1330771,6.778966,313.53262,289.3882,66.56374,41.305145,16.109505,0.86874706,0.7998364,2.3934364,1.2336074,1.8919437,244.2609,663.7724,4.708082,2.6177244,0.0,0.0,1.0,0.0,0.0,1.0,0.0
34.19824,-2.3852794,39.840767,5.802483,-1.8258094,2.1702785,0.11817506,0.14558701,0.1499029,0.005343217,7288.792,-0.05396892,19246.55,-0.014378043,219491.69,-0.048943426,98613.22,108517.23,-2269239.5,386371.03,90089.02,236.76843,73.54004,15.696406,251.80135,84.93593,-1.748191,148.64037,273.15045,16.075432,168.6692,117.74054,0.0,171.4211,-1.4853228,125.82664,44.35186,0.0,0.0,11.824101,99.85283,-130.67863,2.0,2.3392684,1.0,0.0,0.0,0.0,0.0,1.0,0.0,0.0,0.0,1.0,0.0,0.0,0.0,0.0,1.0,0.0,0.0,1.0,0.0,0.0,1.0,0.0,0.0,0.0,0.0,0.0,0.0,0.0,1.0,0.0,0.0,0.0,0.0,0.0,0.0,1.0,0.0,1.0,0.0,0.0,1.0,0.0,0.0,0.0,0.0,0.0,0.0,0.0,0.0,0.0,-1011.01056,225.5285,129.09186,11.378887,17.674038,60.70321,13.310552,7.7930145,62.606106,29.96547,49.59598,69.96445,5.6931386,8.369424,2.1639128,77.5476,371.91504,201.35231,-220.43706,-284.34106,180.13036,1.6338916,2.326602,6.217757,0.2353605,3.4399214,-181.59978,1379.9678,8.782344,-0.59908813,0.0,1.0,0.0,0.0,1.0,0.0,0.0
82.842926,-0.24564838,6.880713,10.194692,-1.2084033,0.9379933,0.17540759,0.17990564,0.09313471,0.10349953,9294.639,0.0067119696,12302.36,0.040009502,163986.92,-0.04854955,124866.07,397020.75,-1311439.1,409238.1,148433.14,60.938763,33.656475,88.11118,43.005295,29.134188,51.646473,-7.0232,42.54592,22.0437,167.0005,112.03981,0.0,-17.021763,-1.7891012,64.25365,41.61697,0.0,1.0,9.786859,104.95458,17.657816,1.0,2.2652278,0.0,0.0,0.0,0.0,0.0,0.0,0.0,0.0,0.0,0.0,0.0,0.0,0.0,0.0,0.0,0.0,0.0,0.0,0.0,0.0,0.0,0.0,0.0,0.0,0.0,0.0,0.0,0.0,0.0,0.0,0.0,0.0,0.0,0.0,0.0,0.0,0.0,0.0,0.0,0.0,1.0,0.0,0.0,0.0,0.0,0.0,0.0,0.0,1.0,0.0,684.3373,185.66385,95.39546,24.39265,26.431305,74.69165,28.416676,18.376911,70.10508,43.589027,40.82607,48.601692,1.0926825,3.5180924,5.4627333,81.7098,32.43026,-50.51356,30.819286,-49.087772,107.09784,0.85973346,1.493886,2.3597283,2.239482,1.3702737,133.6368,665.98126,4.1108603,-0.43209383,0.0,1.0,0.0,0.0,0.0,1.0,0.0
50.642536,0.7993668,30.893011,20.941282,1.0536499,-1.3130515,0.065788254,-0.29639274,-0.077131644,-0.059675213,147470.33,0.0034569155,12569.391,-0.039687995,261674.8,0.0066427696,100713.44,460350.06,3475452.0,293336.88,250558.42,338.0514,115.75288,193.82388,317.14053,108.39635,35.278797,67.914314,166.9778,6.6668916,164.69562,236.43507,1.0,76.045425,-4.4439197,27.128166,85.43475,1.0,1.0,10.2025795,24.09589,191.57718,2.0,3.625379,1.0,0.0,0.0,0.0,0.0,0.0,0.0,0.0,0.0,0.0,0.0,0.0,1.0,0.0,1.0,0.0,0.0,0.0,0.0,1.0,0.0,0.0,0.0,0.0,0.0,0.0,0.0,0.0,1.0,0.0,0.0,0.0,0.0,0.0,0.0,1.0,0.0,1.0,0.0,0.0,1.0,0.0,0.0,0.0,0.0,0.0,0.0,0.0,0.0,0.0,-821.87555,200.41449,88.11471,13.798913,11.616853,65.68578,18.134422,13.137364,61.926743,34.831116,44.079224,54.154404,7.574473,9.246876,12.7560425,44.86096,608.1828,440.48795,135.75433,21.684319,43.02286,1.6580098,1.8252876,-0.8152126,-4.751091,3.1584797,3.339709,1903.9473,6.879373,4.9875336,0.0,1.0,0.0,0.0,0.0,1.0,0.0
53.376266,-6.612652,37.861153,20.32992,3.0224257,2.4505825,0.12519625,0.0042163087,0.032655384,0.11188735,47973.15,-0.013237123,752.05225,0.02619197,128564.97,-0.04177931,46272.734,-516027.75,-382978.72,264851.1,8059.8267,170.27936,63.484375,116.27304,149.06456,59.687798,38.535,83.926094,145.09737,17.35157,159.64255,101.946655,0.0,95.1742,-1.8512707,65.450294,39.44848,0.0,1.0,14.352429,86.60456,52.271347,1.0,2.072384,1.0,0.0,0.0,0.0,1.0,1.0,0.0,1.0,0.0,1.0,0.0,1.0,0.0,0.0,0.0,0.0,1.0,0.0,0.0,1.0,1.0,0.0,0.0,0.0,1.0,0.0,0.0,0.0,1.0,1.0,0.0,1.0,0.0,0.0,0.0,1.0,0.0,1.0,0.0,0.0,1.0,0.0,0.0,0.0,0.0,0.0,0.0,0.0,0.0,0.0,738.92114,219.93619,127.93653,18.010735,18.070982,27.83651,16.975176,13.899765,28.038439,15.4341755,21.016588,22.112362,5.2631454,6.8271875,4.353947,43.64831,249.72565,174.37975,41.025417,-13.067176,79.973236,1.1246276,1.4076895,1.1650954,-0.009500861,-1.0522325,148.40424,610.2228,5.200118,3.4456785,0.0,0.0,1.0,0.0,0.0,0.0,1.0
86.4251,3.8110049,36.08526,8.979343,3.1905327,0.7752751,0.08541979,-0.045357224,-0.0063828914,0.023962509,-9395.561,0.0044377074,1380.4606,0.01566574,-41240.203,-0.00313985,134178.69,-71618.25,-462061.38,196903.94,80870.695,107.77785,39.68742,65.31171,71.28619,25.403711,-5.910034,7.1282396,45.615856,-1.5787215,159.81773,57.936478,1.0,6.1302032,1.3692483,46.894222,25.080652,1.0,1.0,12.284044,103.18307,33.639214,3.0,1.616615,1.0,0.0,0.0,0.0,0.0,0.0,0.0,1.0,0.0,0.0,1.0,1.0,0.0,0.0,0.0,1.0,0.0,0.0,0.0,1.0,0.0,0.0,1.0,0.0,1.0,0.0,0.0,0.0,1.0,0.0,0.0,0.0,0.0,0.0,1.0,0.0,0.0,0.0,0.0,0.0,1.0,0.0,0.0,0.0,0.0,0.0,0.0,0.0,0.0,0.0,161.23233,95.98852,57.7775,0.85912865,1.9790192,11.3559475,1.5042884,0.77748084,8.759544,8.150032,12.341181,16.612358,3.619409,5.060366,4.3337708,50.597347,127.09791,63.229954,12.664552,-33.78319,56.269623,0.9411649,1.0278738,2.7957385,1.2808228,2.1397839,-104.4172,233.2981,3.4760566,2.8753943,0.0,0.0,1.0,0.0,0.0,0.0,1.0
75.980705,-2.1978548,34.29918,14.349301,3.2734053,0.48335344,0.13312696,0.07699521,-0.0034353232,0.056177575,41676.758,-0.003264462,3231.0002,0.0059192246,134044.44,0.009145776,77545.086,-592293.7,-1617213.6,93717.73,93772.34,105.38699,23.126335,86.76511,136.27814,42.399956,17.299314,2.9961574,49.280663,-3.7221103,138.78261,62.73481,0.0,-6.1915374,-2.9519749,51.35943,34.461296,1.0,0.0,11.69573,221.02873,64.429535,2.0,1.5289698,1.0,0.0,0.0,0.0,0.0,0.0,0.0,0.0,0.0,1.0,0.0,1.0,0.0,0.0,0.0,0.0,0.0,0.0,0.0,0.0,0.0,0.0,0.0,0.0,0.0,0.0,0.0,0.0,0.0,0.0,0.0,0.0,0.0,0.0,0.0,0.0,0.0,0.0,0.0,1.0,0.0,0.0,0.0,0.0,0.0,0.0,0.0,0.0,0.0,0.0,810.4329,141.6637,72.02906,-0.22776362,-0.71178496,34.739365,0.63510895,-1.2530303,36.018883,18.776602,9.732403,6.1525598,1.6655169,3.5797107,4.8916397,72.9686,67.89576,-4.625199,20.425306,-21.82532,41.433132,1.4102861,1.7190558,2.0020828,0.9576247,1.4683347,339.23032,988.96454,4.086508,0.86418045,0.0,0.0,0.0,0.0,0.0,0.0,1.0
66.10672,5.4666495,45.07062,7.4782963,4.7736063,1.6715515,0.13015015,0.20198613,0.023133732,0.03681957,17393.822,-0.00401858,1227.8138,0.015606163,26229.604,0.021934662,51758.9,106398.96,-171865.9,158929.84,43397.297,157.51486,56.021084,138.00244,110.65573,40.657085,65.049164,29.744091,65.6234,2.4090154,168.08095,82.02558,0.0,31.916353,1.7687654,65.92722,30.072443,0.0,0.0,13.9001465,80.926704,93.99581,2.0,1.9274035,1.0,0.0,0.0,0.0,1.0,0.0,0.0,0.0,0.0,1.0,0.0,1.0,0.0,0.0,1.0,0.0,0.0,0.0,0.0,0.0,0.0,0.0,0.0,0.0,0.0,0.0,0.0,0.0,1.0,1.0,0.0,1.0,0.0,0.0,0.0,1.0,0.0,0.0,0.0,0.0,1.0,0.0,0.0,0.0,0.0,0.0,0.0,0.0,0.0,0.0,828.7791,129.95401,79.41129,4.9818697,8.146834,28.869055,4.4047966,3.0458786,27.856758,12.359571,10.605804,11.25972,4.7437067,6.0167384,3.8064494,41.466145,230.44847,183.88562,70.43005,38.603134,36.163906,0.8786595,1.0631157,1.8844187,1.4623051,1.0131507,220.19513,465.09717,4.561819,3.7515726,1.0,0.0,1.0,0.0,0.0,1.0,0.0
70.522385,7.470173,23.216372,2.561825,3.6328304,0.907326,0.08975969,0.2012425,0.06589512,0.035818607,20552.049,0.0038967265,2140.1694,0.032161735,74025.21,-0.007148322,94651.7,-239295.86,-1793729.0,84770.49,53877.887,127.13079,45.25772,152.91948,81.41425,27.479286,95.9258,6.448771,45.178185,0.85951823,156.19368,75.30766,0.0,1.6400731,-1.8441296,52.557976,32.33365,1.0,1.0,12.464559,144.02576,44.59796,2.0,1.7684573,1.0,0.0,0.0,0.0,1.0,1.0,0.0,1.0,0.0,1.0,0.0,1.0,0.0,0.0,1.0,0.0,1.0,0.0,0.0,1.0,0.0,0.0,1.0,0.0,0.0,0.0,0.0,0.0,1.0,1.0,1.0,1.0,0.0,0.0,0.0,1.0,0.0,1.0,0.0,0.0,0.0,0.0,0.0,0.0,0.0,0.0,0.0,0.0,0.0,0.0,561.93915,83.45083,46.141087,2.0455604,4.322753,41.90367,4.9465947,2.0135522,40.319572,17.560621,9.0378,11.276129,3.5810375,5.026639,3.948908,56.460144,169.06761,94.33393,121.311714,59.054115,54.0207,0.79417884,1.0366963,3.1387403,1.2239026,0.35718662,293.96356,703.91187,3.8826234,2.5054083,0.0,0.0,1.0,0.0,0.0,0.0,1.0
50.478054,0.45584998,59.743683,17.880749,4.866862,0.19727653,0.084853224,-0.043097768,-0.018532276,-0.0014892273,36892.973,-0.013476144,8636.77,0.011633266,88991.13,-0.09067337,60608.273,-256939.34,-2865844.0,225910.62,44071.57,140.1142,66.252235,113.56793,137.33887,63.045055,43.88438,49.40184,122.927216,-3.4963758,163.79541,127.006096,0.0,52.17978,-2.1977122,61.313934,48.066174,1.0,0.0,14.578309,153.44354,118.36306,1.0,2.4122572,0.0,0.0,0.0,0.0,0.0,0.0,0.0,1.0,0.0,1.0,0.0,1.0,0.0,0.0,1.0,0.0,0.0,0.0,0.0,0.0,0.0,1.0,0.0,0.0,0.0,0.0,0.0,0.0,1.0,1.0,0.0,0.0,0.0,0.0,0.0,1.0,0.0,0.0,0.0,1.0,0.0,0.0,0.0,0.0,0.0,0.0,0.0,0.0,0.0,0.0,923.7189,150.13226,77.20783,0.24945474,-0.6017627,29.12452,-0.2613471,-1.9052076,26.517078,13.046118,10.582584,10.929618,2.999058,5.1773405,5.917319,78.41157,188.9771,71.94338,46.040863,-21.63751,76.51055,1.2171975,1.6951365,2.4602375,0.028261065,0.6866274,20.54951,422.32114,5.1341267,-1.0461161,0.0,0.0,0.0,0.0,0.0,1.0,0.0
89.06944,4.256724,15.376352,7.643685,2.5062575,1.6090636,0.0950987,0.2562265,0.047434352,0.048981443,-6187.9014,0.008934929,2685.1797,0.023776542,-1821.3796,0.0020956148,53123.293,337613.44,-130261.09,114845.41,29117.416,129.67845,56.199303,172.18542,61.701103,30.194052,116.964226,-9.160614,14.731005,13.453429,170.73041,77.240295,0.0,-15.648704,-0.7313784,33.40051,25.9234,1.0,1.0,12.3536415,196.88713,79.479324,2.0,1.8783793,0.0,0.0,0.0,0.0,0.0,1.0,0.0,1.0,0.0,1.0,1.0,1.0,0.0,0.0,0.0,0.0,0.0,0.0,0.0,0.0,1.0,0.0,1.0,0.0,0.0,0.0,0.0,0.0,1.0,0.0,1.0,0.0,0.0,0.0,1.0,1.0,0.0,0.0,0.0,0.0,1.0,0.0,0.0,0.0,0.0,0.0,0.0,0.0,0.0,0.0,778.2458,116.75341,81.280846,15.586684,18.096148,38.687363,18.493666,11.846696,37.1837,26.70524,20.938362,22.486362,4.515681,5.1301694,2.2329545,22.509102,209.74171,171.61414,142.74252,95.12011,57.33435,0.7810646,0.8541742,2.164256,2.9406428,1.2417308,307.4404,41.613495,3.5432749,3.4115658,0.0,0.0,1.0,0.0,0.0,1.0,0.0
45.148827,-1.3295711,64.892685,12.982492,3.1886597,1.269877,0.20271607,0.08783003,0.10374982,0.13950337,1177.9833,0.018186389,8206.773,0.02514886,76528.79,0.33583915,116085.15,-359132.97,-3874507.0,435309.34,159533.48,142.93944,41.05452,101.06875,149.4157,45.291027,20.451998,79.014885,175.13014,-6.768647,159.32817,89.48822,0.0,88.13834,-2.363761,86.08102,36.737347,0.0,0.0,13.563569,106.686844,218.6644,1.0,1.978342,0.0,0.0,1.0,0.0,0.0,0.0,0.0,0.0,0.0,0.0,0.0,0.0,0.0,0.0,0.0,0.0,0.0,1.0,0.0,0.0,0.0,0.0,1.0,0.0,0.0,0.0,1.0,0.0,0.0,0.0,0.0,0.0,0.0,0.0,0.0,0.0,0.0,1.0,0.0,0.0,1.0,0.0,0.0,0.0,0.0,0.0,0.0,0.0,1.0,0.0,1180.6764,175.80228,79.11449,-7.407977,-7.862345,51.5287,-7.079268,-5.9426394,50.63712,17.10329,15.829391,25.13678,2.0875874,5.4213243,6.3155885,102.482086,181.26361,17.422108,11.273928,-68.047676,92.347946,1.4432789,2.0774307,3.8555493,0.39726922,2.0708876,122.65603,1179.9146,7.068728,3.9978786,0.0,1.0,0.0,0.0,0.0,0.0,1.0
89.55472,0.23846304,21.814604,11.106138,2.150209,1.5554459,0.13239218,0.31349048,0.0983965,0.17371264,14637.823,-0.005243019,1623.9739,0.027794773,-5847.666,-0.015211546,54412.156,371883.34,739955.9,242718.27,60663.125,101.946106,56.820633,162.13617,59.68084,38.800903,117.46716,17.59347,54.51631,13.382041,162.60803,105.37303,0.0,15.16483,1.2263671,48.885696,40.034176,0.0,0.0,14.254817,113.725716,77.74609,2.0,2.1518357,1.0,0.0,1.0,0.0,1.0,0.0,0.0,1.0,0.0,1.0,0.0,1.0,0.0,0.0,0.0,0.0,0.0,0.0,0.0,1.0,1.0,0.0,0.0,0.0,0.0,0.0,0.0,0.0,1.0,1.0,0.0,0.0,1.0,0.0,0.0,0.0,0.0,0.0,0.0,1.0,1.0,0.0,0.0,0.0,0.0,0.0,0.0,0.0,0.0,0.0,1401.5308,163.00098,101.996704,18.849577,21.536352,61.47596,20.801489,13.759754,65.904945,36.01938,25.384466,27.91146,3.060021,4.3872485,4.434095,47.547543,129.25285,88.58854,127.02132,79.62077,28.127886,0.92408866,1.0331045,1.8537276,2.6940072,0.5764356,306.1037,492.70593,3.9030087,-4.8493085,1.0,0.0,1.0,0.0,0.0,1.0,0.0
75.99131,-1.858926,23.023193,14.765156,2.6186197,2.06858,0.20265386,0.2797883,0.10476644,0.18948591,6412.624,0.0073510376,2814.1877,0.029390747,16675.049,0.012985081,107728.664,322447.53,1509398.8,297350.6,92540.5,81.64244,38.85505,117.09161,41.446438,25.642254,43.598053,27.332935,73.1256,12.706716,150.19687,118.75127,0.0,23.402584,2.9838352,61.117126,49.02772,0.0,0.0,13.496295,145.46855,37.621357,1.0,2.23978,1.0,0.0,1.0,0.0,1.0,1.0,1.0,1.0,0.0,1.0,0.0,1.0,0.0,1.0,0.0,0.0,0.0,0.0,0.0,0.0,0.0,0.0,0.0,0.0,0.0,0.0,0.0,0.0,0.0,1.0,0.0,1.0,1.0,0.0,1.0,0.0,0.0,0.0,0.0,1.0,1.0,0.0,0.0,0.0,0.0,0.0,0.0,0.0,0.0,0.0,311.41226,210.64581,118.72903,16.21769,19.55157,62.04484,16.628965,11.899172,59.997066,29.908134,23.863052,28.379734,2.1893961,3.9342678,4.9979196,57.886696,60.069748,3.5351503,72.80842,7.1015577,44.09006,0.91620433,1.01898,2.611594,2.4284172,1.078276,227.95311,701.9539,3.9933872,1.6243262,1.0,0.0,1.0,0.0,0.0,1.0,0.0
87.3531,4.862325,22.608912,1.3623738,2.8875735,0.8271702,0.069716565,0.16635764,0.0290814,0.026599329,9008.92,0.005734989,133.89601,0.013683485,-1597.0847,0.029851407,35773.008,75407.72,-336256.56,151754.9,67920.11,135.97389,55.810734,172.07071,75.50282,32.331554,100.388565,3.1733847,41.555782,4.8654466,164.63515,64.79531,0.0,0.30720112,-1.503418,31.668943,24.206917,1.0,0.0,11.183791,154.92004,122.435104,2.0,1.6956992,1.0,0.0,0.0,0.0,0.0,1.0,0.0,1.0,0.0,1.0,1.0,1.0,0.0,0.0,0.0,0.0,0.0,0.0,0.0,0.0,1.0,0.0,0.0,0.0,0.0,0.0,0.0,0.0,1.0,0.0,0.0,0.0,0.0,0.0,0.0,1.0,0.0,0.0,0.0,0.0,1.0,0.0,0.0,0.0,0.0,0.0,0.0,0.0,0.0,0.0,1651.5557,116.4827,75.188225,7.789837,9.434644,38.122837,10.313326,7.338002,36.159504,21.54116,14.473409,17.28506,4.109707,5.2710733,4.807264,36.526524,209.91594,150.40259,135.43185,80.245895,56.633286,0.8371476,0.88042325,2.2946415,1.7613368,1.1340221,254.26215,407.78674,3.3364897,4.570424,0.0,0.0,1.0,0.0,0.0,0.0,1.0
83.20458,6.222132,32.423145,1.6857744,3.6805382,1.0988452,0.086779796,0.13702254,0.00047260636,-0.0283552,9189.426,0.003345104,413.038,0.016317926,-23457.086,-0.03947534,41284.477,134760.0,-30720.738,143339.44,77739.58,105.47994,33.662884,111.855675,73.46202,24.659475,43.693,-8.0249405,26.590933,3.826847,156.58212,59.182762,0.0,-17.651207,-0.9017017,57.759445,26.274008,0.0,0.0,12.05317,150.3109,31.290413,0.0,1.6132877,1.0,0.0,0.0,0.0,1.0,1.0,0.0,1.0,0.0,0.0,0.0,1.0,0.0,0.0,0.0,0.0,0.0,0.0,0.0,1.0,0.0,0.0,0.0,0.0,1.0,0.0,0.0,0.0,0.0,0.0,0.0,0.0,1.0,0.0,0.0,1.0,0.0,0.0,0.0,0.0,0.0,0.0,0.0,0.0,0.0,0.0,0.0,0.0,0.0,0.0,268.46054,110.30046,70.532936,7.5666,8.298642,27.509989,8.464985,5.4337463,25.255447,13.17216,9.764053,9.259687,3.1826093,4.4817867,3.0699337,43.686092,106.73081,55.86319,55.071213,12.055134,50.701725,0.8176434,0.95333016,1.8888593,1.1005461,1.032046,206.96101,151.11272,3.3147466,0.2766271,0.0,1.0,0.0,0.0,0.0,1.0,0.0
64.37867,3.1083157,-1.8253404,1.0137479,-2.5492024,3.1153173,0.21289104,0.49357352,0.20088175,0.15065984,77579.63,-0.013279749,11831.094,0.011369241,153327.44,0.08679025,79158.266,872118.1,776122.06,215537.52,38109.09,123.41417,50.235435,19.968878,42.371197,21.321163,14.142845,89.58375,117.92317,20.360622,161.05109,105.186844,0.0,100.70143,-3.9813743,64.16056,41.475548,0.0,1.0,17.678265,30.671034,-160.32408,1.0,2.1367939,0.0,0.0,0.0,0.0,0.0,0.0,0.0,0.0,0.0,1.0,0.0,0.0,0.0,0.0,0.0,0.0,0.0,0.0,0.0,1.0,0.0,0.0,0.0,0.0,0.0,0.0,0.0,0.0,1.0,0.0,0.0,0.0,0.0,0.0,0.0,1.0,0.0,1.0,0.0,0.0,1.0,0.0,0.0,0.0,0.0,0.0,0.0,0.0,0.0,0.0,-2158.7031,149.73776,99.88768,24.603779,28.03896,79.91819,25.499168,23.59233,78.32721,45.301952,55.69086,71.62047,5.6678596,6.712644,-0.7255349,37.26711,201.51054,179.07751,-163.40628,-148.8841,87.59564,0.4138315,0.7705012,3.2451634,-0.28482676,3.5424867,429.64026,1040.8976,5.526307,6.448541,0.0,1.0,0.0,0.0,1.0,0.0,0.0
57.732357,0.6903851,23.72978,9.845608,2.2730227,0.6724481,0.17580636,0.14481267,0.091706745,0.124383576,42632.96,0.002854787,-503.20868,0.015870241,50723.86,0.038597487,59821.41,-174852.11,-1251507.6,100690.23,64693.105,140.37898,50.751156,130.15909,91.92894,33.09146,60.45029,45.031128,107.88462,1.947705,144.56267,106.59476,0.0,42.635147,-5.418073,59.116886,46.797894,1.0,0.0,11.709501,141.49995,189.22395,2.0,2.0614066,1.0,0.0,0.0,0.0,0.0,1.0,0.0,0.0,0.0,1.0,1.0,1.0,0.0,0.0,0.0,0.0,0.0,0.0,0.0,0.0,1.0,0.0,0.0,0.0,0.0,0.0,0.0,0.0,1.0,0.0,0.0,1.0,0.0,0.0,0.0,1.0,0.0,0.0,0.0,0.0,0.0,0.0,0.0,0.0,0.0,0.0,0.0,0.0,0.0,0.0,1280.2433,143.01575,64.81404,5.8442492,5.569266,55.637005,9.134734,6.900359,53.909443,25.922567,18.62573,21.68209,3.771428,5.3794236,5.421129,52.994995,205.02055,107.12324,48.342896,5.167042,47.990475,0.90858483,1.1141505,2.3081229,-0.5922859,0.71290886,374.6931,1116.3142,4.7624454,2.6798122,0.0,0.0,1.0,0.0,0.0,0.0,1.0
79.88814,2.8797977,35.99366,1.0754987,1.8467686,1.0322305,0.11478373,0.19629882,0.07082972,0.032463543,9084.827,-0.0071645766,7255.8315,0.0016059679,69068.35,-0.023910405,57509.02,192684.56,-790658.9,303773.72,123674.086,95.024414,31.714218,102.6306,72.978004,25.56795,47.67155,16.693258,60.89745,3.6622984,163.98259,58.84207,0.0,14.54499,0.6468334,64.11932,24.742912,0.0,0.0,11.992036,107.436134,65.43186,2.0,1.6601199,1.0,0.0,0.0,0.0,0.0,0.0,0.0,0.0,0.0,0.0,0.0,1.0,1.0,1.0,0.0,0.0,0.0,0.0,0.0,0.0,0.0,0.0,0.0,0.0,0.0,0.0,0.0,0.0,1.0,0.0,0.0,0.0,0.0,0.0,0.0,0.0,0.0,0.0,0.0,0.0,0.0,0.0,0.0,0.0,0.0,0.0,0.0,0.0,0.0,0.0,-255.23051,138.68063,78.6907,7.903286,9.429554,49.73207,9.713894,3.9377704,47.47387,21.591219,19.806412,26.883482,2.4324076,4.3650317,3.7944,65.86091,90.38564,37.432354,49.031845,-4.415919,66.19732,0.8829179,1.0720785,1.7935742,1.1921995,2.7794356,240.8674,659.39197,4.1451573,0.34625623,0.0,1.0,0.0,0.0,0.0,1.0,0.0
46.841797,-1.8374182,38.990253,1.7726897,1.8032142,0.8481045,0.16227074,0.26622397,0.19255045,0.15706627,-12114.223,-0.0018393763,13366.262,0.018847082,161317.34,-0.0025988785,45447.215,-325810.6,-3528943.0,317839.3,179026.06,38.918327,52.39051,94.80299,78.55772,63.560272,14.226914,42.252975,126.682274,4.170332,161.37457,61.259335,0.0,41.61613,-2.023433,80.29848,27.093725,0.0,0.0,7.9561267,202.80019,50.378735,2.0,1.6525024,0.0,0.0,0.0,0.0,0.0,1.0,0.0,0.0,0.0,0.0,0.0,0.0,0.0,1.0,0.0,0.0,0.0,1.0,0.0,0.0,0.0,0.0,0.0,0.0,0.0,0.0,0.0,1.0,0.0,1.0,1.0,1.0,0.0,0.0,0.0,0.0,0.0,1.0,0.0,0.0,1.0,0.0,0.0,0.0,0.0,0.0,0.0,0.0,0.0,0.0,1207.3666,176.20877,87.275536,-0.1308586,3.5121887,79.3258,2.8354435,0.016519785,73.5836,29.145317,17.505787,21.555809,0.18053208,2.9694302,5.749817,103.1384,-24.110338,-147.05463,56.193947,-33.643787,136.61285,1.460128,2.3916848,3.7222743,1.6375668,1.139776,500.48923,1294.8809,5.7345233,0.67659855,0.0,1.0,0.0,0.0,1.0,0.0,0.0
78.06568,2.138348,38.026268,10.46529,3.9860704,0.5683968,0.068875216,0.07755502,0.032678988,0.049710743,47154.223,0.0019744032,3729.6067,0.008012706,46033.227,0.014562027,36815.844,-208591.61,-1557172.1,137075.53,75754.11,101.3397,45.35333,89.13561,81.61064,37.418114,15.870395,-6.14854,41.141304,1.3116597,157.13524,107.842804,0.0,-15.140173,-3.1104715,49.00338,43.100555,1.0,0.0,14.100331,204.45952,72.25255,2.0,2.150418,0.0,0.0,0.0,1.0,1.0,1.0,0.0,1.0,0.0,1.0,1.0,1.0,0.0,0.0,0.0,0.0,0.0,0.0,0.0,0.0,1.0,0.0,0.0,0.0,0.0,0.0,0.0,0.0,1.0,1.0,1.0,1.0,0.0,0.0,0.0,0.0,0.0,0.0,0.0,0.0,1.0,0.0,0.0,0.0,0.0,0.0,0.0,0.0,0.0,0.0,-189.12648,119.711235,73.85869,3.4561296,2.5506434,37.120144,4.8022013,4.8582497,36.766865,20.84964,14.011115,14.3672495,2.3110363,4.1339493,4.467763,60.670834,115.70388,35.82583,18.780075,-23.541527,48.192146,1.0357844,1.2726738,2.520596,0.272588,1.2034287,302.4587,284.06708,3.7275522,3.4666452,0.0,0.0,1.0,0.0,0.0,0.0,1.0
61.100487,6.5145545,36.600414,7.007147,3.4442837,0.8551722,0.09733033,-0.07464016,0.046282314,0.07500752,5895.498,0.011764153,9278.923,0.016444925,75122.234,-0.01388314,92107.305,391692.12,-13900.427,312136.53,61453.75,101.835945,60.758762,99.008606,42.35776,34.47346,17.124489,32.68328,89.695335,13.838805,180.92813,115.15017,0.0,33.104927,3.1324127,59.733257,37.1561,0.0,1.0,11.248543,110.66331,54.077118,2.0,2.386165,0.0,0.0,0.0,0.0,0.0,1.0,1.0,0.0,0.0,1.0,1.0,0.0,0.0,0.0,0.0,0.0,0.0,0.0,0.0,0.0,0.0,0.0,1.0,0.0,0.0,0.0,0.0,0.0,0.0,1.0,0.0,1.0,0.0,0.0,0.0,0.0,0.0,0.0,0.0,0.0,1.0,0.0,0.0,0.0,0.0,0.0,0.0,0.0,0.0,0.0,-441.74442,133.90836,78.231415,15.169932,16.995543,24.365528,13.890904,9.951895,17.055338,11.76532,25.00863,30.013802,3.243925,4.998374,4.7489605,50.4007,146.71083,62.281708,50.227913,-37.48052,104.646034,0.8378872,1.0840609,2.1877365,1.7853824,1.6970832,-155.13832,-160.47691,4.565372,1.5529499,0.0,0.0,1.0,0.0,1.0,0.0,0.0
76.920555,8.180907,48.532406,8.561495,5.0962996,-0.57271713,0.029376708,-0.13641658,-0.10357484,-0.0632926,36520.97,0.011466988,4900.5283,0.012560748,63878.812,-0.031315032,4748.341,244107.02,-440347.9,103714.95,54030.14,158.23524,78.526405,167.01753,113.907166,56.256687,80.71482,-18.637053,15.395635,0.17743158,181.84502,110.0844,0.0,-25.628067,-0.1809222,24.159847,34.836647,1.0,0.0,9.806334,145.66402,59.051796,2.0,2.3243132,1.0,0.0,0.0,0.0,0.0,0.0,0.0,1.0,1.0,1.0,0.0,0.0,0.0,0.0,0.0,0.0,0.0,0.0,0.0,1.0,0.0,0.0,0.0,0.0,0.0,0.0,0.0,1.0,1.0,0.0,0.0,0.0,0.0,0.0,0.0,0.0,0.0,1.0,0.0,0.0,1.0,0.0,0.0,0.0,0.0,0.0,0.0,0.0,0.0,0.0,551.7383,87.87813,51.897087,5.8092566,5.480536,16.274275,6.109554,4.185118,11.010164,11.326448,11.661836,12.37002,4.5995016,5.615123,7.4172373,32.968414,268.15024,187.92236,137.28342,67.04681,51.540844,1.0126759,1.0964218,0.2396717,0.697651,1.6169213,80.76699,283.42545,2.8859713,3.787906,0.0,1.0,0.0,0.0,0.0,0.0,1.0
75.01176,0.9722126,38.80167,11.665509,3.829164,0.86182696,0.070660196,0.11522647,0.015265314,-0.027679902,8915.235,0.00028376858,2716.4226,0.03502207,-11680.981,-0.046284918,43486.992,-42246.96,-1215654.5,148018.69,45586.848,129.99245,70.03465,148.82333,114.97556,61.578953,87.19203,-16.622568,11.203389,5.363875,163.64487,61.420723,1.0,-23.802486,0.13844,56.120853,24.293537,0.0,0.0,12.271604,153.84471,44.945324,1.0,1.6715449,1.0,0.0,1.0,0.0,1.0,1.0,1.0,1.0,1.0,1.0,0.0,1.0,0.0,1.0,1.0,0.0,1.0,0.0,0.0,0.0,0.0,0.0,1.0,0.0,0.0,0.0,0.0,0.0,1.0,1.0,0.0,1.0,0.0,0.0,0.0,0.0,0.0,0.0,0.0,0.0,1.0,0.0,0.0,0.0,0.0,0.0,0.0,0.0,0.0,0.0,673.2794,122.34989,75.81354,8.235951,11.200046,40.1667,10.145005,5.9928484,36.283806,18.619186,11.068063,13.313546,3.2980716,4.4863853,4.3815765,47.278305,182.86993,122.61627,109.16158,54.82384,44.13393,1.1316644,1.4201013,1.6220155,1.9059329,0.89084935,284.12244,437.2282,3.242477,3.9665174,0.0,1.0,0.0,0.0,0.0,1.0,0.0
37.146046,6.764442,4.2362847,-9.049217,-2.0492861,0.27535337,0.12911768,0.1929545,0.13264053,0.14509262,-42955.1,0.00813181,12208.162,-0.0012507758,62612.168,0.21394153,49302.527,167132.33,-639552.75,271304.0,238589.47,162.56097,53.326824,141.1165,264.16733,95.39278,69.723526,35.089302,158.27167,16.408953,167.86388,125.86241,0.0,33.47192,-0.3994684,75.84974,46.124954,0.0,0.0,8.39974,149.98866,36.46985,2.0,2.4179885,1.0,0.0,0.0,0.0,0.0,1.0,0.0,0.0,0.0,1.0,0.0,0.0,0.0,1.0,1.0,0.0,0.0,1.0,0.0,0.0,0.0,0.0,0.0,0.0,0.0,0.0,1.0,0.0,1.0,0.0,0.0,0.0,0.0,0.0,0.0,1.0,0.0,1.0,0.0,0.0,1.0,0.0,0.0,0.0,0.0,0.0,0.0,0.0,0.0,0.0,240.73276,163.55357,82.193504,7.9644747,17.456675,90.96387,12.487884,7.1384916,86.43303,40.702156,41.592327,53.572662,0.2702588,3.9846053,6.7681603,134.84032,159.16003,-40.119083,46.875122,-91.7108,175.10876,2.365879,3.5181258,5.077514,1.4441226,2.8655584,162.46251,2091.3003,7.5800242,2.8082812,0.0,1.0,0.0,0.0,1.0,0.0,0.0
54.05515,-4.767381,17.211313,9.074921,-1.42714,2.1570222,0.21884194,0.05568047,0.16011362,0.18338647,43492.438,-0.004064058,4885.781,0.018804312,109426.414,0.06284582,75274.29,175781.53,-799340.7,294702.4,57518.99,152.51273,70.23682,48.767864,72.24208,37.135864,1.6431342,124.50917,196.80159,10.756281,134.5046,69.47411,0.0,138.73724,-4.543575,81.55309,38.600708,0.0,0.0,11.330331,64.20588,-14.84109,1.0,1.5771649,1.0,0.0,0.0,0.0,0.0,1.0,0.0,1.0,0.0,1.0,0.0,0.0,0.0,0.0,0.0,1.0,0.0,0.0,0.0,1.0,0.0,0.0,1.0,0.0,0.0,0.0,1.0,0.0,0.0,0.0,0.0,0.0,0.0,0.0,0.0,0.0,0.0,1.0,1.0,0.0,0.0,0.0,0.0,0.0,0.0,0.0,0.0,0.0,1.0,0.0,1266.3438,194.85161,98.95887,12.545298,12.073294,54.44623,12.2364855,12.698078,52.72529,24.599005,39.347546,50.39138,6.0252438,7.5584927,2.784792,33.887753,271.58493,184.45743,-97.77922,-132.18599,102.71709,0.734088,1.0305609,3.4234366,-0.633289,1.6311744,123.59627,1291.1796,6.446811,2.608921,0.0,0.0,1.0,0.0,0.0,0.0,1.0
78.594536,4.25722,33.595688,7.8326287,4.1884885,1.1507968,0.112943016,0.18653989,0.055748,0.038703218,-5414.384,0.007309453,2806.9702,0.031100813,15998.861,0.010779937,90457.37,-68665.99,-986448.4,126463.34,48481.68,125.24447,54.305447,166.67383,73.602066,35.194843,103.17675,-4.9351254,21.74794,6.2237267,172.56688,68.25739,0.0,-9.674593,-0.6428704,54.471855,23.038483,1.0,0.0,12.39784,136.60577,23.204119,2.0,1.8020409,1.0,0.0,1.0,0.0,1.0,1.0,0.0,1.0,0.0,1.0,1.0,1.0,0.0,1.0,0.0,0.0,0.0,0.0,0.0,0.0,0.0,0.0,1.0,0.0,0.0,0.0,0.0,0.0,1.0,0.0,0.0,1.0,0.0,0.0,0.0,0.0,0.0,0.0,0.0,0.0,1.0,0.0,0.0,0.0,0.0,0.0,0.0,0.0,0.0,0.0,821.74115,117.96865,71.09697,8.635461,11.05536,41.638462,10.322762,5.8888836,35.682568,17.293806,10.928841,11.572332,4.009406,4.965156,3.8427706,37.953037,178.33151,125.5096,144.34584,96.2232,39.22912,0.8192056,0.9819848,2.085078,1.8891474,0.59699297,223.0059,316.80344,3.292297,6.397769,0.0,0.0,1.0,0.0,0.0,1.0,0.0
52.25138,5.0443945,30.148325,1.9264139,2.055148,0.7358261,0.11525588,-0.09291346,0.07881017,0.112456374,5181.898,0.011253708,10702.831,0.018088084,110905.16,-0.0065007284,61398.742,-8037.197,280956.8,280548.97,102743.47,86.275246,54.066116,91.75044,93.87805,53.54326,0.09948066,-12.180096,51.023075,10.4135065,178.83696,74.15828,0.0,-18.233736,2.7840705,71.84557,23.30037,1.0,0.0,7.2141795,190.10558,70.41304,2.0,1.9212179,0.0,0.0,0.0,0.0,0.0,1.0,0.0,1.0,0.0,1.0,0.0,1.0,0.0,0.0,1.0,0.0,0.0,1.0,0.0,0.0,0.0,0.0,1.0,0.0,0.0,0.0,1.0,0.0,0.0,1.0,1.0,1.0,0.0,0.0,0.0,0.0,0.0,1.0,0.0,0.0,1.0,0.0,0.0,0.0,0.0,0.0,0.0,0.0,0.0,0.0,-3.1703017,132.65268,68.85944,8.1376915,12.116213,26.071651,7.4512887,4.6775866,19.716434,9.051607,20.770985,26.245853,1.9931592,4.132503,5.9626417,79.52357,80.20568,-30.087914,52.13226,-59.56987,117.587456,1.290793,1.8737036,2.6533666,1.9993093,1.0619954,-139.35738,503.7419,4.4877014,2.857608,0.0,1.0,0.0,0.0,1.0,0.0,0.0
84.24062,-5.848454,15.990366,14.282527,-0.83165157,1.7306521,0.30585322,0.15436296,0.08270015,0.32077587,107691.17,0.0046071145,1096.4275,-0.00034034112,233569.17,0.18735091,-13332.215,140296.28,777423.44,102212.17,9550.16,82.01181,14.243865,34.346325,44.214115,5.8636737,1.2847164,65.48612,83.30574,9.394778,130.9423,59.96126,0.0,69.6718,-4.7517853,33.39689,36.91602,1.0,0.0,13.975556,96.44578,-43.11534,0.0,1.4473557,0.0,0.0,0.0,0.0,0.0,0.0,0.0,0.0,0.0,1.0,0.0,0.0,0.0,0.0,0.0,0.0,0.0,1.0,0.0,1.0,1.0,0.0,0.0,0.0,0.0,0.0,0.0,0.0,0.0,0.0,0.0,0.0,0.0,0.0,0.0,0.0,0.0,0.0,0.0,1.0,0.0,0.0,0.0,0.0,0.0,0.0,0.0,0.0,0.0,0.0,1747.4723,164.29181,83.595924,17.349669,16.617819,44.922234,14.599518,13.592242,46.645264,31.070112,39.331017,41.787132,3.6093874,4.9328136,3.35515,44.14095,65.58076,68.377945,-122.36883,-86.59281,5.8835344,0.71774334,0.9718582,0.65410334,0.42573354,2.5344563,242.42769,1098.8042,4.3312683,4.509313,0.0,0.0,1.0,0.0,0.0,0.0,1.0
55.5485,-0.3735291,61.171528,24.634064,5.485723,0.5771168,0.14837588,-0.36101556,0.003214688,0.13669544,25255.264,-0.003862826,18406.545,0.032875594,299084.12,-0.023786599,214822.67,-628078.2,-2015359.2,424776.0,32766.172,124.89865,68.922485,64.9688,123.10906,66.71897,-17.748737,16.903698,88.153076,4.6955514,180.8471,127.930405,0.0,16.765179,6.255607,71.940506,41.391018,1.0,1.0,5.3610916,160.03441,269.5507,2.0,2.5139213,0.0,0.0,0.0,0.0,1.0,1.0,0.0,1.0,0.0,1.0,1.0,1.0,0.0,0.0,1.0,0.0,0.0,1.0,0.0,0.0,0.0,0.0,0.0,0.0,0.0,0.0,0.0,0.0,1.0,0.0,0.0,1.0,0.0,0.0,0.0,1.0,0.0,1.0,0.0,0.0,1.0,0.0,0.0,0.0,0.0,0.0,0.0,0.0,0.0,0.0,-501.6306,175.53824,76.420555,1.279731,2.6071246,-4.3806033,-2.0320725,-0.8168118,-10.534833,-2.1065483,10.33688,14.763678,2.773631,5.26601,9.988642,93.63039,173.14816,26.699469,5.1728897,-110.12852,126.96927,1.3746572,1.9545174,3.427661,1.9354327,0.39450905,-538.7643,686.7871,5.222899,4.3299756,0.0,1.0,0.0,0.0,0.0,1.0,0.0
61.848133,1.4403005,54.5157,10.304599,7.1886377,0.2249704,-0.02303198,0.09402701,0.031630028,-0.027230613,34085.33,-0.0069239605,9260.259,0.010641822,94625.33,-0.07442902,29457.492,-458038.78,-2952102.8,104422.805,52817.44,127.8345,82.23704,142.39873,124.035614,74.07509,76.36484,9.794947,61.11587,-4.1329756,163.48593,79.05548,0.0,7.747298,-1.7574679,27.863205,31.379986,1.0,0.0,16.59668,127.88183,16.974989,1.0,1.8548322,0.0,0.0,1.0,0.0,1.0,1.0,1.0,1.0,1.0,1.0,0.0,1.0,0.0,1.0,1.0,0.0,1.0,1.0,0.0,0.0,0.0,0.0,0.0,0.0,0.0,0.0,0.0,0.0,0.0,1.0,0.0,0.0,0.0,0.0,0.0,1.0,0.0,0.0,0.0,1.0,0.0,0.0,0.0,0.0,0.0,0.0,0.0,0.0,0.0,0.0,328.6498,122.332214,83.095375,-3.882781,-1.6150051,43.606174,-1.6295427,-3.2621317,39.70142,14.445246,-1.4693962,-5.9131193,2.384302,4.0422306,4.0649476,68.35616,193.86375,97.55701,83.42901,19.301489,70.1146,1.3629925,1.7808472,2.483187,0.20757139,0.24815455,520.8036,199.75317,3.938142,4.3752084,0.0,0.0,1.0,0.0,0.0,0.0,1.0
87.116356,6.373647,58.022476,13.759961,6.13132,-0.3865191,-0.03726021,-0.4265056,-0.166543,-0.07772583,14793.11,0.0060038874,6676.548,-0.0068600583,103848.28,-0.06039928,145567.7,90717.83,1929890.4,318371.44,79983.08,186.35252,60.277096,138.42154,169.92111,54.173637,23.717733,5.789167,66.33919,7.228469,190.69592,145.54185,1.0,5.6938686,8.7314005,21.318766,43.661423,1.0,1.0,6.4140787,102.25274,218.08463,2.0,2.7649348,1.0,0.0,0.0,0.0,0.0,0.0,0.0,0.0,1.0,0.0,0.0,0.0,0.0,0.0,0.0,0.0,0.0,0.0,0.0,1.0,0.0,0.0,0.0,0.0,0.0,0.0,0.0,0.0,0.0,0.0,0.0,0.0,0.0,0.0,0.0,0.0,0.0,0.0,0.0,0.0,1.0,0.0,0.0,0.0,0.0,0.0,0.0,0.0,0.0,0.0,-336.17764,145.26546,89.01511,8.790454,9.760728,-7.4667344,7.1066647,3.1409993,-12.018561,1.2169138,12.564857,11.738686,4.0907536,5.9806886,11.103431,60.501114,271.19977,152.13152,132.50824,4.32476,96.319084,1.3625797,1.3748531,-0.59616023,0.08427864,2.2168827,-412.61227,520.8357,4.1690254,2.9903338,0.0,1.0,0.0,0.0,0.0,1.0,1.0
68.390366,0.089397736,69.12186,14.229681,4.5309696,0.6794106,0.11532185,-0.049069874,-0.04647457,0.011536625,34044.074,-0.0097300345,3984.2637,0.01332953,72588.34,-0.038878094,93696.21,69254.83,-307798.0,313093.88,96235.8,199.64896,79.951935,145.42735,151.90427,62.79933,53.63731,40.268787,102.33732,1.8783842,172.12447,110.60454,0.0,44.489178,1.4658195,72.04357,39.341324,0.0,0.0,10.879628,91.38138,123.97077,1.0,2.2745101,0.0,0.0,0.0,0.0,0.0,0.0,0.0,0.0,0.0,1.0,0.0,1.0,0.0,0.0,1.0,0.0,0.0,0.0,0.0,1.0,0.0,0.0,0.0,0.0,0.0,0.0,0.0,0.0,1.0,1.0,0.0,0.0,0.0,0.0,0.0,1.0,0.0,0.0,0.0,0.0,0.0,0.0,0.0,0.0,0.0,0.0,0.0,0.0,0.0,0.0,415.1223,173.0343,88.93143,5.3312407,3.8191,27.64598,5.5827837,2.2282898,26.464716,14.104334,13.136897,15.408066,5.3908787,6.9255877,7.5133204,48.53659,339.32523,248.89436,82.10223,14.996721,59.07047,1.0453036,1.0772469,0.4446121,0.042861223,0.45092928,47.921017,637.84534,5.0092735,0.52207404,1.0,1.0,0.0,0.0,0.0,1.0,0.0
76.96131,11.49708,20.559982,0.24621369,3.0838282,0.87693083,0.11236105,0.09602362,0.002426322,0.019386617,13799.574,0.0130833825,2925.495,0.027195837,-22921.848,0.04434194,31483.246,320810.28,666093.6,198327.53,53285.914,67.10464,19.165365,108.50093,33.59417,7.8251376,43.718365,9.409764,45.54113,9.169854,170.60399,113.45604,0.0,7.422304,2.0064538,60.91737,39.356506,0.0,0.0,13.8178835,103.03188,57.68645,2.0,2.3121064,1.0,0.0,0.0,0.0,1.0,1.0,0.0,0.0,0.0,1.0,0.0,1.0,1.0,1.0,0.0,0.0,0.0,0.0,0.0,0.0,0.0,0.0,0.0,0.0,0.0,0.0,0.0,0.0,1.0,1.0,0.0,0.0,0.0,0.0,0.0,0.0,0.0,0.0,0.0,0.0,0.0,0.0,0.0,0.0,0.0,0.0,0.0,0.0,0.0,0.0,48.2812,100.236565,59.653103,14.260504,16.239717,27.535034,12.515571,11.6784725,23.006365,15.382888,18.528374,19.53581,1.507151,3.2367673,4.7047157,67.082344,22.148113,-34.438805,73.69651,9.627223,59.844948,0.7829866,0.97587043,1.4502265,0.9527867,1.8047622,-29.841324,200.50806,3.476331,4.376126,0.0,1.0,0.0,0.0,0.0,0.0,1.0
81.27417,-0.4511352,54.10851,24.02615,4.334329,0.17876434,0.11538569,-0.23488827,-0.06714781,0.068675905,81467.62,-0.005004137,9337.95,0.010126797,150514.3,-0.03475947,166292.53,-50992.56,-897494.75,282021.47,59695.64,173.1855,85.42264,47.64471,135.06502,67.7019,-36.049824,28.561335,75.42835,0.7592684,173.06113,154.3253,1.0,29.49103,0.38860327,51.790997,54.344917,1.0,1.0,10.350431,117.11257,155.91263,1.0,2.741181,1.0,0.0,0.0,0.0,0.0,0.0,0.0,1.0,0.0,1.0,0.0,1.0,0.0,0.0,1.0,0.0,0.0,0.0,0.0,1.0,0.0,0.0,0.0,0.0,0.0,0.0,0.0,0.0,1.0,0.0,0.0,1.0,0.0,0.0,0.0,0.0,0.0,0.0,0.0,0.0,1.0,0.0,0.0,0.0,0.0,0.0,0.0,0.0,0.0,0.0,207.38934,157.92467,77.76997,5.227056,1.3261013,16.292992,4.2180524,4.983371,16.008402,15.558216,21.769932,25.10541,5.589675,6.845705,9.142501,46.740356,300.12027,211.16502,-49.78533,-103.33947,65.87887,1.0852236,1.2182859,0.5181605,-1.2650529,0.71685964,-139.15358,910.5849,4.8515763,3.5877345,1.0,1.0,0.0,0.0,0.0,1.0,0.0
69.96547,-0.70826477,31.877491,10.723416,2.7242837,1.4932115,0.20056844,0.14472741,0.09040746,0.15593198,-2739.9553,-0.0034906932,4026.3196,0.030531602,17891.64,0.048156884,76062.055,-15657.727,-1694997.0,188171.27,14735.767,73.67982,42.161877,54.273655,33.97504,25.092276,27.791552,34.832577,64.71716,5.304863,152.41321,44.37725,0.0,32.83008,-0.16224535,70.35115,22.9432,1.0,0.0,12.696088,150.09105,45.26764,1.0,1.4288697,0.0,0.0,1.0,0.0,0.0,1.0,0.0,1.0,0.0,1.0,0.0,0.0,0.0,1.0,0.0,0.0,0.0,0.0,0.0,0.0,0.0,0.0,0.0,0.0,0.0,0.0,0.0,0.0,0.0,0.0,0.0,1.0,0.0,0.0,1.0,0.0,0.0,0.0,0.0,1.0,0.0,0.0,0.0,0.0,0.0,0.0,0.0,0.0,0.0,0.0,332.1245,129.82126,68.77592,7.4329424,9.233292,33.610577,6.545253,5.1330633,32.527637,16.089241,14.912643,17.19178,3.1762133,4.4691057,2.659155,48.061436,70.76482,34.17692,-48.966743,-71.80958,69.91353,0.85646707,1.0794201,1.7555993,1.6206732,1.071854,288.59363,576.4535,4.218087,2.774553,0.0,0.0,1.0,0.0,0.0,1.0,0.0
22.926939,-5.0957613,51.889927,20.779945,2.5255668,1.121908,0.07226266,-0.04931025,0.08327474,-0.0059743836,8028.149,-0.0593023,11642.601,0.00031912708,228776.23,-0.15989779,70581.766,-915937.75,-5257019.5,304599.44,-15322.226,231.56268,82.79009,93.44934,262.77698,97.024216,78.02188,106.19966,224.29387,6.8812795,161.23268,80.899635,0.0,124.506516,-2.1201746,94.40577,32.6966,0.0,0.0,11.767458,157.89761,-62.25496,1.0,1.8754919,1.0,0.0,0.0,0.0,1.0,1.0,0.0,1.0,0.0,1.0,1.0,1.0,0.0,0.0,1.0,0.0,1.0,1.0,0.0,0.0,1.0,0.0,0.0,0.0,0.0,0.0,0.0,0.0,0.0,1.0,0.0,1.0,0.0,0.0,1.0,1.0,0.0,1.0,0.0,0.0,1.0,0.0,0.0,0.0,0.0,0.0,0.0,0.0,0.0,0.0,1000.338,193.64009,99.51415,2.595424,7.7987523,23.44464,2.4611917,-2.195951,25.432055,9.509769,18.949453,26.122421,4.8407197,7.360931,4.864646,77.930046,355.17407,164.9749,-78.45221,-176.23605,167.41168,1.6695656,2.8029933,5.4096804,2.3746557,0.4468842,-185.94266,1137.0607,7.30471,-0.99802,0.0,0.0,1.0,0.0,1.0,0.0,0.0
69.315544,3.2266529,41.72691,3.1894765,3.7697084,0.84865916,0.1494355,0.066647105,0.063523665,0.055256292,18431.441,0.005992754,5736.296,0.03198865,81786.06,0.026163064,126140.61,-71012.195,-1062409.4,223566.62,76857.93,79.60054,41.92311,102.33398,48.91192,27.877708,32.145687,18.464283,62.39305,-4.9373603,152.17485,46.342846,0.0,14.109481,1.2430892,72.10879,23.718836,1.0,0.0,10.307524,107.11837,139.01106,2.0,1.4535775,0.0,0.0,0.0,0.0,1.0,1.0,0.0,1.0,0.0,1.0,0.0,1.0,0.0,0.0,0.0,0.0,0.0,1.0,0.0,0.0,0.0,0.0,1.0,0.0,0.0,0.0,0.0,0.0,1.0,1.0,0.0,0.0,0.0,0.0,0.0,1.0,0.0,0.0,0.0,0.0,0.0,0.0,0.0,0.0,0.0,0.0,0.0,0.0,0.0,0.0,1018.62195,125.05662,57.440895,-2.078426,-1.091636,32.41797,-1.3241352,-1.1927845,26.819466,8.951601,5.1480184,8.302344,2.3318543,4.0360866,5.410093,67.71511,72.93138,-4.2701516,61.946373,4.829064,61.65816,0.86888856,1.2154659,2.379811,0.551203,1.0654082,164.9409,767.6245,4.1386375,3.6012511,0.0,1.0,0.0,0.0,0.0,1.0,0.0
73.78156,4.433341,35.726433,12.2122135,5.8363175,1.3778979,0.111020505,0.19355093,-0.014892824,-0.041353982,1250.7632,0.0037218225,548.3529,0.032473527,8703.4795,-0.06229516,153159.62,-74209.734,270641.88,97026.79,60853.957,155.405,44.7765,164.22748,123.212906,37.080135,72.189766,-8.840406,15.758889,3.8947256,161.55453,66.68524,0.0,-15.876404,2.7617495,38.026325,26.06759,1.0,0.0,11.368968,111.77869,165.57011,2.0,1.7175459,0.0,0.0,0.0,0.0,0.0,0.0,0.0,1.0,0.0,1.0,1.0,1.0,0.0,0.0,0.0,0.0,0.0,0.0,0.0,0.0,1.0,0.0,0.0,0.0,1.0,0.0,0.0,0.0,1.0,0.0,0.0,0.0,0.0,0.0,0.0,1.0,0.0,0.0,0.0,0.0,1.0,0.0,0.0,0.0,0.0,0.0,0.0,0.0,0.0,0.0,787.1504,126.05379,74.20298,5.7416267,9.125232,26.632208,8.345615,2.7775831,22.813658,12.457863,0.30363077,-2.5990074,4.0614605,4.882712,4.4865375,43.102955,205.9827,145.4529,144.65826,90.86454,26.067385,1.0708253,1.1267146,1.4716825,1.7728568,0.5085712,210.77704,558.0151,3.1325114,3.706294,0.0,0.0,0.0,0.0,0.0,1.0,0.0
68.64936,9.237605,20.38012,5.0400705,3.4313064,1.0075569,0.15800878,0.33183017,0.093097426,0.11675994,34946.03,0.00035085407,6160.648,0.02148815,59485.92,0.09479037,91541.49,267842.16,382395.3,138463.53,69759.45,66.061226,31.48393,40.07738,24.784477,16.527273,-1.1484337,58.71492,87.028725,5.076884,158.624,144.31252,0.0,61.604122,2.4691567,44.360065,55.12895,1.0,0.0,18.175901,86.45738,-104.359344,1.0,2.586982,1.0,0.0,0.0,1.0,0.0,1.0,0.0,0.0,0.0,1.0,1.0,0.0,0.0,0.0,0.0,0.0,0.0,1.0,0.0,0.0,0.0,0.0,0.0,0.0,0.0,0.0,0.0,0.0,0.0,0.0,0.0,1.0,0.0,0.0,0.0,1.0,0.0,0.0,0.0,1.0,0.0,0.0,0.0,0.0,0.0,0.0,0.0,0.0,0.0,0.0,-2067.279,96.73248,62.87168,8.491307,13.53231,53.65442,8.736571,10.598553,52.814133,28.497255,23.063253,23.558126,2.4294631,4.1984305,3.7519872,76.66374,41.22015,12.001181,-77.67978,-82.05484,44.25917,0.6493611,0.9576106,2.1892712,0.24835598,2.555974,375.1629,544.6007,3.9801512,2.7371457,1.0,0.0,1.0,0.0,0.0,1.0,0.0
86.20915,5.480774,37.853374,12.226749,4.6450596,0.7111166,0.070194,0.053697437,-0.019656492,0.027393484,16506.746,0.0038798116,1363.8423,-0.0033042054,80170.914,0.04335377,68948.72,-145735.89,-138991.64,227319.11,84768.49,161.24207,50.601215,163.53441,98.00846,27.936047,72.11435,53.051598,110.680664,0.93989635,169.01517,130.76596,0.0,58.840717,1.11866,26.521261,45.81709,1.0,0.0,9.225121,170.04468,133.10779,0.0,2.4564743,1.0,0.0,0.0,0.0,0.0,0.0,0.0,1.0,1.0,1.0,0.0,0.0,0.0,0.0,0.0,0.0,0.0,0.0,0.0,0.0,0.0,0.0,0.0,0.0,0.0,0.0,0.0,0.0,1.0,0.0,0.0,0.0,0.0,0.0,0.0,1.0,0.0,0.0,0.0,0.0,0.0,0.0,0.0,0.0,0.0,0.0,0.0,0.0,0.0,0.0,233.03094,126.69864,78.74172,4.317483,5.695262,26.344915,4.835132,5.1136236,26.051964,18.109552,11.597506,10.634203,4.7496243,6.3664365,8.039629,49.782326,253.63066,164.08398,136.57831,70.40062,43.83157,0.86227113,0.8003944,2.610463,1.5501418,2.3784776,63.29561,650.4918,4.195595,2.1420789,0.0,1.0,0.0,0.0,0.0,0.0,1.0
70.631676,2.307318,42.6913,7.445084,4.410401,0.16535386,0.048730053,0.14192277,0.022088349,-0.02219309,22830.977,0.008580322,9282.3545,-0.0007098852,125204.0,-0.025049716,121046.99,-112193.875,-991561.44,352628.25,180772.95,146.3447,77.395065,172.85966,78.133934,47.18446,56.911205,7.62986,60.497856,-3.1649613,160.74498,77.269905,0.0,1.5553594,0.93006355,34.693718,32.68732,0.0,1.0,13.203682,60.575874,-55.018776,1.0,1.7934321,1.0,0.0,0.0,0.0,0.0,0.0,0.0,0.0,0.0,0.0,0.0,0.0,1.0,0.0,0.0,0.0,0.0,0.0,0.0,0.0,0.0,0.0,0.0,0.0,0.0,0.0,0.0,0.0,0.0,0.0,0.0,0.0,0.0,0.0,0.0,0.0,0.0,0.0,0.0,0.0,1.0,0.0,0.0,0.0,0.0,0.0,0.0,0.0,0.0,0.0,-1746.9636,116.77301,67.10437,-3.1855204,0.13738452,51.18846,-0.12685369,-1.6510897,45.008263,18.416061,5.3274918,6.3934364,4.02019,5.7511845,6.774246,64.70065,253.92769,158.23616,181.92166,95.0979,67.46939,0.86678874,1.067474,3.5659783,0.3327791,2.2017422,421.88858,1003.5312,4.1934986,1.750097,0.0,1.0,0.0,0.0,0.0,1.0,0.0
69.2969,1.7135624,33.74873,7.34201,4.549147,1.7070496,0.100569904,0.15430698,0.08245276,0.11944463,22714.893,0.014035991,2603.1104,0.035281178,48374.613,0.009163794,70474.92,147195.98,229960.69,195621.5,60885.984,95.81943,54.539547,109.8854,37.832993,29.872875,24.378252,13.901472,48.22877,5.0344687,165.08833,83.157104,0.0,8.619616,1.2897303,39.430187,30.56956,1.0,0.0,12.76451,113.335075,231.06226,2.0,1.9305454,0.0,0.0,0.0,0.0,1.0,1.0,0.0,1.0,0.0,1.0,1.0,0.0,0.0,0.0,0.0,0.0,0.0,1.0,0.0,0.0,0.0,0.0,0.0,0.0,0.0,0.0,0.0,0.0,1.0,0.0,0.0,0.0,0.0,0.0,0.0,1.0,0.0,0.0,0.0,0.0,0.0,0.0,0.0,0.0,0.0,0.0,0.0,0.0,0.0,0.0,228.33089,154.07477,98.22135,6.696115,8.472917,39.376606,8.470494,6.1527944,35.64454,17.839592,8.704538,8.614262,3.2196155,4.5468707,3.632961,49.09816,144.40877,92.44427,58.847176,12.821506,60.82312,0.80897504,0.78610444,1.0773963,0.522148,0.1489276,394.27557,353.59393,3.6175575,1.6478817,0.0,0.0,1.0,0.0,0.0,1.0,0.0
71.52291,-6.1062164,28.753504,21.409418,3.2404325,0.41797143,0.15946731,0.192978,0.22426945,0.26971167,-155.38983,-0.014421543,31.192968,-0.02349985,105992.16,0.07870261,62512.418,-921477.94,-4174827.5,241667.77,52007.258,101.056984,33.96082,86.88828,24.347792,3.8653438,70.30733,125.699974,193.6504,-3.9801056,135.09105,92.38464,0.0,143.40723,-2.3770065,24.5633,45.616226,1.0,0.0,8.689109,93.44212,103.43807,2.0,1.8241987,1.0,0.0,0.0,0.0,0.0,0.0,0.0,0.0,0.0,1.0,1.0,1.0,0.0,0.0,1.0,0.0,0.0,0.0,0.0,1.0,0.0,0.0,1.0,0.0,0.0,0.0,0.0,0.0,1.0,0.0,0.0,0.0,0.0,0.0,0.0,1.0,0.0,1.0,0.0,0.0,0.0,0.0,0.0,0.0,0.0,0.0,0.0,0.0,0.0,0.0,2374.5723,136.0372,65.31756,-1.9759238,-0.14933886,63.18313,0.04722667,-0.9127121,63.609634,27.767607,17.973698,24.129238,3.962326,6.217552,7.1572614,74.23377,136.65654,52.50975,12.327944,-3.5537665,50.472588,0.53250265,0.83200604,4.049698,1.7848673,3.2177744,298.11746,1137.7107,5.422555,4.5372243,0.0,0.0,1.0,0.0,0.0,0.0,1.0
80.33717,8.845795,24.485355,0.49880823,3.5036347,1.2054856,0.1078544,0.14794227,0.03877884,0.050481793,29497.807,0.009815514,4567.0386,0.031118028,59148.0,0.022813234,37417.285,102523.11,-246406.66,139377.14,20044.682,63.331165,32.677837,95.61273,17.125717,13.662287,43.902195,-6.20403,16.516624,10.536865,168.13896,81.03652,0.0,-13.227636,0.8179681,54.323647,30.010828,1.0,0.0,12.027519,136.50188,77.69911,2.0,1.901097,1.0,0.0,0.0,0.0,0.0,0.0,0.0,1.0,0.0,1.0,0.0,0.0,0.0,0.0,0.0,0.0,0.0,0.0,0.0,0.0,0.0,1.0,0.0,0.0,0.0,0.0,0.0,0.0,1.0,0.0,0.0,0.0,0.0,0.0,0.0,0.0,0.0,0.0,0.0,1.0,0.0,0.0,0.0,0.0,0.0,0.0,0.0,0.0,0.0,0.0,123.802025,89.63382,60.89281,13.089477,15.260204,27.980083,12.922022,10.807211,26.867607,15.887846,15.259088,15.313177,2.6202512,4.079292,3.346597,59.0036,53.971645,10.690201,46.008972,3.4525664,63.7024,0.6654603,0.8110202,1.936876,1.2533015,0.9955692,154.70206,118.93124,3.1492825,1.2247515,1.0,1.0,0.0,0.0,0.0,0.0,1.0
9.796498,-3.1820617,5.509838,7.976035,-1.7328097,2.9502552,0.11587469,0.28575656,0.030315146,0.00092634594,-44296.613,-0.046913937,4363.3,-0.006959525,84437.37,-0.062268857,98128.89,105977.17,-2523953.5,168426.3,-14698.407,335.29224,122.02211,222.89705,368.34943,134.34087,197.94652,177.48648,305.46643,14.202385,158.55798,29.057402,0.0,209.83485,-0.55529463,114.934326,15.1094885,0.0,1.0,10.6584635,53.756203,-182.49713,1.0,1.2467126,1.0,0.0,0.0,0.0,1.0,1.0,0.0,1.0,0.0,1.0,0.0,0.0,0.0,0.0,1.0,0.0,1.0,1.0,0.0,0.0,0.0,0.0,1.0,0.0,0.0,0.0,1.0,1.0,1.0,1.0,0.0,1.0,0.0,0.0,0.0,1.0,0.0,1.0,0.0,0.0,1.0,0.0,0.0,0.0,0.0,0.0,0.0,0.0,0.0,0.0,2427.3486,208.14093,117.98122,8.979088,20.499567,51.62754,9.90137,5.5810556,53.20472,26.189045,32.2043,43.191143,7.1321015,8.804915,1.2785707,54.81117,565.27234,376.12543,72.40722,-34.74056,166.86945,2.2749295,3.6535103,7.692949,4.284731,1.46277,160.09816,2388.7258,9.519365,2.334723,0.0,0.0,1.0,0.0,1.0,0.0,0.0
67.500046,6.3418913,23.077202,4.16416,2.6844108,1.3277489,0.15897657,0.2514745,0.096181184,0.13834308,14001.3,0.0074617495,671.48505,0.018639632,-2447.2175,0.06856008,30134.27,328.76236,633556.7,108129.766,78614.64,113.36231,37.658737,155.409,82.80914,29.155622,79.890305,20.553137,66.84371,6.35249,168.17265,104.28839,0.0,21.089783,-1.721611,60.44423,36.89367,1.0,0.0,15.094893,159.46024,111.63302,1.0,2.2031155,1.0,0.0,0.0,0.0,1.0,1.0,0.0,1.0,0.0,1.0,0.0,1.0,0.0,0.0,0.0,0.0,0.0,0.0,0.0,0.0,1.0,0.0,1.0,0.0,0.0,0.0,0.0,1.0,0.0,1.0,0.0,0.0,0.0,0.0,0.0,1.0,0.0,0.0,0.0,1.0,0.0,0.0,0.0,0.0,0.0,0.0,0.0,0.0,0.0,0.0,130.21588,127.331795,75.03971,10.559515,11.697307,48.634678,11.139658,9.051355,47.488625,25.379389,19.670288,20.175621,2.7275755,4.3293886,3.2731347,54.465466,138.82948,75.595634,117.69991,66.67829,24.941225,0.96280944,1.027733,2.056584,1.0530953,1.5682964,340.97653,410.8001,4.1890693,2.9959645,0.0,0.0,1.0,0.0,0.0,0.0,1.0
57.640537,3.7354205,42.09543,10.81885,5.275685,0.007290062,0.096309684,-0.2138537,-0.06088527,-0.02280327,15697.705,0.012394732,5341.274,0.010419018,77829.44,0.0019355715,223538.39,132989.7,-1091664.8,186166.53,55385.766,213.75565,111.10044,170.43939,134.15579,70.90962,79.034355,43.373543,103.073845,-0.72957826,154.19261,72.6191,0.0,41.349773,5.0445657,65.163155,31.716106,1.0,0.0,4.5209403,124.97784,294.8847,2.0,1.7386823,1.0,0.0,0.0,0.0,1.0,1.0,0.0,0.0,0.0,1.0,1.0,0.0,0.0,0.0,0.0,0.0,0.0,1.0,0.0,0.0,0.0,0.0,1.0,0.0,0.0,0.0,0.0,0.0,1.0,0.0,0.0,1.0,0.0,1.0,0.0,1.0,0.0,0.0,0.0,0.0,0.0,0.0,0.0,0.0,0.0,0.0,0.0,0.0,0.0,0.0,363.29642,115.50544,44.688232,-0.6245541,1.3215064,14.508484,-0.27243456,-1.3699074,6.676194,-0.11879127,1.4677517,1.8797282,6.3686113,6.9025116,8.316174,25.439297,400.7442,295.2974,124.21488,42.921207,52.221783,1.0684017,1.2229983,2.7721593,1.2185489,1.284778,-11.617893,1065.9668,5.0464644,4.957927,0.0,0.0,1.0,0.0,0.0,1.0,0.0
66.57131,-7.8945923,9.590488,4.374381,-1.8412853,1.0854963,0.17150424,0.39640906,0.20273255,0.17016256,-4256.3247,-0.012676863,790.77014,0.0005856653,66258.09,0.09573358,21260.35,-300457.28,-4723159.5,114568.25,39396.957,152.04718,69.01771,138.70032,76.50972,34.66117,159.80992,117.248634,178.923,2.7317142,125.75961,-8.599887,0.0,131.1564,-7.6037774,62.324482,15.473508,1.0,1.0,9.996451,60.95407,-145.25525,1.0,0.61741227,1.0,0.0,0.0,0.0,0.0,0.0,0.0,1.0,0.0,1.0,0.0,0.0,0.0,0.0,0.0,1.0,0.0,0.0,1.0,1.0,0.0,0.0,1.0,0.0,0.0,0.0,0.0,0.0,1.0,0.0,0.0,0.0,0.0,0.0,0.0,1.0,0.0,1.0,0.0,0.0,0.0,1.0,0.0,0.0,0.0,0.0,0.0,0.0,0.0,0.0,2886.2803,131.71663,67.349976,3.0684226,5.889419,92.97504,7.5860558,4.531373,93.69068,41.315117,32.234722,43.092003,5.54943,7.046084,1.7028805,45.476765,270.74554,191.11302,26.487074,12.32716,62.834633,0.7267419,1.1553143,5.678982,1.5867802,2.5985706,679.71423,1832.4286,6.0936575,2.2970064,0.0,0.0,1.0,0.0,0.0,0.0,1.0
86.53818,1.2409424,35.489635,11.776172,3.9648414,1.6825941,0.13643643,0.17458092,0.0058693234,0.054394767,-7204.975,0.0074176295,1256.6208,0.017321976,-21261.975,-0.01744999,121330.83,72083.62,177370.05,254602.14,82408.21,98.754845,35.22312,130.07329,59.165394,22.307608,50.139435,9.100969,49.596493,6.535623,160.79135,74.63969,0.0,5.893995,1.4449965,57.813232,30.03489,1.0,1.0,13.274361,121.12711,27.090042,0.0,1.8114135,1.0,0.0,1.0,0.0,1.0,1.0,0.0,1.0,0.0,0.0,1.0,1.0,0.0,0.0,0.0,0.0,0.0,0.0,0.0,0.0,0.0,0.0,0.0,0.0,0.0,0.0,0.0,0.0,0.0,1.0,0.0,1.0,0.0,0.0,0.0,0.0,0.0,0.0,0.0,0.0,1.0,0.0,0.0,0.0,0.0,0.0,0.0,0.0,0.0,0.0,309.57352,157.37605,94.12149,9.081417,10.846932,32.922745,9.795504,6.8520265,30.225342,17.693678,11.893763,12.519153,3.051907,4.54914,4.7213073,43.51576,95.44647,34.48718,109.409904,46.464813,34.180058,0.85001105,1.0273899,2.898459,2.1381006,1.1012361,126.34886,315.51843,3.7725816,1.5578089,0.0,0.0,1.0,0.0,0.0,1.0,0.0
66.90079,3.049869,56.205452,12.256343,5.783916,1.0724561,0.1451524,0.059476905,0.01152773,0.08432739,-22755.004,-0.005675057,2093.0435,-0.0014550699,4615.064,-0.016274808,67587.32,-14851.999,-1672299.2,236089.47,31469.648,122.93927,48.504025,102.20795,67.52593,26.495045,43.151936,43.80525,98.68566,-2.800415,160.28159,86.10256,0.0,44.90573,3.4166715,64.04827,34.67453,1.0,0.0,9.675198,156.12498,26.081455,0.0,1.9432993,1.0,0.0,0.0,0.0,0.0,1.0,0.0,0.0,0.0,1.0,0.0,1.0,0.0,0.0,0.0,0.0,0.0,0.0,0.0,0.0,0.0,0.0,0.0,0.0,0.0,0.0,0.0,0.0,1.0,0.0,0.0,1.0,0.0,0.0,1.0,1.0,0.0,1.0,0.0,1.0,1.0,0.0,0.0,0.0,0.0,0.0,0.0,0.0,0.0,0.0,496.27737,137.2833,72.75144,-0.9110207,0.45759717,16.276743,-2.6935804,-3.5102963,14.153462,6.1605377,2.9588652,2.4411497,4.018615,5.613698,5.7734265,50.580128,167.91283,100.97506,22.954462,-24.457245,79.32048,0.7879776,0.93271565,2.0895133,2.2653637,1.6773175,74.79062,565.90894,4.3605423,-0.19450463,1.0,1.0,0.0,0.0,0.0,1.0,0.0
77.81094,-1.8762964,19.736729,10.433617,0.41714606,0.7254359,0.1738993,0.03666824,0.06173052,0.110613406,26011.512,0.01867915,7353.1733,0.026093455,77895.41,0.06571705,213938.83,-196533.03,-1142973.5,352767.28,133764.94,103.40843,51.02274,88.37575,15.592033,14.758046,12.744559,-12.97176,18.70206,1.4404582,144.13492,45.931927,0.0,-25.458706,-1.6487552,57.152122,27.48857,1.0,1.0,12.93934,63.071777,65.58073,1.0,1.3451436,1.0,0.0,0.0,0.0,0.0,0.0,0.0,0.0,0.0,1.0,0.0,0.0,0.0,0.0,0.0,0.0,0.0,0.0,0.0,0.0,0.0,0.0,1.0,0.0,0.0,0.0,0.0,0.0,1.0,0.0,0.0,1.0,0.0,0.0,0.0,0.0,0.0,0.0,0.0,0.0,0.0,0.0,0.0,0.0,0.0,0.0,0.0,0.0,0.0,0.0,-1605.3424,109.895676,46.09662,1.8594311,2.224233,45.09746,3.7270942,3.7661884,40.13207,20.178925,20.887184,27.453472,3.8081686,5.478503,5.1360564,65.04451,165.24666,89.2528,63.577995,-3.9117982,58.576992,0.5596172,0.68540186,4.2655377,-0.12979239,1.9260069,227.95816,1106.446,4.3184676,5.1309466,0.0,0.0,0.0,0.0,0.0,0.0,0.0
59.388393,8.340875,53.186317,7.1691833,5.986948,0.41108006,0.15367992,0.103143275,0.059151035,0.058282595,-3743.3127,-0.0015104949,2589.8892,0.027442763,-13539.037,0.012459596,32114.043,-87980.805,-1354191.0,228353.45,52422.793,103.370804,44.640453,110.943726,47.283604,23.675291,60.540745,0.7182341,43.05197,3.9965582,171.16891,93.32751,0.0,-4.6194153,2.1485856,68.733406,33.072845,0.0,1.0,13.526123,140.84406,7.4860387,2.0,2.0909104,0.0,0.0,1.0,0.0,0.0,0.0,0.0,1.0,0.0,1.0,0.0,1.0,0.0,0.0,0.0,0.0,0.0,1.0,0.0,0.0,0.0,0.0,0.0,0.0,0.0,0.0,1.0,0.0,1.0,1.0,0.0,1.0,0.0,0.0,1.0,1.0,0.0,1.0,0.0,1.0,1.0,1.0,0.0,0.0,0.0,0.0,0.0,0.0,1.0,0.0,-163.38232,94.255066,43.481636,4.5863953,6.827815,22.866636,3.152332,2.6702235,19.876095,7.0637197,7.236337,5.498615,3.2206142,4.9619513,5.3226223,62.234463,132.05069,62.163815,39.097046,-15.143098,63.327194,0.69642466,0.9960333,1.1690904,1.9869013,0.57061344,161.01248,125.73059,4.1583276,6.0153136,0.0,1.0,0.0,0.0,0.0,1.0,0.0
65.764854,0.43587774,4.258805,5.6597958,0.8352905,1.0871792,0.1486946,0.27565625,0.14005671,0.1057398,9466.8955,0.00034461438,1359.5958,0.017218163,36411.625,0.0101200845,128704.086,-44478.758,-234480.38,215337.88,107072.766,129.10649,54.648968,178.96738,78.707954,35.53407,120.9018,9.732606,65.64206,8.947465,151.67828,62.317787,0.0,2.761943,-2.2233794,49.674812,28.09472,1.0,0.0,10.379898,73.07812,301.23282,2.0,1.6051179,1.0,0.0,0.0,0.0,1.0,1.0,0.0,1.0,0.0,1.0,1.0,1.0,0.0,1.0,0.0,0.0,0.0,0.0,0.0,0.0,1.0,0.0,1.0,0.0,0.0,0.0,0.0,0.0,1.0,0.0,0.0,0.0,0.0,0.0,0.0,1.0,0.0,0.0,0.0,0.0,0.0,0.0,0.0,0.0,0.0,0.0,0.0,0.0,0.0,0.0,1875.7249,143.12001,73.94269,11.288019,16.26503,65.61804,16.57602,8.647616,64.33857,30.515272,20.092049,27.53549,3.5620875,5.1494775,4.5945683,57.513004,197.78447,102.38148,157.21861,89.671776,51.69891,0.8996075,1.2184739,3.5426989,1.8651218,1.2418674,365.94794,922.4886,4.710324,1.84879,1.0,0.0,1.0,0.0,0.0,1.0,0.0
65.776146,6.7578754,40.344482,6.5359354,4.709549,1.5333949,0.16336206,0.18147649,0.0058165607,0.026084574,-1179.2617,0.008724392,682.2084,0.027273802,-19185.473,0.0017636742,130330.03,88447.375,-21088.035,133089.62,72372.53,107.31451,27.23527,123.260056,88.443634,24.305704,50.740974,15.849628,63.28567,5.2442575,165.16283,94.897934,0.0,14.142678,0.21498226,77.1725,36.622715,0.0,0.0,13.272073,161.7044,154.27762,3.0,2.0695722,1.0,0.0,1.0,0.0,1.0,1.0,1.0,1.0,1.0,1.0,0.0,1.0,0.0,0.0,0.0,0.0,0.0,0.0,0.0,0.0,0.0,0.0,1.0,0.0,0.0,0.0,0.0,0.0,0.0,1.0,1.0,0.0,0.0,0.0,1.0,0.0,0.0,0.0,0.0,1.0,1.0,0.0,0.0,0.0,0.0,0.0,0.0,0.0,0.0,0.0,52.19656,134.31133,72.66246,8.033274,10.289241,35.98157,8.644721,4.96259,32.555115,14.75384,10.526801,11.865737,2.801932,4.3948364,3.8829508,52.06454,92.37312,14.563029,77.46153,10.613059,44.968056,1.04852,1.1187028,2.1790228,1.6341822,1.004392,172.01164,518.5498,4.2322083,3.130166,0.0,1.0,0.0,0.0,0.0,0.0,1.0
44.22596,2.2183132,46.365154,18.66487,1.4516231,0.6149047,0.121337324,-0.050441664,-0.02920258,-0.11317859,148923.67,-0.026654748,19695.396,-0.05967555,337418.53,-0.035016946,203370.47,368321.88,2012807.6,393641.16,230229.81,304.45956,94.2963,56.25848,298.25552,99.1245,-81.7447,143.8984,248.84004,1.9509695,164.94159,228.53082,1.0,167.3049,-1.0165151,75.517586,83.2806,1.0,1.0,12.870497,25.12669,22.879915,0.0,3.5393455,1.0,0.0,0.0,0.0,0.0,0.0,0.0,0.0,0.0,0.0,1.0,0.0,1.0,0.0,1.0,0.0,0.0,0.0,0.0,0.0,0.0,0.0,0.0,0.0,0.0,0.0,0.0,0.0,0.0,0.0,0.0,0.0,0.0,0.0,0.0,0.0,0.0,1.0,0.0,0.0,0.0,0.0,0.0,0.0,0.0,0.0,0.0,0.0,0.0,0.0,-2430.9922,230.29668,113.44627,9.467939,8.16801,54.44766,10.423325,9.880332,54.670094,27.816942,44.762627,56.524666,8.040244,9.595941,9.602441,44.83902,512.1591,367.5456,-92.90551,-160.88216,74.44938,1.5007392,1.8841951,2.3101707,-4.2876277,4.7097416,-121.47894,2019.6655,8.080486,1.8405725,0.0,1.0,0.0,0.0,0.0,1.0,0.0
76.82411,2.497903,42.90473,4.604411,4.4503665,0.3893883,0.07525876,0.101066135,0.007505852,0.010754601,-8946.812,-0.0011475236,3438.0913,0.009150726,17921.377,0.003961288,63019.49,-243544.05,-1827501.2,163637.06,58591.582,126.60497,61.357506,172.14426,99.643654,47.41672,122.85256,-2.9712417,39.44496,-0.45924968,157.33032,36.923576,0.0,-9.579433,1.7371675,45.082016,18.872501,1.0,0.0,10.217074,152.59631,90.39437,2.0,1.3538935,1.0,0.0,0.0,1.0,0.0,1.0,0.0,1.0,1.0,0.0,0.0,0.0,1.0,0.0,0.0,0.0,0.0,0.0,0.0,0.0,0.0,0.0,1.0,1.0,0.0,0.0,0.0,0.0,0.0,0.0,0.0,0.0,0.0,0.0,0.0,0.0,0.0,0.0,0.0,1.0,0.0,0.0,0.0,0.0,0.0,0.0,0.0,0.0,0.0,0.0,843.3987,103.67666,60.413155,-0.22875568,3.5477169,34.39998,0.9720226,-1.7653399,33.130836,13.369274,3.1815367,4.102965,3.4016256,4.885195,5.360453,53.739334,180.90903,103.88939,132.18771,66.64426,51.288242,1.1082106,1.2367057,2.7594054,2.5707161,1.6003603,318.553,742.4796,3.4721746,1.5057223,0.0,0.0,1.0,0.0,0.0,0.0,1.0
77.05809,-0.38544083,34.339714,7.68364,3.2894742,1.5060298,0.10531556,0.1521683,0.006958888,0.051479112,32617.037,0.00801435,1330.1608,0.0018449925,25130.74,0.006548673,78063.05,78333.1,-1199031.1,142035.66,56225.46,105.24658,46.408234,101.49085,61.947697,29.188145,26.602612,19.105371,56.114754,-5.6749196,138.76036,51.924942,0.0,12.898865,-1.1817151,37.664997,30.25955,1.0,0.0,13.433446,125.16007,8.523162,1.0,1.4050906,1.0,0.0,0.0,0.0,1.0,1.0,0.0,0.0,0.0,1.0,1.0,0.0,0.0,0.0,0.0,1.0,0.0,1.0,1.0,1.0,0.0,0.0,0.0,0.0,0.0,0.0,1.0,0.0,0.0,0.0,0.0,1.0,0.0,1.0,0.0,1.0,0.0,1.0,0.0,1.0,1.0,0.0,0.0,0.0,0.0,0.0,0.0,0.0,0.0,0.0,589.3752,146.21504,88.45194,-0.5324168,-1.8503107,36.36936,-0.938907,-0.4450302,33.81638,16.215126,11.673896,12.335397,2.9673517,4.3490868,2.736002,51.82361,132.19962,81.30287,31.96544,3.2852514,55.06915,0.86382395,1.1054461,3.1819687,0.6968044,1.9991044,394.2658,830.354,3.6840894,2.0940168,0.0,0.0,1.0,0.0,0.0,0.0,1.0
92.77062,-3.6248832,24.098286,13.103405,0.71315515,2.8094456,0.1817639,-0.024219781,-0.016055677,0.26532024,35171.7,0.05193453,12317.554,-0.0138211,172148.62,0.4786839,78648.14,746305.0,4210380.0,444989.28,203740.94,178.2439,38.978386,75.45191,222.25652,61.946293,-69.71407,29.885675,98.70758,7.310132,145.73016,99.30621,0.0,23.624945,7.007624,41.469215,45.007,1.0,0.0,10.872064,106.89229,-62.018284,2.0,1.963596,1.0,0.0,0.0,0.0,0.0,0.0,0.0,0.0,0.0,0.0,0.0,0.0,0.0,0.0,0.0,0.0,0.0,1.0,0.0,0.0,0.0,1.0,0.0,0.0,0.0,0.0,0.0,0.0,0.0,0.0,0.0,0.0,0.0,0.0,0.0,0.0,0.0,0.0,0.0,1.0,1.0,0.0,0.0,0.0,0.0,0.0,0.0,0.0,0.0,0.0,546.0875,249.0291,153.4848,6.971126,9.841129,36.62417,3.977495,3.3598595,39.49092,22.516085,33.737503,37.64313,2.4277332,4.8769007,5.6664624,83.91002,219.14894,121.07664,-21.29489,-101.764984,85.6409,2.1977065,2.3637266,2.5908086,1.0454667,3.664298,-42.26879,1579.7765,5.89296,1.4095429,0.0,1.0,0.0,0.0,0.0,0.0,1.0
74.286446,-2.956276,37.04707,20.446606,1.6108178,0.25155103,0.15297943,-0.13099872,0.050806414,0.06500927,84793.76,-0.010385068,16660.041,0.025690954,336799.38,-0.033578034,74746.08,-110109.73,-2760378.2,411173.72,50955.348,84.411064,49.967182,58.85956,28.594007,26.288336,17.394686,49.000683,99.1773,7.5075517,145.765,103.03593,0.0,49.200226,-2.5071208,67.79961,46.865513,0.0,0.0,13.098884,150.09341,-80.397934,0.0,2.0394764,0.0,0.0,1.0,0.0,0.0,0.0,0.0,0.0,0.0,0.0,0.0,0.0,0.0,0.0,0.0,0.0,0.0,0.0,0.0,0.0,0.0,0.0,0.0,0.0,0.0,0.0,0.0,0.0,0.0,1.0,0.0,1.0,0.0,0.0,1.0,0.0,0.0,1.0,0.0,0.0,0.0,0.0,0.0,0.0,0.0,0.0,0.0,0.0,1.0,0.0,-60.27851,148.3518,66.24374,10.902504,9.78667,32.224895,9.609301,7.7857018,29.959333,19.205866,26.324379,29.635088,2.6925387,4.8997393,5.888867,68.638855,111.79016,32.611015,-29.43647,-82.444695,93.83999,0.6138287,1.2445452,1.5661837,0.19314861,1.2994921,27.154404,261.186,4.9284043,2.4568863,0.0,1.0,0.0,0.0,0.0,1.0,0.0
54.043293,-3.5677042,25.353142,6.859694,1.0545831,2.1314151,0.31916606,0.39364117,0.27740392,0.3174636,77232.984,-0.002226475,14462.398,-0.012956122,242176.39,0.14917985,92354.3,102641.625,502403.6,338153.47,150802.56,45.884277,30.794945,-46.19926,-2.1924572,16.273195,-103.69056,68.639206,114.5859,9.338767,136.45862,90.497406,0.0,69.77172,-1.323476,66.66931,46.986813,0.0,1.0,13.249475,62.862377,-168.41046,1.0,1.8222771,1.0,0.0,0.0,0.0,0.0,0.0,0.0,0.0,0.0,0.0,0.0,0.0,1.0,0.0,0.0,0.0,0.0,0.0,0.0,1.0,0.0,0.0,0.0,0.0,0.0,0.0,0.0,0.0,0.0,0.0,0.0,0.0,0.0,0.0,0.0,0.0,0.0,1.0,0.0,0.0,1.0,0.0,0.0,0.0,0.0,0.0,0.0,0.0,1.0,0.0,-1929.4772,199.51028,101.299866,11.21034,12.278237,78.236244,10.360651,11.818759,76.42975,33.25665,33.803112,39.55828,3.2975783,4.9141316,3.9753003,59.98847,21.305712,-6.29581,-211.91339,-205.31395,102.66355,0.70461535,0.94436777,2.1911128,-0.64926314,3.15875,586.42737,1621.5737,5.313979,4.0076156,0.0,1.0,0.0,0.0,0.0,1.0,1.0
69.96111,1.5107251,59.65151,12.467494,4.581753,1.7735174,0.14162673,0.06953745,0.009725964,0.052244917,-2447.2744,-0.0073454757,1286.258,0.0044758474,11886.168,0.006092384,74643.56,76464.54,-490077.25,261051.23,62109.496,149.19638,46.576233,88.404854,96.176056,29.043943,8.827036,64.46144,125.11336,1.5124316,160.15398,104.778625,0.0,68.996765,0.6267491,90.12367,41.301968,0.0,0.0,12.504061,167.0341,3.2125697,0.0,2.1557794,1.0,0.0,1.0,0.0,0.0,1.0,0.0,1.0,0.0,1.0,1.0,1.0,0.0,0.0,1.0,0.0,0.0,0.0,0.0,0.0,0.0,0.0,0.0,0.0,1.0,0.0,0.0,0.0,1.0,1.0,1.0,1.0,0.0,0.0,1.0,0.0,0.0,0.0,0.0,0.0,1.0,0.0,0.0,0.0,0.0,0.0,0.0,0.0,0.0,0.0,-418.80548,158.06293,90.15839,3.4656494,4.445795,20.25097,2.9560263,2.4380317,19.416615,8.863303,13.1648445,18.177124,4.937511,6.5708528,4.453271,37.605785,206.86203,136.45784,-0.7188852,-43.902905,58.151302,0.79155546,0.90732837,2.6454058,0.9737836,1.5216463,36.782673,229.84036,5.393059,2.004558,0.0,1.0,0.0,0.0,0.0,1.0,0.0
76.34526,-7.289577,53.569656,24.545202,3.131054,1.1952398,0.1431359,-0.012395571,0.022353783,0.11372186,73604.52,-0.013558966,15225.619,-0.009264596,297136.22,0.034985177,67011.97,-240349.53,-3915141.5,263270.03,-18191.408,97.4058,63.38459,80.39419,81.96248,53.999413,38.195847,77.79777,126.19181,-7.6924133,145.83833,62.1889,0.0,86.34969,-2.933137,41.246983,32.73836,1.0,0.0,15.246382,144.66756,-40.764904,1.0,1.5616392,0.0,0.0,1.0,0.0,0.0,0.0,1.0,0.0,0.0,0.0,0.0,1.0,0.0,0.0,0.0,0.0,0.0,1.0,0.0,0.0,0.0,0.0,0.0,0.0,0.0,0.0,1.0,0.0,0.0,0.0,0.0,1.0,0.0,0.0,0.0,0.0,0.0,1.0,0.0,0.0,0.0,0.0,0.0,0.0,0.0,0.0,0.0,0.0,0.0,0.0,1185.1348,156.7642,83.907524,-0.99351484,-3.0469232,26.323112,-4.2171226,-3.793449,25.946001,15.50701,18.651527,22.138052,2.6186001,4.5504117,3.723775,64.83446,129.2973,57.798515,-10.145108,-44.354774,85.697754,1.1234325,1.8295532,3.1706514,0.71499896,2.9080153,196.59561,662.4997,5.6345463,4.666767,0.0,0.0,0.0,0.0,0.0,0.0,1.0
69.95184,2.0033743,38.566376,4.905577,3.59959,1.1135914,0.15560761,0.1895559,0.08314934,0.18063463,14914.317,0.007586442,4514.0005,0.020115264,101674.94,0.049456324,41124.69,-430948.2,-55415.742,226632.56,112710.64,90.93027,40.78862,122.07086,86.66557,40.260998,34.255623,-2.7946084,45.875248,2.243862,167.27637,88.88527,0.0,-9.482518,1.1507908,54.19895,33.630436,1.0,0.0,10.915697,123.56388,99.03177,2.0,1.9767574,1.0,0.0,0.0,0.0,0.0,0.0,0.0,1.0,0.0,0.0,0.0,0.0,0.0,0.0,1.0,0.0,0.0,0.0,0.0,0.0,0.0,0.0,0.0,0.0,0.0,0.0,0.0,0.0,1.0,0.0,0.0,0.0,0.0,0.0,0.0,0.0,0.0,0.0,0.0,1.0,0.0,0.0,0.0,0.0,0.0,0.0,0.0,0.0,0.0,0.0,726.3738,157.93266,89.54472,3.6936402,5.983605,46.317417,4.713678,2.6558492,48.9682,21.617662,11.743623,13.474428,2.3142042,4.429892,6.2760944,81.68711,94.832565,12.529728,85.20814,17.808962,65.75414,1.2227397,1.2929434,2.646799,1.3216114,0.7297348,308.308,1098.6041,3.7988222,-3.173778,1.0,0.0,0.0,0.0,0.0,1.0,1.0
77.44697,4.2454777,12.812724,3.3048599,1.3864264,1.1716168,0.17910321,0.10289131,0.03745813,0.061311197,35956.93,0.01173537,4056.2185,0.025151128,58794.336,0.07291653,36299.39,27952.424,-306077.22,173835.06,37747.125,68.95094,27.661835,63.89784,21.655054,12.750576,9.640059,11.092752,35.603004,8.72918,147.26358,45.20417,0.0,1.6900252,-1.5385798,58.91464,24.442902,1.0,0.0,10.7064085,138.30511,26.75317,2.0,1.3690301,1.0,0.0,0.0,0.0,0.0,0.0,0.0,1.0,0.0,1.0,1.0,0.0,0.0,0.0,0.0,0.0,0.0,0.0,0.0,0.0,0.0,0.0,0.0,0.0,0.0,0.0,0.0,0.0,1.0,0.0,0.0,0.0,0.0,0.0,0.0,0.0,0.0,0.0,0.0,0.0,0.0,0.0,0.0,0.0,0.0,0.0,0.0,0.0,0.0,0.0,52.704422,103.40761,58.31827,12.353812,13.349361,25.57156,10.970195,11.10436,24.260344,15.291501,17.506474,18.78898,3.1505759,4.3362494,3.2913318,47.55792,51.11151,9.8224325,-24.072836,-50.431835,61.770462,0.6965973,0.82608473,2.6111317,0.9495652,1.6249529,124.03069,438.1772,3.2447927,2.604206,0.0,0.0,0.0,0.0,0.0,0.0,1.0
75.10004,2.9882545,37.90669,15.900645,4.002488,0.6682346,0.14930603,0.004073964,-0.0028755686,0.06808994,33486.973,0.008632662,4538.005,0.042498734,42509.676,0.013714998,13569.162,-136343.05,-1987226.6,147837.19,27590.398,109.42139,63.076756,131.4951,62.220566,39.79385,69.285645,-11.072841,23.65085,1.9228305,157.71437,105.27327,0.0,-20.081564,-2.6642115,60.72861,41.71826,1.0,0.0,12.115908,215.6167,200.28989,2.0,2.1271691,1.0,0.0,0.0,1.0,1.0,1.0,0.0,1.0,0.0,1.0,0.0,1.0,0.0,1.0,1.0,0.0,1.0,0.0,0.0,0.0,0.0,0.0,1.0,0.0,0.0,0.0,0.0,0.0,1.0,1.0,1.0,1.0,0.0,1.0,0.0,1.0,0.0,1.0,0.0,1.0,0.0,0.0,0.0,0.0,0.0,0.0,0.0,0.0,0.0,0.0,144.16011,110.16232,51.237225,5.1396055,4.313624,26.363409,5.434712,6.5056577,26.391188,16.074978,11.568334,11.059008,3.4950418,4.858907,5.4299035,48.598904,168.54099,99.88674,86.89138,40.630665,29.051554,0.8557349,1.0119779,2.236604,1.2828516,0.1935342,188.68874,374.4022,3.4043984,1.6125408,1.0,0.0,1.0,0.0,0.0,0.0,1.0
15.704739,-1.5795825,26.309452,11.598953,-1.1598102,1.4732445,0.039523825,0.1641413,0.06871241,-0.058875993,19852.152,-0.04108507,9104.493,-0.018728396,116938.58,-0.08077005,141015.19,554055.5,-536886.8,359249.75,89500.89,377.63046,141.12961,255.10652,319.9305,116.03485,196.7468,177.1311,311.87445,16.255737,173.20859,153.98447,0.0,207.47217,-1.3153579,77.77735,54.16158,0.0,1.0,16.130629,-100.45545,-167.81583,1.0,2.7417672,1.0,0.0,0.0,0.0,0.0,1.0,0.0,0.0,0.0,1.0,0.0,0.0,0.0,0.0,0.0,0.0,0.0,1.0,0.0,1.0,1.0,0.0,0.0,0.0,0.0,0.0,1.0,0.0,1.0,1.0,0.0,0.0,0.0,0.0,0.0,1.0,0.0,1.0,0.0,0.0,1.0,0.0,0.0,0.0,0.0,0.0,0.0,0.0,0.0,0.0,-21.337185,213.48422,121.7045,14.763628,21.866522,82.56442,19.718506,11.656347,81.53865,41.722897,46.11555,61.37175,8.358624,10.54669,4.858115,57.92437,723.13025,523.67487,125.66583,16.384617,144.36403,1.6079732,2.35416,4.190398,-0.5004331,2.7086241,239.74829,1918.0701,9.155047,1.1014402,0.0,0.0,0.0,0.0,1.0,0.0,0.0
69.98695,4.1585846,11.630169,6.9700527,0.63564086,-0.122578844,0.15206873,-0.033422984,0.063137814,0.049586147,22680.957,0.003814182,6123.457,0.005572253,62979.996,0.037311014,214834.48,203255.28,-2242342.0,200115.66,32041.59,162.21844,70.93981,117.02179,62.176567,27.575323,90.29292,64.678024,112.1406,-0.24462098,145.70897,71.50699,0.0,68.1836,0.54335433,53.74458,34.803017,1.0,1.0,5.4170203,96.911224,193.85535,1.0,1.6619196,1.0,0.0,0.0,0.0,0.0,1.0,0.0,0.0,0.0,1.0,1.0,0.0,0.0,0.0,0.0,0.0,0.0,0.0,0.0,0.0,0.0,0.0,1.0,0.0,0.0,0.0,0.0,0.0,1.0,0.0,0.0,0.0,0.0,0.0,0.0,1.0,0.0,1.0,0.0,0.0,0.0,0.0,0.0,0.0,0.0,0.0,0.0,0.0,0.0,0.0,772.02356,96.009155,31.407064,4.9693313,5.3766108,44.485893,5.2633157,3.1104248,37.23109,17.6273,26.39766,36.1512,5.563793,6.558428,6.901689,45.546104,282.06784,191.33432,41.80323,-17.42316,69.650055,0.5882651,0.80607086,4.1322,1.3290704,3.2495525,-65.68267,1385.3401,5.0981784,6.4240856,0.0,0.0,1.0,0.0,1.0,0.0,0.0
75.46565,-3.7690063,25.61568,18.561325,1.6111847,1.5238115,0.10593291,-0.04526724,-0.020400388,0.08787496,49916.37,0.021667032,12222.505,0.013743864,163105.62,0.19787933,74801.8,358409.62,2240142.8,392614.53,176654.62,203.50323,61.559998,109.105835,226.24753,75.57651,-7.6419168,14.149467,80.165184,12.975444,158.21336,113.2837,0.0,8.304302,1.6534219,47.37579,45.037987,1.0,0.0,14.18432,80.97457,-51.65762,2.0,2.2081203,1.0,0.0,0.0,0.0,0.0,0.0,0.0,0.0,0.0,0.0,0.0,0.0,0.0,0.0,0.0,0.0,0.0,1.0,0.0,0.0,0.0,1.0,0.0,0.0,0.0,0.0,0.0,0.0,0.0,0.0,0.0,0.0,0.0,0.0,0.0,1.0,0.0,0.0,0.0,1.0,1.0,0.0,0.0,0.0,0.0,0.0,0.0,0.0,0.0,0.0,-165.1016,227.1924,136.4201,12.230394,14.901347,48.598667,12.495871,9.251467,49.06858,27.644577,31.327646,31.687244,3.2008183,5.5472145,5.8938985,77.30517,294.38733,178.93849,20.741049,-60.216984,66.90963,1.8438267,2.1594965,1.5112574,-0.22539312,1.6476779,87.22205,1122.6334,5.1369667,2.1379719,0.0,1.0,0.0,0.0,0.0,1.0,0.0
80.14346,6.56069,40.927895,6.010901,5.2480574,1.3361804,0.15137398,0.10297414,0.076912835,0.10262913,11076.007,0.021314913,6392.1104,0.04263576,77069.59,0.020040967,25100.936,-42598.86,-437047.1,237598.83,54301.332,4.580338,8.128782,54.13847,-39.37734,-6.9583597,-18.175116,-48.14281,-41.06419,2.502552,163.53859,65.14052,0.0,-62.179996,2.8126264,51.726326,25.747744,0.0,0.0,11.01925,146.43631,77.5037,1.0,1.7245218,0.0,0.0,0.0,0.0,0.0,1.0,0.0,0.0,0.0,1.0,1.0,0.0,0.0,0.0,0.0,0.0,0.0,0.0,0.0,0.0,0.0,0.0,0.0,0.0,0.0,0.0,0.0,0.0,0.0,0.0,0.0,1.0,0.0,0.0,1.0,1.0,0.0,1.0,0.0,1.0,1.0,0.0,0.0,0.0,0.0,0.0,0.0,0.0,0.0,0.0,-480.01724,111.04467,64.88137,5.403271,5.9849586,19.757124,3.0749881,3.1763997,14.357044,5.701172,6.082657,5.930939,1.0015391,2.7366314,3.8714519,66.49362,-88.76181,-110.03657,27.521658,-18.813904,71.68399,0.47011387,0.54849124,1.3976153,1.668225,0.91502464,96.19794,135.16573,1.9972373,1.148971,1.0,0.0,1.0,0.0,0.0,1.0,0.0
63.867935,5.20843,21.411613,10.593515,3.0426254,0.7205081,0.13802634,-0.054598548,-0.025601424,0.055380408,21991.986,0.0146403825,1443.5889,0.030908823,54163.082,-0.03525012,91248.305,-186241.78,467034.2,192510.28,70894.44,108.66708,30.993786,130.87111,82.86185,24.323107,32.442024,-17.354948,27.645987,5.362535,157.76768,98.42328,0.0,-28.430183,-0.36151597,48.04108,38.35954,1.0,0.0,11.052156,164.94278,229.71082,0.0,2.0601265,1.0,0.0,0.0,0.0,1.0,1.0,0.0,0.0,1.0,1.0,1.0,0.0,0.0,0.0,0.0,0.0,0.0,1.0,0.0,0.0,0.0,0.0,1.0,0.0,0.0,0.0,0.0,0.0,1.0,0.0,0.0,0.0,0.0,0.0,0.0,1.0,0.0,0.0,0.0,0.0,0.0,0.0,0.0,0.0,0.0,0.0,0.0,0.0,0.0,0.0,-294.71124,124.45168,60.938255,9.409601,10.428774,13.84594,9.334226,6.6980524,9.831678,8.977752,10.6776905,10.0126915,2.4001684,4.123591,6.055741,65.21532,108.417076,24.658726,113.64702,28.959497,53.54686,0.94424903,1.1505938,2.222961,1.3099405,0.4808038,-59.273415,366.6675,3.4323394,-0.47705832,0.0,0.0,1.0,0.0,0.0,1.0,0.0
85.8007,1.2878029,24.80816,4.393444,1.1255987,1.1293057,0.08924048,0.090346195,0.033510614,0.06538798,35986.543,0.0011128671,2635.4648,0.009082091,96472.65,0.044295393,40854.652,280250.4,-1736922.4,128400.63,20659.896,138.32248,58.17298,108.679695,69.1938,28.876257,56.662548,64.3108,112.52002,0.28633022,150.66476,57.583916,0.0,68.75193,-4.1885295,52.735237,27.963652,1.0,0.0,10.549654,155.85503,50.612602,1.0,1.5369366,1.0,0.0,0.0,0.0,0.0,1.0,0.0,1.0,0.0,1.0,1.0,0.0,0.0,0.0,1.0,0.0,0.0,0.0,0.0,0.0,1.0,0.0,0.0,0.0,0.0,0.0,0.0,0.0,1.0,1.0,0.0,0.0,0.0,0.0,0.0,1.0,0.0,0.0,0.0,0.0,0.0,0.0,0.0,0.0,0.0,0.0,0.0,0.0,0.0,0.0,1564.9899,118.27554,73.01099,4.0519896,4.1615562,39.268112,5.953431,4.9886026,37.370445,22.567326,22.589169,28.40608,4.652215,5.9031196,3.2915971,36.2061,225.24054,154.55989,18.071999,-17.380478,71.68101,0.71909285,0.912029,3.132834,0.16112018,1.5649776,218.29843,742.7025,4.6124783,2.2538984,0.0,0.0,1.0,0.0,0.0,0.0,1.0
85.84578,4.928851,45.07225,4.5908475,3.6756792,0.91211027,0.07320926,0.040481605,0.005715715,-0.0076903054,28536.06,0.0016282253,6711.173,0.025379844,93326.53,0.010267252,42623.332,-4653.029,-1373615.6,198497.4,37431.098,84.60731,39.193615,83.53457,49.695137,25.246054,28.927008,0.2004695,27.263325,0.65948296,168.49156,51.060448,0.0,-3.025976,0.3859697,58.383595,19.417204,1.0,0.0,11.386419,159.42102,69.495125,2.0,1.5822195,0.0,0.0,0.0,0.0,0.0,1.0,0.0,1.0,0.0,1.0,0.0,1.0,0.0,0.0,1.0,0.0,0.0,0.0,0.0,0.0,0.0,0.0,0.0,0.0,0.0,0.0,0.0,0.0,1.0,0.0,0.0,0.0,0.0,0.0,0.0,0.0,0.0,0.0,0.0,1.0,0.0,0.0,0.0,0.0,0.0,0.0,0.0,0.0,0.0,0.0,748.9374,99.17108,64.0537,4.2319264,4.787681,17.092491,3.8310845,2.9431467,15.354475,10.048531,11.895786,14.650434,2.8478668,4.3188334,4.137972,53.742706,89.721756,38.91455,23.619028,-19.503607,55.19943,0.7793466,0.94335556,2.0227063,1.2650228,1.754961,61.40202,140.01808,3.3883438,2.1650732,0.0,1.0,0.0,0.0,0.0,0.0,1.0
61.991806,11.270207,24.446236,-2.0951028,3.8383887,0.21025881,0.109377384,0.14582804,0.0072208205,-0.040036596,11843.889,0.012293699,3147.3962,0.01594654,-5512.0615,-0.012779695,85861.55,199988.08,673235.75,147881.9,116627.375,116.343346,52.074375,160.31482,83.44819,39.212955,72.19703,-10.718025,33.014572,7.245025,166.8457,77.390076,0.0,-19.058279,1.6979746,50.869526,28.929716,1.0,0.0,11.23446,144.46413,71.8429,1.0,1.8749157,0.0,0.0,1.0,0.0,0.0,1.0,0.0,1.0,0.0,0.0,0.0,0.0,0.0,0.0,0.0,0.0,0.0,0.0,0.0,0.0,0.0,0.0,0.0,0.0,0.0,0.0,0.0,0.0,0.0,0.0,0.0,1.0,0.0,0.0,0.0,0.0,0.0,0.0,0.0,1.0,1.0,0.0,0.0,0.0,0.0,0.0,0.0,0.0,0.0,0.0,-201.72841,81.664894,43.449455,9.273878,12.806778,37.03808,10.462802,6.228909,32.84005,14.581743,10.176899,8.419009,2.94157,4.4121003,4.980979,58.075825,141.79774,66.77362,134.95139,55.99553,55.372993,0.95526284,1.2252593,1.8244547,1.3633256,1.4213886,209.86417,441.7399,3.6338649,0.7956,0.0,1.0,0.0,0.0,1.0,1.0,0.0
75.83109,6.154381,49.78251,9.276081,4.5239463,2.1725986,0.20613253,0.19375083,0.087890975,0.14493698,35492.504,0.0064226864,1981.7654,0.0555277,33643.55,0.094054595,91046.67,-155362.78,-1287854.4,222417.5,25819.99,66.38436,23.767641,42.730316,-4.015504,-0.016721833,-10.411006,38.307625,64.0738,1.098782,168.43167,122.45004,0.0,40.119007,-2.9865737,77.92711,42.956776,1.0,0.0,14.790186,145.817,71.01598,2.0,2.381449,1.0,0.0,1.0,1.0,0.0,1.0,0.0,1.0,0.0,1.0,1.0,1.0,0.0,1.0,0.0,0.0,0.0,0.0,0.0,1.0,0.0,0.0,0.0,0.0,0.0,0.0,0.0,0.0,1.0,0.0,0.0,0.0,0.0,0.0,0.0,0.0,0.0,0.0,0.0,0.0,0.0,0.0,0.0,0.0,0.0,0.0,0.0,0.0,0.0,0.0,-764.9058,127.75284,68.34456,6.904215,4.3159895,26.748423,5.9263268,9.840209,27.59071,14.190934,13.738342,15.6996155,4.0504947,5.275862,4.705817,45.153297,63.301743,31.142406,-47.539692,-65.849106,62.487545,0.36038974,0.32225966,1.3215787,-0.00605458,-0.5356164,102.8877,495.5355,3.765396,0.0072472594,0.0,0.0,1.0,0.0,0.0,1.0,0.0
68.62203,-4.322937,37.813923,13.840896,1.4469641,1.2672573,0.24713933,0.14454664,0.08447063,0.17547828,76377.71,-0.008418835,6852.83,0.035243105,219721.48,0.079371296,59956.51,-56382.383,-2202385.2,129839.86,33329.36,107.15138,36.878654,28.530495,91.10406,34.971127,-3.824646,46.091866,86.11177,-2.083597,138.61671,50.270523,0.0,45.270126,-7.198254,94.14296,30.87596,1.0,0.0,13.270486,206.63327,-84.3323,1.0,1.4101112,1.0,0.0,0.0,0.0,0.0,1.0,0.0,1.0,0.0,1.0,0.0,1.0,0.0,0.0,0.0,0.0,0.0,0.0,0.0,0.0,0.0,0.0,0.0,0.0,0.0,0.0,0.0,0.0,0.0,0.0,1.0,1.0,0.0,0.0,1.0,0.0,0.0,0.0,0.0,0.0,0.0,0.0,0.0,0.0,0.0,0.0,0.0,0.0,0.0,0.0,1049.8558,156.64334,70.22843,3.0996616,0.762574,47.19391,2.933437,2.3786287,49.7039,24.8519,21.812502,23.955868,3.4032388,4.7611294,2.5117092,50.59261,121.44164,64.13635,-122.47845,-138.21016,74.00409,1.0073191,1.3762116,1.3157204,-0.56905705,-0.19818622,426.02164,1191.4156,5.050846,1.9478046,0.0,0.0,1.0,0.0,0.0,0.0,1.0
34.956745,-1.7119684,45.68531,22.125834,3.492288,-0.50178903,0.11093829,-0.43392164,-0.035240628,0.07191904,35340.465,-0.006348586,16888.926,0.013041743,256430.75,-0.04076829,234662.31,-660803.06,-2646868.8,329124.25,55332.4,173.93785,96.55215,86.72395,204.08922,104.229546,-1.1026438,-2.978981,95.426186,4.974764,172.91219,121.58755,0.0,-12.346477,3.010353,84.047356,42.25534,1.0,1.0,5.293834,202.79039,315.74622,2.0,2.391176,0.0,0.0,0.0,0.0,1.0,1.0,0.0,1.0,0.0,1.0,1.0,0.0,0.0,0.0,0.0,0.0,0.0,1.0,0.0,0.0,0.0,0.0,1.0,0.0,0.0,0.0,1.0,0.0,1.0,0.0,0.0,1.0,0.0,0.0,0.0,1.0,0.0,1.0,0.0,1.0,1.0,0.0,0.0,0.0,0.0,0.0,0.0,0.0,0.0,0.0,-1181.0267,165.83098,65.14811,1.4532311,3.3973153,4.4136086,-0.07232417,-0.99605083,1.2308499,3.0206227,14.428771,19.014938,2.7562063,5.3543205,10.119607,92.83349,271.18198,76.806366,10.137813,-128.173,148.96158,1.9434816,2.6831203,4.418812,1.5208042,0.57950413,-363.3107,1251.4146,6.085563,0.89290094,0.0,0.0,1.0,0.0,0.0,1.0,0.0
93.5668,-0.91543525,45.348526,13.459893,1.6180613,0.7104763,0.08394329,-0.0819197,-0.041256588,-0.0051749516,-8029.783,-0.005911188,3621.1907,0.03969055,-857.4007,-0.0040397197,105979.28,52948.023,-1305950.5,350330.72,45907.848,135.19383,52.18256,99.77469,81.131676,31.94703,60.56611,23.172598,68.8785,8.313651,163.13138,71.595314,0.0,22.56923,0.9306106,73.196945,28.023386,0.0,0.0,11.817607,120.89559,36.033092,0.0,1.7896111,1.0,0.0,0.0,0.0,0.0,1.0,1.0,1.0,0.0,1.0,0.0,1.0,0.0,0.0,0.0,0.0,0.0,0.0,0.0,0.0,0.0,0.0,0.0,0.0,0.0,0.0,0.0,0.0,0.0,0.0,0.0,0.0,0.0,0.0,1.0,0.0,0.0,0.0,0.0,1.0,1.0,0.0,0.0,0.0,0.0,0.0,0.0,0.0,0.0,0.0,75.94409,138.44516,80.908485,10.367825,11.083629,24.893913,10.693096,7.596363,24.463598,18.794605,25.89527,32.488083,3.9463086,6.048914,4.9724545,61.758377,200.24902,110.12607,30.581612,-30.778637,69.991974,0.8032092,1.0529718,2.9949057,1.5189695,0.9622385,-115.11368,41.224045,4.334001,0.68405384,0.0,1.0,0.0,0.0,0.0,1.0,0.0
20.764303,-6.3706255,23.941103,18.410461,-1.8379117,0.43904927,0.053514846,0.1868055,0.057141367,0.008062459,87354.195,-0.049895886,17048.047,-0.030412722,375265.8,-0.1866525,32612.957,-228782.14,-2169705.8,273277.8,71856.14,304.2004,100.28388,305.55655,301.47232,103.197105,253.2784,78.47348,207.0823,16.493092,163.93048,179.42262,0.0,87.49471,-10.185867,43.510387,66.80557,0.0,0.0,20.181479,23.93878,-155.68594,1.0,2.9734275,0.0,0.0,0.0,0.0,0.0,0.0,0.0,0.0,0.0,1.0,0.0,0.0,0.0,0.0,0.0,0.0,0.0,1.0,0.0,0.0,1.0,0.0,0.0,0.0,0.0,0.0,1.0,0.0,0.0,0.0,0.0,0.0,0.0,0.0,0.0,1.0,0.0,1.0,0.0,0.0,1.0,0.0,0.0,0.0,0.0,0.0,0.0,0.0,0.0,0.0,114.69333,216.31969,116.26199,18.3851,23.044912,96.15538,23.692629,10.856705,94.96843,54.040115,48.299324,61.508556,4.0064907,7.210561,5.089747,102.057686,528.3864,325.99985,227.80577,112.490395,123.31013,1.6884718,2.7969015,4.3995533,0.019144058,2.4617345,405.27557,1673.5697,7.7360706,1.2058959,0.0,0.0,0.0,0.0,0.0,0.0,1.0
53.17736,-8.848534,73.32028,33.48096,4.9994445,0.34675083,0.08587529,-0.10299756,-0.046505112,-0.031120703,56840.65,-0.027035527,13042.053,0.00080627116,260044.7,-0.21353695,69780.164,-644957.0,-3286825.5,462041.25,84003.17,146.37206,50.24861,137.19798,148.39075,56.517925,52.26286,35.293266,119.83083,3.1469598,160.02501,145.42595,0.0,35.118484,-3.214863,66.70103,56.289482,0.0,0.0,15.780989,163.61102,12.710329,0.0,2.5911593,1.0,0.0,0.0,0.0,0.0,0.0,0.0,0.0,0.0,0.0,0.0,0.0,0.0,0.0,0.0,0.0,0.0,0.0,0.0,0.0,0.0,0.0,0.0,0.0,0.0,0.0,0.0,0.0,0.0,0.0,0.0,0.0,0.0,0.0,0.0,1.0,0.0,1.0,0.0,0.0,1.0,0.0,0.0,0.0,0.0,0.0,0.0,0.0,1.0,0.0,-1212.9707,225.5262,112.85431,7.3848734,4.170365,31.601522,6.3697453,0.9968257,30.083258,17.912756,13.229417,10.372421,2.2958367,5.1212006,7.7672873,83.56312,178.97498,55.221912,107.81681,9.586538,99.96715,1.1672547,1.7345685,1.1546025,0.53255653,0.52136904,86.73978,594.42236,5.4983683,-5.071941,0.0,1.0,0.0,0.0,0.0,1.0,0.0
57.93416,4.143258,38.48829,12.973273,5.941829,0.5184473,0.07009782,0.07107674,-0.002092488,0.007148093,13304.015,0.011307762,73.67309,0.022559345,61052.69,-0.05447556,138267.98,-416342.25,539856.6,262860.06,90197.24,146.1218,53.271843,200.66048,88.28753,32.914875,112.942116,1.3032982,56.74968,10.680511,180.52238,84.67572,1.0,2.1772637,3.536682,52.59685,26.587362,1.0,1.0,14.701772,48.97791,148.33794,0.0,2.0303137,1.0,0.0,0.0,0.0,0.0,1.0,0.0,1.0,0.0,1.0,0.0,1.0,0.0,0.0,0.0,0.0,0.0,0.0,0.0,1.0,0.0,0.0,0.0,0.0,1.0,0.0,0.0,0.0,1.0,0.0,0.0,0.0,0.0,0.0,1.0,0.0,0.0,0.0,0.0,0.0,0.0,0.0,0.0,0.0,0.0,0.0,0.0,0.0,0.0,0.0,-119.8498,118.09848,66.17722,10.164898,15.467515,31.374132,12.740923,4.3346076,29.693943,12.695025,2.6416156,0.74807274,3.8257446,5.6357384,6.5234895,59.06653,221.47368,113.433914,238.38571,123.49835,30.056004,0.9122911,0.9092175,1.1004437,1.2006273,-0.18716164,231.5,446.9731,4.4903793,1.0788329,1.0,1.0,0.0,0.0,0.0,1.0,0.0
73.96721,0.59553576,68.00942,16.699966,6.4491763,0.7412064,0.02103847,0.015990458,-0.015836822,-0.001688939,18717.727,-0.011584317,2685.9126,-0.01226432,35446.188,-0.08864836,96544.82,-268748.03,-1726244.9,194242.7,89740.29,180.7386,68.05328,145.97917,153.44734,58.363075,42.770462,37.827065,106.211525,-12.123378,162.38097,110.79264,0.0,38.58862,-1.1970109,39.02253,42.193592,1.0,0.0,13.415482,175.95921,121.6954,1.0,2.219356,1.0,0.0,0.0,0.0,1.0,1.0,0.0,1.0,0.0,1.0,0.0,1.0,0.0,0.0,1.0,0.0,0.0,0.0,0.0,0.0,0.0,0.0,0.0,0.0,0.0,0.0,0.0,0.0,1.0,1.0,1.0,1.0,1.0,0.0,0.0,1.0,0.0,1.0,0.0,0.0,0.0,0.0,0.0,0.0,0.0,0.0,0.0,0.0,0.0,0.0,371.8444,144.55861,88.96438,-8.489077,-9.837119,25.317629,-7.279467,-8.220732,23.551058,9.951468,3.3902917,4.8272867,4.3576365,6.077623,5.622769,52.54076,281.20407,174.4389,110.47326,41.730904,47.391624,1.140614,1.3111464,2.8256378,0.29052752,1.4912721,201.04482,363.11902,4.9500747,2.048878,0.0,0.0,1.0,0.0,0.0,1.0,0.0
63.78153,-1.7956815,54.419445,18.807192,2.7087688,1.297681,0.081281476,0.041566405,0.07585749,-0.0006644387,59508.844,-0.016811147,17006.625,-0.008503896,263213.97,-0.04554596,161728.19,-109257.25,-50282.22,614544.9,191580.22,165.09679,36.716656,72.69,120.5223,28.464455,-25.426332,97.13572,188.13466,8.778165,165.3609,190.27762,0.0,108.950935,0.87280303,65.01007,69.384865,0.0,1.0,14.498749,49.16903,-100.60368,0.0,3.1098895,1.0,0.0,0.0,0.0,0.0,0.0,0.0,0.0,0.0,0.0,0.0,0.0,0.0,0.0,1.0,0.0,0.0,0.0,0.0,0.0,0.0,1.0,0.0,0.0,0.0,0.0,0.0,0.0,1.0,0.0,0.0,0.0,0.0,0.0,0.0,0.0,0.0,1.0,0.0,0.0,1.0,0.0,0.0,0.0,0.0,0.0,0.0,0.0,1.0,0.0,-2438.4978,230.59174,130.12865,11.267057,11.273685,56.096153,11.901384,8.567533,54.308323,27.16774,34.36083,43.947693,3.8441727,6.711338,7.517176,92.5941,229.49506,98.41118,-1.8649713,-87.12858,114.68539,0.89127827,1.2224827,3.219482,-1.0928537,2.8976336,-78.5506,651.23346,6.3517666,-0.017888179,0.0,1.0,0.0,0.0,0.0,1.0,0.0
62.367023,-10.173105,10.715448,22.656733,-3.0492504,1.9855357,0.28274453,0.006177443,0.12889354,0.18457092,102679.86,-0.0077310796,10124.64,0.052582946,229806.61,0.048830304,108622.516,90433.66,-3235460.8,349952.75,-7700.147,145.91162,91.939865,56.46108,40.456425,46.490482,36.24928,83.90647,128.27837,12.296256,134.03806,56.776287,0.0,90.104744,-9.737608,93.04516,34.07558,1.0,1.0,12.605487,78.69536,-48.941967,1.0,1.4007554,1.0,0.0,0.0,0.0,0.0,0.0,0.0,0.0,0.0,1.0,0.0,0.0,0.0,0.0,0.0,0.0,0.0,0.0,0.0,1.0,0.0,0.0,0.0,0.0,0.0,0.0,0.0,0.0,0.0,1.0,0.0,0.0,0.0,0.0,0.0,1.0,0.0,1.0,1.0,0.0,0.0,0.0,0.0,0.0,0.0,0.0,0.0,0.0,0.0,0.0,1183.0054,199.10957,85.84298,17.746815,12.528856,55.26726,16.974297,20.15157,56.15091,33.66513,45.66856,51.69522,6.521953,7.5686307,3.9646356,19.810581,304.09006,240.71667,-85.18044,-101.68934,81.5325,0.38906923,0.86823285,3.0742025,-0.75066423,-0.21507159,220.2636,1523.0625,5.1699047,0.29984263,0.0,0.0,1.0,0.0,1.0,0.0,1.0
65.06657,2.108767,36.631027,6.081458,3.69296,0.2652891,0.06577651,-0.012798378,0.015925199,0.07816095,-21842.754,0.008535812,-1019.27106,-0.0043119607,-8212.734,0.028851146,59111.61,-365587.28,-1227650.6,204341.53,87681.87,167.75966,67.77466,172.61913,101.82769,38.406544,89.567825,44.970055,117.99831,2.040887,168.1362,78.36351,0.0,49.02035,0.09032372,40.954895,29.813646,1.0,0.0,9.627199,92.316635,116.643555,2.0,1.8538585,1.0,0.0,0.0,0.0,0.0,0.0,0.0,1.0,1.0,1.0,0.0,0.0,0.0,0.0,0.0,1.0,0.0,0.0,0.0,1.0,0.0,0.0,1.0,0.0,0.0,0.0,0.0,1.0,1.0,0.0,0.0,0.0,0.0,0.0,0.0,0.0,0.0,1.0,0.0,0.0,0.0,1.0,0.0,0.0,0.0,0.0,0.0,1.0,0.0,0.0,105.34203,118.7197,66.68085,-0.65037936,2.9673824,35.342625,1.6411202,0.13876438,31.96577,14.1114855,9.692437,12.830119,5.0493693,6.9493833,6.8903127,58.80201,300.86435,175.38826,157.85599,58.364944,85.107124,1.0507308,0.95920324,3.0014672,1.1213931,1.5194901,173.17908,1089.3174,5.090014,4.305214,1.0,1.0,0.0,0.0,0.0,0.0,1.0
66.88741,3.5733342,44.14944,7.103933,3.6989677,1.4472207,0.25628138,0.15747117,0.09648241,0.20279628,18127.076,0.008969067,6743.093,0.02977099,113592.77,0.09545754,99027.37,-99818.74,-931497.9,243944.42,58145.477,70.75631,34.70284,85.483894,33.844757,18.773228,12.31781,41.776432,84.47521,-0.7851894,158.28123,89.67999,0.0,42.63136,2.8501399,98.34662,37.250763,1.0,0.0,10.386563,122.8154,54.324047,2.0,1.9472022,1.0,0.0,0.0,0.0,0.0,1.0,0.0,1.0,0.0,1.0,0.0,1.0,0.0,0.0,1.0,0.0,0.0,0.0,0.0,0.0,0.0,0.0,0.0,0.0,0.0,0.0,0.0,0.0,1.0,0.0,0.0,1.0,0.0,0.0,0.0,0.0,0.0,0.0,0.0,1.0,0.0,0.0,0.0,0.0,0.0,0.0,0.0,0.0,0.0,0.0,311.92883,141.17433,59.971138,0.40873837,1.5767739,37.682735,-0.6545491,1.4089446,37.848858,15.451325,12.445815,15.228596,2.518719,4.4441514,6.156085,78.305954,59.782124,-1.2686251,36.510296,-14.247133,66.02126,0.86165375,1.0740215,2.3131318,0.5793413,0.8525543,189.19215,1211.522,4.834547,0.46398294,1.0,1.0,0.0,0.0,0.0,1.0,0.0
58.244972,-0.8632218,22.16462,9.553019,0.10209835,2.1256468,0.24423416,-0.13377208,0.053711187,0.27610308,-18144.854,0.053075787,3369.739,0.033609502,-55121.89,0.5575839,87902.625,478788.75,2442781.5,482717.0,172085.12,186.45949,46.110806,27.739574,173.1087,43.247044,-81.89501,61.274216,133.45372,9.211112,153.09404,63.51657,0.0,65.88232,3.632423,82.08072,29.29174,0.0,0.0,13.295749,-9.1549015,-77.564186,1.0,1.6464168,1.0,0.0,0.0,0.0,0.0,0.0,0.0,0.0,0.0,0.0,0.0,0.0,0.0,0.0,1.0,0.0,0.0,1.0,0.0,1.0,0.0,0.0,0.0,0.0,0.0,0.0,0.0,0.0,1.0,1.0,0.0,0.0,0.0,0.0,0.0,1.0,0.0,1.0,0.0,0.0,1.0,0.0,0.0,0.0,0.0,0.0,0.0,0.0,0.0,0.0,-551.83734,192.02373,101.00159,4.7102556,8.02433,28.782242,2.2269237,6.530978,26.831573,12.342991,32.123096,39.56509,4.149422,6.8365855,5.376336,80.27122,270.66617,142.28018,-121.51851,-194.87924,110.9079,1.600696,1.9249241,2.631042,-0.3869195,1.4194208,-181.1356,1110.9569,6.1853523,6.483168,0.0,1.0,0.0,0.0,1.0,0.0,0.0
62.107243,0.822659,29.582912,7.4118977,0.7562203,2.4298604,0.21288973,0.24478342,0.16643192,0.16706346,13446.462,-0.009673478,6819.132,0.01533778,23634.928,0.09453336,-1246.2784,239327.92,-1722848.4,203190.81,-15304.975,77.86263,44.624435,-6.9165792,11.580765,18.19101,-17.030678,69.882515,107.10594,8.373029,153.66228,48.154537,0.0,76.047386,-2.7381454,82.10071,24.155413,0.0,1.0,14.700436,146.77908,-154.03322,1.0,1.4743699,1.0,0.0,0.0,0.0,0.0,0.0,0.0,0.0,0.0,1.0,0.0,0.0,0.0,0.0,0.0,0.0,0.0,1.0,0.0,0.0,0.0,0.0,0.0,0.0,0.0,0.0,1.0,0.0,1.0,0.0,0.0,1.0,0.0,0.0,0.0,0.0,0.0,1.0,0.0,0.0,1.0,0.0,0.0,0.0,0.0,0.0,0.0,0.0,0.0,0.0,-1257.5511,118.448235,72.64084,11.017932,12.894936,31.529669,8.3137865,9.815083,29.649363,15.907739,30.008698,38.30578,4.77885,5.9161067,-0.1917972,32.277527,102.503,73.20017,-171.5864,-168.5692,93.53501,0.5425195,0.8278544,3.8503637,1.8723423,2.5104895,97.002365,353.79385,5.1466856,2.7624226,0.0,0.0,1.0,0.0,1.0,0.0,0.0
100.15915,2.8621316,17.916035,6.3770857,2.253989,1.6255955,0.087287225,0.1552303,-0.00088022545,0.030390576,1248.1577,0.0052101454,2674.5706,0.012939386,36385.906,0.03651189,104567.2,277054.5,389422.38,139725.92,40314.117,142.71689,53.78799,142.34172,86.99853,33.02871,82.45274,-3.776925,12.399314,7.674937,162.46773,41.61735,0.0,-9.655405,1.3506165,34.806637,17.030226,0.0,1.0,10.5423155,142.70323,46.403854,2.0,1.4335314,1.0,0.0,0.0,0.0,0.0,1.0,0.0,1.0,1.0,1.0,1.0,1.0,0.0,0.0,0.0,0.0,0.0,0.0,0.0,0.0,1.0,0.0,0.0,0.0,0.0,0.0,0.0,0.0,1.0,0.0,0.0,0.0,0.0,0.0,0.0,0.0,0.0,0.0,0.0,0.0,0.0,0.0,0.0,0.0,0.0,0.0,0.0,0.0,0.0,0.0,1182.7572,111.83012,79.51321,10.16441,13.231002,25.035183,12.161809,7.5207,24.15417,20.171913,17.348154,20.694777,5.0866923,5.660548,3.0373209,17.328577,219.85861,196.34825,95.52906,64.36083,40.290615,0.8569973,0.8919587,2.3646083,2.4777164,2.1481068,217.64136,306.61057,3.2940722,4.184365,0.0,0.0,1.0,0.0,0.0,0.0,1.0
75.52674,5.467323,37.991604,10.260345,4.715537,1.486843,0.13325827,0.15023193,0.04436652,0.073596194,13002.049,0.007522851,1557.3163,0.0382261,-10850.422,0.006688262,60940.35,-41608.74,-186567.38,95506.36,49309.664,96.06364,32.219543,126.62668,78.324936,28.93441,49.044636,6.752556,39.866043,1.9226259,163.55132,98.90596,0.0,3.632066,-2.234863,62.864677,36.79848,0.0,0.0,14.703511,198.42088,102.31796,2.0,2.0978887,1.0,0.0,1.0,0.0,1.0,1.0,1.0,1.0,0.0,1.0,1.0,1.0,0.0,0.0,0.0,0.0,1.0,0.0,0.0,0.0,1.0,0.0,0.0,0.0,0.0,0.0,0.0,0.0,0.0,1.0,1.0,0.0,0.0,0.0,0.0,0.0,0.0,0.0,0.0,1.0,0.0,0.0,0.0,0.0,0.0,0.0,0.0,0.0,0.0,0.0,582.0558,123.27798,71.69242,7.077744,6.30296,29.922375,7.1702194,6.7836847,28.201418,15.607325,10.098187,7.1722584,2.2377594,3.4861383,3.8913665,46.39001,72.99564,32.305176,92.65195,44.748466,29.313646,1.0420524,1.0884589,1.0657706,0.91881984,0.514557,233.29741,326.4585,3.7174366,1.9194133,0.0,0.0,1.0,0.0,0.0,0.0,0.0
54.185547,8.706875,29.28478,-2.7095156,2.7195528,2.6021225,0.22194761,0.42427057,0.21443288,0.18729608,14678.891,-0.0042964104,5371.712,0.03104791,32298.176,0.14283994,338.8906,264755.4,313883.66,194669.66,46963.117,71.50776,41.63191,3.2174847,-2.1685338,14.151826,-30.973818,58.23833,93.82743,12.552919,168.16473,88.033585,0.0,63.30668,0.76816934,86.6176,32.750412,0.0,0.0,16.080675,116.79856,-218.45749,2.0,2.0065417,1.0,0.0,0.0,0.0,0.0,0.0,0.0,0.0,0.0,1.0,0.0,1.0,1.0,0.0,0.0,0.0,0.0,1.0,0.0,0.0,0.0,0.0,0.0,0.0,0.0,0.0,0.0,0.0,0.0,0.0,0.0,1.0,0.0,0.0,0.0,0.0,0.0,1.0,0.0,1.0,1.0,0.0,0.0,0.0,0.0,0.0,0.0,0.0,0.0,0.0,-2648.3003,110.16776,72.27942,11.509201,17.05471,44.50025,10.565741,13.158714,45.167572,19.289345,24.807226,29.003433,4.646546,5.954685,0.7008698,45.129833,99.726555,73.85582,-164.99121,-167.37338,96.67248,0.45366603,0.62946635,2.923215,1.6683552,1.2989135,310.71634,338.08597,4.6373963,2.8553717,1.0,0.0,0.0,0.0,1.0,0.0,0.0
40.84623,4.6719627,30.840466,3.9067297,1.3623334,1.2296345,0.12762605,0.12621233,0.10495257,0.07643018,-28119.76,-0.026030486,7764.9683,0.02231145,39393.848,-0.009272306,45405.28,17914.844,-1034432.5,248011.14,71430.59,178.91733,59.65372,89.58914,175.09225,60.616276,59.84821,55.021008,139.60983,13.109866,168.24985,110.711395,0.0,59.175556,0.7542845,89.49372,40.458008,0.0,0.0,13.245966,114.59264,-140.80212,2.0,2.2625673,0.0,0.0,0.0,0.0,0.0,1.0,0.0,1.0,0.0,1.0,0.0,1.0,0.0,0.0,1.0,0.0,0.0,1.0,0.0,0.0,1.0,0.0,0.0,0.0,0.0,0.0,1.0,0.0,1.0,1.0,0.0,0.0,0.0,0.0,1.0,1.0,0.0,1.0,0.0,1.0,1.0,0.0,0.0,0.0,0.0,0.0,0.0,0.0,0.0,0.0,-262.75052,145.7256,78.86595,8.347056,15.63886,43.083313,9.356793,6.306566,42.9707,21.333223,28.862904,37.322277,3.8916602,6.225457,3.622282,83.66297,258.82278,129.24051,-57.267517,-131.75418,141.69205,1.4376945,2.0537174,3.5739427,1.8604312,1.2149172,45.060654,849.51575,6.285743,5.0299225,0.0,1.0,0.0,0.0,1.0,0.0,0.0
77.29759,-0.16236246,31.984877,3.808748,2.4740946,1.0040916,0.062490452,0.03655171,0.101976946,0.07920602,949.0245,0.00029431508,3371.2986,0.0035486687,58193.824,0.0148779545,114812.766,-42903.562,-775236.7,255791.22,66348.86,118.53095,50.59033,101.30326,85.77805,37.383373,51.241455,53.52668,108.25624,7.380767,163.76573,57.89004,0.0,59.4975,3.4762657,54.26662,23.004183,1.0,0.0,7.788934,102.786095,88.611755,1.0,1.6455369,1.0,0.0,0.0,0.0,1.0,1.0,0.0,1.0,0.0,1.0,1.0,0.0,0.0,0.0,0.0,1.0,0.0,0.0,0.0,0.0,0.0,0.0,1.0,1.0,0.0,0.0,0.0,1.0,1.0,1.0,0.0,0.0,0.0,0.0,0.0,0.0,0.0,0.0,0.0,0.0,0.0,1.0,0.0,0.0,0.0,0.0,0.0,1.0,0.0,0.0,748.8979,158.16696,96.563225,6.90187,9.94101,42.273613,7.7277946,4.3177376,38.041008,17.433807,20.416868,28.73792,3.9105747,5.6164856,5.9859705,48.10149,163.82892,77.840195,38.75626,-36.76399,94.01853,0.9816581,1.0951755,1.9683884,1.9996244,2.0869846,43.28705,879.64264,4.753019,4.4384193,0.0,0.0,1.0,0.0,0.0,0.0,1.0
63.971222,-2.9723544,70.77396,23.570307,5.8798037,1.0181631,0.09558608,-0.018267497,-0.07865684,0.015653118,24246.412,-0.014583926,6423.6,-0.000972352,85298.69,-0.071062244,8928.915,-122041.555,-3148118.8,82641.93,-21631.006,175.14333,74.41768,121.91122,174.82762,71.35,53.95648,34.61758,82.49366,-7.59553,160.98772,74.53053,0.0,35.978466,-1.0680043,56.365147,31.116516,1.0,0.0,15.514062,143.11185,-87.32461,0.0,1.8187485,0.0,0.0,0.0,0.0,1.0,0.0,0.0,0.0,0.0,1.0,0.0,0.0,0.0,0.0,1.0,0.0,1.0,1.0,0.0,0.0,1.0,0.0,0.0,0.0,0.0,0.0,0.0,0.0,1.0,1.0,0.0,1.0,0.0,0.0,1.0,0.0,0.0,0.0,0.0,1.0,1.0,0.0,1.0,0.0,0.0,0.0,0.0,0.0,0.0,0.0,1755.9077,142.86374,83.49335,-3.592963,-3.9655087,9.765796,-5.381635,-6.717187,8.563771,8.668752,5.02117,3.5135334,4.012751,5.303935,3.4816983,42.60143,264.95673,193.25935,24.728575,3.7138684,36.11827,1.4397998,1.8205777,1.7811689,1.3440411,1.5476109,138.23871,388.7258,4.39401,1.7604266,0.0,0.0,0.0,0.0,0.0,0.0,1.0
85.09412,3.5585017,45.224022,12.9166975,4.604839,1.1375705,0.07814253,-0.039912492,-0.04533293,0.031624954,26019.291,0.0083548995,3496.8745,0.025477672,100639.11,-0.022201555,46464.63,-115577.55,-262455.56,168700.05,11077.083,127.67503,49.323715,152.28323,91.25396,36.634296,66.86656,-22.795671,3.516902,7.901092,180.16945,85.66513,1.0,-29.553183,-0.098205395,61.231407,26.718182,1.0,0.0,12.60304,204.46552,71.911224,0.0,2.038088,1.0,0.0,0.0,0.0,1.0,1.0,0.0,1.0,1.0,1.0,0.0,1.0,0.0,0.0,1.0,0.0,0.0,0.0,0.0,0.0,0.0,0.0,0.0,0.0,1.0,0.0,0.0,0.0,1.0,1.0,0.0,0.0,0.0,0.0,0.0,0.0,0.0,0.0,0.0,0.0,0.0,0.0,0.0,0.0,0.0,0.0,0.0,0.0,0.0,0.0,-314.25647,123.89039,80.001884,10.411319,11.247328,14.650217,9.219304,7.0435476,11.197189,10.346683,12.293187,10.651337,3.7377777,5.122983,5.4614525,37.72978,169.47185,119.190125,148.48679,75.623436,34.057808,0.81810343,0.91398233,1.1512183,1.438482,0.49860415,46.180756,256.58765,3.3392045,3.541993,0.0,1.0,1.0,0.0,0.0,1.0,0.0
80.20979,0.44000775,38.78126,17.91977,4.3632355,1.3188521,0.1261948,-0.01859378,0.010556201,0.03317967,29595.906,0.00798934,5012.683,-0.0009634606,101595.45,-0.039316878,130215.15,-110471.484,-72567.05,306101.94,85161.805,114.69958,32.0833,98.29123,65.6406,17.044518,-1.9232172,20.084837,54.59219,-1.9588737,151.2175,75.02756,0.0,17.578222,2.3061771,40.817924,33.187843,1.0,1.0,9.711394,118.42126,218.74962,0.0,1.7461743,0.0,0.0,0.0,0.0,0.0,0.0,0.0,0.0,0.0,0.0,1.0,0.0,0.0,0.0,0.0,0.0,0.0,0.0,0.0,0.0,0.0,0.0,0.0,0.0,0.0,0.0,0.0,0.0,0.0,0.0,0.0,0.0,1.0,0.0,0.0,1.0,0.0,0.0,0.0,0.0,0.0,0.0,0.0,0.0,0.0,0.0,0.0,0.0,0.0,0.0,-67.659134,146.79146,79.73265,4.127853,3.4242883,15.523224,2.5208857,0.734643,11.512849,6.147315,10.25876,11.513304,3.519259,4.9991207,5.5092354,53.21523,130.93231,76.875336,84.22475,28.241037,43.32963,0.7689225,0.8556451,2.1643126,1.0577459,2.4100447,-0.61186814,448.80322,3.9538043,2.5617926,0.0,0.0,1.0,0.0,0.0,1.0,0.0
34.08305,0.7797885,-2.5886605,-14.37244,-1.5328493,2.7670093,0.2939976,0.69782376,0.4511494,0.2885914,1242.8308,-0.021429377,6420.1567,0.035728958,72030.07,0.14698799,84013.4,-294798.66,-873127.5,151152.8,121001.414,61.26048,12.895719,-46.798084,40.507927,13.873751,-29.440725,63.134773,110.04177,17.906681,145.27838,-11.582531,0.0,68.81346,-4.4999065,97.59554,7.3099723,0.0,0.0,14.180633,-6.0108232,-147.3925,1.0,0.7430695,1.0,0.0,1.0,0.0,0.0,0.0,0.0,0.0,0.0,0.0,0.0,0.0,0.0,0.0,0.0,0.0,0.0,1.0,0.0,1.0,1.0,0.0,0.0,0.0,0.0,0.0,0.0,0.0,0.0,0.0,0.0,0.0,0.0,0.0,0.0,0.0,0.0,1.0,0.0,0.0,1.0,0.0,0.0,0.0,0.0,0.0,0.0,0.0,0.0,0.0,441.17487,159.71367,87.15347,11.500041,20.547024,104.871735,16.78708,14.266559,105.02001,38.29733,38.214664,50.384323,3.1911633,5.0221395,-0.99031997,77.94334,27.91008,-35.153572,-273.52634,-267.45746,121.10051,0.85492545,1.4011627,4.167138,0.7205928,1.0808859,768.5637,1711.0066,5.51896,10.106891,0.0,1.0,1.0,0.0,1.0,0.0,0.0
73.56836,-1.439026,62.134872,21.926455,3.6634932,1.2387881,0.0802177,-0.11082233,-0.028726643,0.003229496,68272.87,-0.025615513,13637.065,-0.023679648,150118.7,-0.06464319,119337.77,266415.88,-1448449.8,277616.66,10552.347,180.69911,84.268906,19.471584,145.48848,68.17097,-38.88134,79.65951,139.31955,-0.54364973,168.49142,117.359604,0.0,89.799126,0.9090699,55.911587,43.00081,0.0,1.0,13.742711,138.58363,28.106222,2.0,2.3346083,1.0,0.0,0.0,0.0,0.0,0.0,0.0,1.0,0.0,1.0,1.0,0.0,0.0,0.0,1.0,0.0,0.0,1.0,0.0,0.0,0.0,0.0,0.0,0.0,0.0,0.0,0.0,0.0,1.0,0.0,0.0,1.0,0.0,0.0,0.0,1.0,0.0,1.0,0.0,0.0,1.0,0.0,0.0,0.0,0.0,0.0,0.0,0.0,0.0,0.0,-861.9818,152.6197,92.38774,4.192422,3.017336,8.212739,2.2358634,1.9319221,6.806383,9.929561,25.046722,33.327797,6.1204348,7.2931337,4.4817696,33.040997,307.0276,225.29018,-130.90393,-154.23248,66.30679,1.0425198,1.328311,2.6919723,-0.3615349,3.1794877,-206.55655,360.43536,5.4608555,1.9114182,0.0,0.0,1.0,0.0,0.0,1.0,0.0
84.06284,-0.3078336,71.36098,17.494524,4.5851064,0.7051453,0.09472866,-0.13292679,-0.035671696,0.026378246,13377.266,0.01135346,5511.6084,0.036358476,61385.848,0.05903104,93252.73,-14073.822,-916424.6,405030.12,85234.86,126.70398,55.810062,128.57816,75.75149,35.751614,41.36259,16.408209,70.29783,2.2335317,171.78194,98.929596,0.0,17.416912,1.4963483,66.801285,34.922832,0.0,0.0,11.891755,162.504,143.32451,1.0,2.1562953,1.0,0.0,1.0,0.0,0.0,1.0,1.0,1.0,0.0,0.0,0.0,1.0,0.0,0.0,1.0,0.0,0.0,1.0,0.0,0.0,0.0,0.0,0.0,0.0,0.0,0.0,0.0,0.0,0.0,1.0,0.0,0.0,0.0,0.0,0.0,0.0,0.0,0.0,0.0,0.0,0.0,0.0,0.0,0.0,0.0,0.0,0.0,0.0,0.0,0.0,-618.8004,149.67221,81.57859,4.9742503,3.1948972,19.51437,4.0865135,2.5552292,15.4633255,10.499065,14.2927685,18.575853,3.3561227,5.5343146,7.0333576,61.709732,185.52692,87.1782,107.70726,18.648996,60.15962,0.8091797,0.9218305,1.6432724,0.823485,0.9200887,-89.50868,-1.1075718,4.506096,2.1287856,0.0,1.0,0.0,0.0,0.0,1.0,0.0
74.53755,2.077223,45.7546,16.004236,4.29204,1.2987437,0.1567062,-0.054324433,-0.009893123,0.06533763,1736.3416,0.003033249,2363.9192,0.024409732,-22679.04,-0.022477845,53110.34,164302.52,-1118008.4,195927.16,-8475.645,81.91476,38.592415,46.13331,44.508724,23.496819,1.066672,15.465628,45.120632,7.126495,160.83821,86.57627,0.0,11.378199,1.9781735,69.29918,34.558296,1.0,0.0,10.17272,169.26318,53.92692,2.0,1.9507442,1.0,0.0,0.0,0.0,1.0,1.0,0.0,1.0,0.0,1.0,0.0,1.0,0.0,0.0,0.0,0.0,0.0,0.0,0.0,0.0,0.0,0.0,0.0,0.0,0.0,0.0,0.0,1.0,0.0,1.0,0.0,0.0,0.0,0.0,0.0,0.0,0.0,0.0,0.0,0.0,1.0,0.0,0.0,0.0,0.0,0.0,0.0,0.0,0.0,0.0,172.70625,135.41722,74.45421,11.033431,10.175864,7.2585697,7.483521,6.732149,4.293807,6.908208,14.05624,12.474684,3.4726477,4.670199,4.571743,37.43952,76.68116,39.61953,-41.853607,-75.46062,74.00599,0.7955479,0.91823107,0.6165439,2.0606408,1.3915188,-83.49867,232.8151,3.7140212,0.4587262,1.0,1.0,0.0,0.0,0.0,1.0,0.0
71.19148,6.4819107,61.572517,10.69378,6.3506455,0.65490496,0.0779317,0.044521745,-0.047574647,0.030540748,-17596.418,0.006733216,-51.621773,0.01515322,-17005.12,-0.014171853,17900.28,-137716.94,-431446.4,183806.19,79766.93,139.49365,38.304333,174.90015,114.99157,29.706205,76.18777,13.166364,65.21358,-2.0323312,174.28531,124.581764,0.0,13.014442,2.8331745,52.151485,42.746708,1.0,0.0,12.1972685,159.47672,40.101738,2.0,2.447969,1.0,0.0,0.0,0.0,0.0,1.0,0.0,1.0,0.0,1.0,0.0,1.0,0.0,0.0,1.0,0.0,0.0,0.0,0.0,0.0,0.0,1.0,0.0,0.0,0.0,0.0,0.0,0.0,1.0,0.0,0.0,0.0,0.0,0.0,0.0,0.0,0.0,1.0,0.0,1.0,0.0,0.0,0.0,0.0,0.0,0.0,0.0,0.0,0.0,0.0,320.95212,120.55827,71.80899,0.7831458,2.339915,20.36618,-0.10516719,-2.1895618,19.644474,10.640155,3.8926735,3.360964,2.759201,4.567668,6.4855795,68.09018,170.82721,87.16233,173.20169,93.87589,46.518303,1.1762141,1.2274504,1.620498,1.8918517,1.543239,103.88821,295.34137,4.160828,1.4743445,0.0,1.0,0.0,0.0,0.0,0.0,1.0
57.315025,1.8171935,16.213795,1.884224,0.7166464,0.63087165,0.0830347,0.079718694,0.05263815,0.013563306,12185.03,-0.009093767,5870.692,0.035368547,2342.855,0.022533927,95539.05,160270.05,-1640647.9,95039.77,52723.297,179.3825,94.80003,107.418594,150.6854,79.941536,72.72901,-4.8955317,48.422504,7.3616033,164.92062,51.233124,0.0,-14.621159,-4.0233946,78.86603,20.246782,1.0,0.0,13.420116,126.012886,67.7545,2.0,1.5734555,1.0,0.0,1.0,0.0,1.0,1.0,0.0,1.0,0.0,1.0,1.0,1.0,0.0,1.0,0.0,0.0,0.0,1.0,0.0,0.0,1.0,0.0,0.0,0.0,0.0,0.0,0.0,0.0,0.0,0.0,0.0,1.0,0.0,0.0,0.0,0.0,0.0,0.0,0.0,1.0,1.0,0.0,0.0,0.0,0.0,0.0,0.0,0.0,0.0,0.0,178.55592,130.22949,75.12662,8.081807,11.9908085,47.892303,11.21016,8.225725,46.890926,23.263416,23.773836,31.970345,4.4303265,5.5627317,2.959981,33.892185,311.4614,213.33615,-30.408405,-86.113785,82.605125,1.3616413,1.6227936,3.5842416,1.0075774,0.52057046,286.8355,790.74884,4.531666,4.8087,0.0,0.0,1.0,0.0,0.0,1.0,0.0
60.824593,-0.90163845,13.170852,10.076989,0.9096691,0.6492936,0.13015924,0.18329136,0.06514733,-0.004197255,50681.83,-0.0036075213,7148.6006,-0.005811978,161041.47,-0.025460823,51691.79,-71371.125,145624.77,283695.22,149627.73,182.76442,58.83167,178.11926,151.64029,50.69669,88.125,73.30983,138.9963,10.65154,147.97974,94.86774,0.0,79.9041,-2.8052523,48.27178,41.98783,1.0,0.0,9.048967,68.207085,-13.498913,0.0,1.9249437,1.0,0.0,0.0,0.0,0.0,0.0,0.0,0.0,0.0,0.0,0.0,0.0,0.0,0.0,0.0,0.0,0.0,0.0,0.0,1.0,0.0,0.0,0.0,0.0,0.0,0.0,0.0,0.0,1.0,0.0,0.0,0.0,0.0,0.0,0.0,0.0,0.0,0.0,0.0,0.0,0.0,0.0,0.0,0.0,0.0,0.0,0.0,0.0,0.0,0.0,594.4001,181.62004,96.40623,14.500324,17.214209,69.56513,17.201149,12.39842,66.58297,32.090622,26.888533,30.928448,4.8854413,6.4548235,7.0856857,50.743298,271.08282,171.50162,143.05797,71.50417,51.386375,1.1174923,1.407681,3.0299456,0.45422772,2.2996187,294.2284,1289.1963,4.9707384,0.35112447,0.0,1.0,0.0,0.0,0.0,0.0,1.0
70.4144,4.6550555,59.549274,10.659449,5.565619,1.1386222,0.12608564,0.1693613,0.009979155,0.053243063,11290.022,-0.0021079134,2315.7354,-0.0032007408,-3010.9045,0.023774967,58311.7,-55245.793,-1184365.8,151044.22,52076.574,115.78397,38.47375,124.526276,88.5638,29.546888,56.19697,30.711267,76.31094,-0.40479696,165.67133,108.197334,0.0,31.465193,0.27134466,65.77314,40.50448,0.0,0.0,14.866576,140.68901,-70.295876,0.0,2.2357366,1.0,0.0,0.0,0.0,0.0,1.0,0.0,0.0,0.0,0.0,1.0,1.0,0.0,0.0,0.0,0.0,0.0,0.0,0.0,0.0,0.0,0.0,0.0,0.0,0.0,0.0,0.0,0.0,0.0,0.0,0.0,0.0,0.0,0.0,0.0,0.0,0.0,0.0,0.0,0.0,1.0,0.0,0.0,0.0,0.0,0.0,0.0,0.0,0.0,0.0,-684.0972,117.17493,70.7911,3.6822777,4.2199097,28.576567,2.8354874,2.044731,27.140364,13.713691,8.158805,7.670666,3.3291416,4.8512707,4.8283744,48.150448,130.22597,75.40706,63.51704,31.92303,30.802626,0.89255285,1.0874789,1.9413526,1.6403825,2.1121523,199.21529,318.43436,4.0288677,0.2674344,0.0,0.0,1.0,0.0,0.0,0.0,1.0
62.831974,2.1603582,24.595709,5.878364,1.761259,0.93302983,0.0763916,-0.05619011,0.04023229,0.053581752,-29886.883,-0.012373006,1807.5437,0.007733755,-42001.434,-0.024872942,140746.55,12671.011,811557.8,267123.34,89410.625,146.32166,41.597702,44.37974,132.89838,39.24804,0.87073976,42.822334,102.0286,8.459678,155.15848,79.52839,0.0,44.091686,4.9490523,56.68127,33.331326,0.0,1.0,10.168095,69.10785,-72.92195,1.0,1.8368564,0.0,0.0,1.0,0.0,0.0,1.0,0.0,1.0,1.0,1.0,0.0,1.0,0.0,0.0,0.0,1.0,1.0,1.0,0.0,1.0,1.0,0.0,0.0,0.0,1.0,0.0,1.0,0.0,0.0,0.0,0.0,0.0,0.0,0.0,1.0,1.0,0.0,1.0,0.0,0.0,1.0,0.0,0.0,0.0,0.0,0.0,0.0,0.0,0.0,0.0,69.48752,142.30476,83.07006,7.362378,12.213613,24.88369,7.284718,4.533738,23.333267,12.48889,23.701414,31.135172,3.764593,5.6310196,4.9288526,70.57339,171.76904,77.93393,-71.86935,-139.97638,119.94624,1.2465706,1.6055204,2.1869378,1.0517619,2.1462634,-29.050611,717.6733,4.913899,5.3043017,0.0,1.0,0.0,0.0,1.0,0.0,0.0
87.30243,-2.2217731,49.14598,13.543189,3.1488945,0.913707,0.1252185,-0.009978513,0.031329628,0.05213252,38255.773,-0.0050750547,5731.858,0.016381413,104770.586,0.077064134,118386.3,-126328.65,-1364902.5,417462.66,83540.05,117.42902,62.152485,64.46713,32.419464,25.587671,-6.089239,73.27136,116.15453,-0.75246805,157.28185,65.839485,0.0,80.943535,1.4190493,66.05493,28.790741,1.0,0.0,11.580323,99.25333,81.463715,1.0,1.6749012,0.0,0.0,1.0,0.0,0.0,0.0,0.0,1.0,0.0,0.0,1.0,1.0,0.0,0.0,0.0,0.0,0.0,0.0,0.0,0.0,0.0,0.0,0.0,0.0,0.0,0.0,0.0,0.0,1.0,0.0,0.0,0.0,0.0,0.0,0.0,0.0,0.0,0.0,0.0,0.0,0.0,0.0,0.0,0.0,0.0,0.0,0.0,0.0,0.0,0.0,-776.61694,135.35924,74.844475,1.0829319,1.7911556,26.733318,0.6909409,4.289583,26.451,13.693483,12.952718,17.1616,4.9793134,6.6303406,6.8764215,50.762367,201.15106,132.06773,-15.700946,-48.0428,52.32931,0.5325038,0.64459527,2.5975032,-0.29710323,1.8324877,118.47747,586.2231,4.505438,4.07491,0.0,0.0,0.0,0.0,0.0,0.0,1.0
89.43905,0.22510931,13.348874,10.977197,0.6442244,1.9435881,0.18538177,0.161345,0.118038796,0.14328167,28104.812,0.0043565505,3706.3784,0.020291895,55157.07,0.119552344,68690.34,20115.113,-1974226.5,213502.17,33115.316,76.874344,29.698776,14.299168,-2.8163548,0.37358123,-15.0995865,44.89378,72.069725,4.7320533,134.87378,52.396027,0.0,44.788654,-2.5343606,64.32876,31.374561,1.0,1.0,10.524901,200.75058,111.98494,2.0,1.3738393,1.0,0.0,0.0,0.0,0.0,1.0,0.0,1.0,0.0,1.0,1.0,0.0,0.0,0.0,0.0,0.0,0.0,0.0,0.0,0.0,0.0,0.0,0.0,0.0,0.0,0.0,0.0,0.0,1.0,0.0,0.0,0.0,0.0,0.0,0.0,1.0,0.0,1.0,0.0,0.0,0.0,0.0,0.0,0.0,0.0,0.0,0.0,0.0,0.0,0.0,316.21112,107.940155,60.25161,6.725902,5.971359,30.93372,5.775352,7.9364033,32.058094,20.207985,25.06002,29.124317,4.0386887,5.3039007,1.8365086,42.713566,88.27615,70.06126,-93.52184,-95.235794,62.01693,0.4491186,0.5271921,3.820233,1.6295732,2.3993173,138.5961,669.2395,4.5490785,2.5913737,0.0,0.0,1.0,0.0,0.0,0.0,0.0
39.544243,0.41297206,22.219854,5.0034294,-1.4720459,1.6520683,0.09233405,0.050779,-0.0009510017,-0.049326625,-23162.404,-0.029730877,5332.5,-0.00021096387,-22455.9,-0.018193759,96819.12,446493.9,-1826972.9,225321.67,28081.652,296.28796,124.11231,158.6462,261.18967,104.516426,119.0024,133.59337,235.41098,6.3143635,160.35052,57.46958,0.0,154.79793,-1.1723471,104.45271,24.681349,0.0,1.0,11.306111,18.665468,-167.46907,1.0,1.5970787,1.0,0.0,0.0,0.0,1.0,1.0,0.0,1.0,0.0,1.0,0.0,0.0,0.0,0.0,0.0,0.0,1.0,1.0,0.0,0.0,1.0,0.0,0.0,0.0,0.0,0.0,1.0,0.0,1.0,1.0,0.0,0.0,0.0,0.0,0.0,1.0,0.0,1.0,0.0,0.0,1.0,0.0,0.0,0.0,0.0,0.0,0.0,0.0,0.0,0.0,1366.0315,159.40053,88.75102,5.4104166,11.020095,40.20655,6.2378473,6.158752,39.291798,21.600527,34.632034,47.587883,7.594507,9.018988,2.8899434,42.15233,545.61664,388.92215,4.696237,-64.43171,128.1403,1.6010175,2.4226964,6.3173175,1.3105204,2.385244,-36.978184,1550.2386,7.691569,3.4123912,0.0,0.0,1.0,0.0,1.0,0.0,0.0
73.699036,1.7281686,35.094193,12.337304,2.2658424,1.8604344,0.14155267,0.09115042,0.013475084,0.05332584,20060.6,-0.00852783,3194.8535,0.0015702076,-10977.748,0.0076297787,72743.5,313259.62,-750896.56,174899.47,14068.868,136.14441,54.117653,65.32348,108.30479,43.110443,29.308788,59.083454,105.56625,8.445157,158.25084,94.34811,0.0,63.42398,0.6320667,73.21168,37.992386,0.0,0.0,12.26796,114.255264,-64.47417,2.0,2.0184865,0.0,0.0,0.0,0.0,1.0,1.0,0.0,1.0,0.0,1.0,0.0,1.0,0.0,0.0,0.0,0.0,0.0,0.0,0.0,0.0,1.0,0.0,0.0,0.0,0.0,0.0,0.0,0.0,1.0,1.0,0.0,1.0,0.0,0.0,0.0,0.0,0.0,1.0,0.0,0.0,1.0,0.0,0.0,0.0,0.0,0.0,0.0,0.0,0.0,0.0,495.59317,140.72983,84.55506,12.350498,12.940093,24.663322,11.1717205,9.605745,26.254036,18.329569,24.582739,28.678314,4.654217,5.8126345,3.1462924,36.41751,189.50583,136.90073,-58.615902,-75.31254,59.383774,1.0038383,1.2693998,2.218316,1.4352564,2.272452,18.00064,470.342,4.650244,-0.12180633,0.0,0.0,0.0,0.0,0.0,0.0,1.0
80.24526,0.8850588,41.61373,16.507633,4.6538653,1.9372569,0.12259224,0.12914811,0.014513366,0.039109085,10414.214,-0.0010516106,1082.3251,0.015460741,1276.3331,-0.026337566,112462.58,323681.75,-339847.22,322388.78,24612.432,116.69173,49.561737,101.6615,26.552725,13.993725,40.57207,50.42399,84.53733,2.8441195,162.15309,81.00617,0.0,54.578545,3.425028,52.60298,31.184479,1.0,0.0,12.994995,123.4252,113.51247,1.0,1.891457,0.0,0.0,1.0,0.0,1.0,1.0,0.0,0.0,0.0,1.0,0.0,1.0,0.0,0.0,0.0,0.0,0.0,0.0,0.0,0.0,1.0,0.0,0.0,0.0,1.0,0.0,0.0,0.0,0.0,1.0,0.0,0.0,1.0,0.0,1.0,1.0,0.0,0.0,0.0,0.0,0.0,0.0,0.0,0.0,0.0,0.0,0.0,0.0,0.0,0.0,367.52814,153.13531,94.14989,7.6963224,8.724329,20.932322,6.6010995,4.681432,19.890514,12.607717,10.330014,11.5499935,4.5608892,5.752634,4.2238455,33.95479,176.8577,129.25908,37.56937,-5.1477957,50.589584,0.46894282,0.56430393,1.8310919,1.8973174,1.5710707,169.03864,91.7312,4.0431824,2.60584,0.0,0.0,0.0,1.0,0.0,1.0,0.0
59.597767,4.9929895,20.879559,13.728071,3.0662632,0.63360757,0.1437789,-0.08216535,-0.048173163,-0.0025075597,53861.91,0.01552233,2713.112,0.018435564,55220.58,0.01291812,163626.36,191235.34,160845.83,205909.45,63571.336,166.67969,64.33565,132.2486,92.860344,36.315784,27.279188,25.605104,82.263504,3.0692775,150.05685,110.93815,0.0,20.486618,-0.56897074,63.770393,45.718594,1.0,0.0,10.808826,168.78125,285.6434,1.0,2.136144,1.0,0.0,0.0,0.0,0.0,1.0,0.0,0.0,0.0,1.0,1.0,0.0,0.0,0.0,0.0,0.0,0.0,0.0,0.0,0.0,1.0,0.0,0.0,0.0,0.0,0.0,0.0,0.0,0.0,0.0,1.0,1.0,0.0,0.0,0.0,1.0,0.0,0.0,0.0,0.0,0.0,0.0,0.0,0.0,0.0,0.0,0.0,0.0,0.0,0.0,-418.12347,125.853424,55.362564,7.730525,7.182216,17.92083,7.2412972,7.278369,14.56273,10.499289,14.6643,14.258477,4.432308,5.6594005,6.331506,40.210655,266.2771,169.08173,81.90745,6.3613663,43.47096,0.8711996,0.98725945,2.9930758,0.40155056,1.3571113,-19.31242,771.36505,4.697801,2.2005503,0.0,0.0,1.0,0.0,1.0,0.0,0.0
80.522514,6.9996376,24.407232,2.6724236,2.3333848,1.5604124,0.17074788,0.17963943,0.036322135,0.076978564,2823.1897,0.02337644,940.64374,0.03200643,-42472.99,0.04596327,54279.62,325903.03,413702.75,134491.3,96517.01,65.6976,16.971783,77.66113,42.145294,11.111568,7.5633802,-9.583947,22.374037,6.6103325,157.4448,62.973614,0.0,-16.474922,-0.7846858,60.405403,27.781809,0.0,1.0,13.285683,161.22357,89.77643,3.0,1.6701674,0.0,0.0,1.0,0.0,0.0,1.0,0.0,1.0,0.0,1.0,1.0,1.0,0.0,0.0,0.0,0.0,0.0,1.0,0.0,0.0,0.0,0.0,1.0,0.0,0.0,0.0,0.0,0.0,0.0,0.0,1.0,1.0,0.0,0.0,1.0,0.0,0.0,0.0,0.0,1.0,1.0,0.0,0.0,0.0,0.0,0.0,0.0,0.0,0.0,0.0,251.30957,110.45827,62.982563,9.750801,11.136052,33.47107,10.60659,7.2437215,29.950209,16.610516,19.3911,21.910364,2.1491182,3.6790912,2.1446686,52.497475,21.586145,-31.105988,25.46556,-25.537209,36.822037,0.8923362,1.0142766,2.2923684,1.5972519,1.4010935,97.212135,256.35104,3.7665024,1.1899965,1.0,1.0,0.0,0.0,0.0,0.0,0.0
85.912766,5.136393,35.15052,2.0375364,4.249224,1.0755166,0.070337355,0.09139569,-0.03320931,0.00850743,6106.333,0.028797165,3703.7917,0.009290297,40344.375,0.03925501,30728.455,433129.66,446391.66,227741.61,101791.984,106.4847,60.942352,145.88911,44.122116,31.340324,34.25962,4.584547,36.71908,-0.6821474,161.55533,37.700756,0.0,-2.5694535,2.5956933,41.122128,17.79495,1.0,0.0,12.412869,96.362816,-38.148533,1.0,1.3795495,1.0,0.0,0.0,0.0,0.0,1.0,0.0,0.0,1.0,0.0,0.0,0.0,0.0,0.0,0.0,1.0,0.0,0.0,0.0,0.0,0.0,0.0,1.0,1.0,0.0,0.0,0.0,1.0,0.0,0.0,0.0,0.0,0.0,0.0,0.0,0.0,0.0,0.0,0.0,0.0,0.0,0.0,0.0,0.0,0.0,0.0,0.0,0.0,0.0,0.0,-201.29684,101.41137,67.9254,1.0143175,4.303791,24.06698,2.6374707,0.3305962,18.26978,8.776343,4.097321,3.8172102,3.7941191,4.9936786,3.5966117,42.47356,173.41652,117.81693,146.64412,75.127625,64.175514,0.8426904,0.9258606,1.8476424,0.7415124,1.4966592,337.633,349.21417,3.6004095,1.7325615,0.0,1.0,0.0,0.0,0.0,1.0,0.0
44.973137,0.6383043,46.814587,23.369564,5.002953,1.1354256,0.12334084,0.024629321,-0.003987564,-0.0049078497,69732.79,-0.019909305,2755.409,0.013415404,115518.89,-0.06331499,40456.434,-245941.58,-2440478.5,86575.16,-55866.344,211.0991,84.865845,135.73036,154.06247,65.39972,77.8626,41.91036,99.09745,4.800491,157.97505,100.4072,0.0,42.45854,-5.1343555,65.24485,39.070675,0.0,0.0,16.547503,190.43842,12.374766,1.0,2.0668204,1.0,0.0,1.0,0.0,0.0,1.0,0.0,0.0,0.0,1.0,1.0,1.0,0.0,0.0,0.0,0.0,0.0,1.0,0.0,0.0,1.0,0.0,0.0,0.0,0.0,0.0,0.0,0.0,0.0,0.0,0.0,1.0,0.0,1.0,0.0,1.0,0.0,0.0,0.0,0.0,1.0,0.0,0.0,0.0,0.0,0.0,0.0,0.0,0.0,0.0,-8.008093,131.77158,67.773926,8.84115,8.987263,10.469464,8.518323,6.889132,11.00685,8.116424,12.3322115,8.721049,6.193999,7.01994,3.9128697,17.305162,369.7673,284.0759,9.880046,-32.558342,52.16593,0.9219504,1.31654,1.9855678,1.3059552,-0.294079,140.93398,464.70575,4.7023535,1.9537578,0.0,0.0,1.0,0.0,1.0,0.0,0.0
87.810715,4.071537,31.267519,7.8686905,3.6652932,0.08782222,0.09275788,0.051634215,0.004049184,0.006933604,3353.6958,0.0015131942,1517.4174,0.041432228,-22678.146,-0.004501254,102356.6,-102011.75,-1371560.8,240225.05,66011.49,103.4985,49.238968,142.66573,50.596138,27.379646,103.835335,-20.488482,14.722672,9.679501,157.94716,84.61456,0.0,-30.70265,0.37982082,52.11377,34.887688,0.0,0.0,10.65883,128.67665,132.6241,2.0,1.8986679,1.0,0.0,1.0,0.0,1.0,0.0,0.0,1.0,0.0,0.0,1.0,1.0,1.0,1.0,0.0,0.0,0.0,0.0,0.0,0.0,0.0,0.0,1.0,0.0,0.0,0.0,0.0,0.0,0.0,1.0,0.0,0.0,1.0,0.0,0.0,0.0,0.0,0.0,0.0,0.0,0.0,0.0,0.0,0.0,0.0,0.0,0.0,0.0,0.0,0.0,132.92633,104.355446,53.139423,11.630019,13.475755,38.643536,13.521385,8.908068,36.787254,20.161442,11.718796,12.494896,3.1940913,4.5792475,6.62398,56.220894,134.44688,54.775307,107.91499,36.026646,70.01461,0.81231964,0.94549584,1.8799136,2.2643778,-0.0373337,138.75311,438.1273,3.1059384,2.9712956,0.0,1.0,0.0,0.0,0.0,0.0,1.0
67.30187,4.587784,40.130157,12.835978,2.3080006,-0.11450811,0.10285358,-0.13846591,-0.02239243,0.02280519,58207.62,-1.2455465e-05,24036.71,0.017091287,358058.78,-0.017258503,-44563.133,256245.47,-2410665.2,321942.6,54032.176,115.67829,83.045715,155.27342,98.24336,67.82764,86.95951,-9.33791,63.625496,6.5674143,160.9564,141.29483,0.0,-22.19966,-0.9427655,64.282394,55.081833,0.0,0.0,11.301647,259.6039,-131.4932,2.0,2.5490918,0.0,0.0,0.0,0.0,0.0,1.0,0.0,0.0,0.0,1.0,0.0,0.0,0.0,0.0,0.0,0.0,0.0,1.0,0.0,0.0,0.0,0.0,0.0,0.0,0.0,0.0,1.0,0.0,1.0,0.0,1.0,0.0,0.0,0.0,1.0,0.0,0.0,1.0,0.0,1.0,1.0,0.0,0.0,0.0,0.0,0.0,0.0,0.0,1.0,0.0,-335.23584,124.88574,57.08106,7.1552467,9.571259,24.471664,5.6479554,3.1973743,20.401821,15.78086,20.424322,22.045555,2.0571165,4.2781706,6.339438,77.64574,186.05139,65.79813,109.87659,0.66831845,131.75935,1.2583622,1.995888,3.540335,2.1156387,1.6024024,-89.34315,359.45303,5.0982337,0.3478908,0.0,1.0,0.0,0.0,0.0,1.0,0.0
62.22067,3.1146846,40.05835,15.26498,4.6166167,0.5206233,0.1439852,0.104916744,0.061898615,0.057189208,27635.818,0.006868153,8908.067,0.051336408,86772.69,-0.0061246543,88382.8,-206482.44,-1595605.5,270647.75,66064.82,80.84853,53.220985,120.63717,27.706951,30.571493,53.82664,-26.321388,5.7185354,4.118959,171.7037,112.02438,0.0,-36.968395,-0.29498586,56.688324,39.223183,1.0,0.0,14.715208,117.11872,69.171524,2.0,2.2968726,0.0,0.0,1.0,0.0,0.0,1.0,0.0,1.0,0.0,1.0,1.0,0.0,0.0,1.0,0.0,0.0,0.0,0.0,0.0,0.0,0.0,0.0,0.0,0.0,0.0,0.0,0.0,0.0,0.0,0.0,0.0,0.0,1.0,0.0,1.0,1.0,0.0,0.0,0.0,1.0,1.0,0.0,0.0,0.0,0.0,0.0,0.0,0.0,0.0,0.0,-1032.5894,137.64404,70.17322,7.678548,8.496011,42.591354,7.9612136,6.792076,38.63453,18.78873,11.111316,11.369292,2.2578676,4.015976,5.875141,65.43217,106.692795,22.039122,86.53808,14.273743,60.05439,0.75213826,0.9690401,2.2837138,1.3979279,0.40786764,226.44124,425.52625,2.9948401,2.2083285,1.0,0.0,0.0,1.0,0.0,1.0,0.0
69.196365,0.7268436,45.67887,10.921415,4.524203,1.4472698,0.115353994,0.17696553,0.061107434,0.056201003,27926.617,-0.004196572,2161.2175,0.012634184,4202.2905,0.019559445,-35316.9,-82617.08,-1876521.2,118077.14,21302.135,124.889534,65.609406,89.753365,69.29438,41.840145,37.925854,19.450592,61.346806,1.45091,154.77345,59.67033,0.0,17.080177,-3.4495313,58.498947,27.133305,0.0,0.0,14.460378,197.64514,36.131096,1.0,1.5932811,0.0,0.0,0.0,0.0,0.0,1.0,0.0,1.0,0.0,1.0,1.0,1.0,0.0,1.0,0.0,0.0,1.0,1.0,0.0,0.0,1.0,0.0,0.0,0.0,0.0,0.0,0.0,0.0,1.0,0.0,1.0,0.0,0.0,0.0,0.0,1.0,1.0,1.0,0.0,1.0,1.0,0.0,0.0,0.0,0.0,0.0,0.0,0.0,0.0,0.0,169.26207,119.41552,73.886215,3.0894926,3.3022084,27.54527,3.8581152,4.3682795,28.354366,13.976442,8.9212055,7.8029804,4.7242775,5.761726,2.0944505,28.35601,208.6601,157.71683,-17.852343,-34.69142,52.139545,0.8273471,0.92179173,2.2536936,1.1983271,0.7439754,400.37683,294.46713,4.0062556,1.7662127,0.0,0.0,1.0,0.0,0.0,0.0,1.0
77.55897,23.337505,69.95267,4.2249227,10.867214,0.13132297,-0.10118065,0.09426013,-0.08075252,-0.13513033,77543.766,0.0006809902,13438.075,-0.007954326,269651.6,-0.13120155,190654.0,185170.03,1329520.9,42125.184,70382.945,180.59737,52.638996,189.45865,186.48698,59.842915,88.147484,-3.1611,31.312063,6.174659,217.5572,232.10101,1.0,4.0674796,8.900572,-13.275538,64.02073,0.0,0.0,10.934983,75.1899,42.80834,1.0,3.8800337,1.0,0.0,0.0,0.0,0.0,1.0,0.0,0.0,1.0,0.0,0.0,0.0,0.0,0.0,1.0,0.0,0.0,0.0,0.0,1.0,0.0,1.0,0.0,0.0,0.0,0.0,0.0,0.0,0.0,0.0,0.0,0.0,0.0,0.0,0.0,0.0,0.0,0.0,0.0,1.0,0.0,0.0,0.0,0.0,0.0,0.0,0.0,0.0,0.0,0.0,-430.43008,80.14255,75.33311,13.092118,14.406583,20.106323,13.088313,4.2197747,18.557144,14.63977,7.0719047,-0.5938309,3.3731217,4.2724667,9.306844,58.618248,240.55025,163.98044,185.25513,75.56493,77.76646,1.3306309,1.4264115,-1.2417299,1.0788639,2.1565347,-58.18346,325.63443,3.3327043,-3.0419586,0.0,1.0,0.0,0.0,0.0,0.0,1.0
28.32374,-9.008742,7.588884,14.922881,-2.3005204,4.32426,0.21549639,0.7209785,0.27107915,0.23818901,108841.25,-0.05023098,10389.304,-0.03984801,285751.03,-0.030509885,136859.67,419509.03,-236796.11,204734.36,11219.61,227.94179,67.102264,83.38829,174.90344,55.3474,70.0625,202.27376,283.16687,20.884987,149.807,131.25421,0.0,233.5122,-7.0339074,62.38388,55.0137,0.0,1.0,24.37487,-65.46545,-193.83472,1.0,2.3386917,1.0,0.0,0.0,0.0,0.0,0.0,0.0,0.0,0.0,1.0,0.0,0.0,0.0,0.0,0.0,0.0,0.0,0.0,0.0,1.0,1.0,0.0,0.0,0.0,0.0,0.0,0.0,0.0,0.0,0.0,0.0,0.0,0.0,0.0,0.0,1.0,0.0,1.0,0.0,0.0,1.0,0.0,0.0,0.0,0.0,0.0,0.0,0.0,0.0,0.0,-1721.0265,246.18983,156.62198,23.614735,28.502684,111.597565,27.436726,19.91483,114.12555,60.07083,59.79496,75.83824,6.8382344,8.550889,-2.1319656,46.12595,389.66116,330.4161,-127.07893,-113.744774,90.3005,0.8895119,1.518427,3.3548903,-1.4344895,3.4738507,835.7668,2085.5703,8.760517,1.5946074,0.0,0.0,1.0,0.0,1.0,0.0,0.0
55.04647,0.36876655,48.888874,7.9281054,4.7807302,2.0487084,0.15996422,0.2039202,0.043083828,0.10508975,-30147.523,0.03266922,-131.65196,0.019788008,-89959.33,0.22075124,25372.918,32417.297,-360022.62,239033.39,131232.78,112.99064,25.249474,122.626755,125.0537,33.459415,15.218705,26.974667,88.18121,-1.0508031,149.0184,54.11144,0.0,23.625874,0.96230274,71.380875,27.681297,0.0,0.0,14.640996,79.48999,-100.31697,1.0,1.5185071,1.0,0.0,0.0,0.0,1.0,1.0,0.0,0.0,0.0,0.0,0.0,0.0,0.0,0.0,0.0,1.0,0.0,1.0,0.0,0.0,0.0,0.0,0.0,0.0,0.0,0.0,0.0,0.0,0.0,1.0,0.0,0.0,0.0,0.0,0.0,0.0,0.0,0.0,0.0,1.0,1.0,0.0,0.0,0.0,0.0,0.0,0.0,0.0,0.0,0.0,504.3637,173.57965,101.18757,-1.1025709,0.5468672,39.9449,-1.6682914,-1.5921898,37.356567,12.680534,4.543135,2.4892507,1.6913906,3.883462,3.4848542,70.88465,93.070885,1.2824014,74.85389,9.433249,77.26927,1.5168028,1.7465959,2.2175872,1.5269916,1.1839654,328.475,802.6014,4.604622,-0.14226338,0.0,1.0,0.0,0.0,0.0,0.0,1.0
66.22251,-1.6101891,24.544184,12.673541,0.6059486,0.62729335,0.14928573,0.07364644,0.037665874,0.109745406,21458.598,0.001480842,-1990.3827,0.038649645,30929.293,-0.0083165,111673.93,45727.195,-2201550.0,141584.4,30067.504,147.77551,42.583126,109.49356,83.892975,18.789608,67.6976,97.44037,140.78644,0.30455777,144.35178,68.25627,0.0,110.55045,-5.102026,57.759777,34.63015,1.0,0.0,14.044413,56.575695,94.51037,1.0,1.623805,1.0,0.0,0.0,0.0,0.0,0.0,0.0,1.0,0.0,1.0,1.0,0.0,0.0,0.0,1.0,0.0,0.0,0.0,1.0,1.0,1.0,0.0,0.0,0.0,0.0,0.0,0.0,0.0,1.0,0.0,0.0,0.0,0.0,0.0,0.0,0.0,0.0,0.0,0.0,0.0,0.0,0.0,0.0,0.0,0.0,0.0,0.0,0.0,0.0,0.0,1568.8702,126.79968,59.298813,5.3214993,5.12535,52.34615,7.3010297,3.824388,47.8881,24.92912,26.286047,31.56418,4.6578956,6.153256,4.0542374,51.989193,202.49828,138.94237,36.0389,-6.8102546,39.96968,0.62684435,0.80470896,2.2340314,-0.37343156,0.7414149,78.56043,1188.2692,5.2146277,-1.1167568,1.0,0.0,1.0,0.0,1.0,0.0,0.0
94.17392,4.016093,49.7654,13.928881,4.1632957,0.64641833,0.0820349,0.023628697,-0.0189949,0.002355637,41774.082,-0.0017681314,5343.3945,-0.029030003,124024.66,0.012794632,119774.35,118491.586,185933.31,325732.5,104891.54,148.70808,43.422943,139.29874,83.96585,20.127514,41.21733,79.7673,135.31387,-6.071163,160.53685,143.84398,0.0,88.964935,3.6249213,31.101074,53.317783,1.0,0.0,8.566987,123.150856,136.07791,2.0,2.5683146,1.0,0.0,0.0,0.0,0.0,0.0,0.0,0.0,0.0,0.0,1.0,1.0,0.0,0.0,1.0,0.0,0.0,0.0,0.0,1.0,0.0,0.0,0.0,0.0,0.0,0.0,0.0,0.0,1.0,0.0,0.0,0.0,0.0,0.0,0.0,0.0,0.0,1.0,0.0,0.0,0.0,0.0,0.0,0.0,0.0,0.0,0.0,0.0,0.0,0.0,-199.03017,138.84315,79.03553,1.8746508,1.752698,28.692345,1.7166499,1.3736962,26.230333,15.850762,17.486744,24.658049,4.578598,6.276086,8.851001,56.984364,211.35434,135.55432,121.781006,68.503,28.794598,0.6614288,0.75897944,2.781958,0.45376736,4.1659956,-84.12904,656.7525,4.657514,1.6141535,0.0,0.0,0.0,0.0,0.0,1.0,0.0
75.865234,3.8123848,28.195168,6.33017,3.6006565,0.5255149,0.11313021,0.06555714,0.022414777,0.03513586,29393.658,0.008010816,4087.0056,0.020999137,52763.684,0.004398014,67438.66,-76373.98,-452264.0,221893.94,40249.207,77.40524,39.066807,137.60474,29.275406,20.639782,82.7825,-12.3481,18.359434,11.993267,162.9788,71.90753,0.0,-21.411564,0.7237447,56.36963,28.094553,0.0,0.0,11.273345,152.27377,122.01332,1.0,1.7920674,0.0,0.0,0.0,0.0,0.0,1.0,0.0,1.0,0.0,1.0,0.0,0.0,0.0,1.0,0.0,0.0,0.0,0.0,0.0,0.0,0.0,0.0,0.0,0.0,0.0,0.0,0.0,0.0,1.0,0.0,0.0,1.0,1.0,0.0,0.0,1.0,0.0,0.0,0.0,0.0,0.0,0.0,0.0,0.0,0.0,0.0,0.0,0.0,0.0,0.0,-182.54845,111.34244,63.330914,14.40575,15.594163,33.537224,14.627439,10.2985,29.406424,16.747883,11.075956,10.086677,2.5821936,4.213943,4.9359803,56.140007,80.59986,24.907486,112.40948,48.689293,56.850338,0.68598264,0.78473806,1.0276101,1.4299663,0.7385739,234.26411,163.93842,3.0278466,2.0602834,0.0,0.0,1.0,0.0,0.0,0.0,1.0
76.77127,2.743241,31.103949,5.4867477,3.561799,1.535363,0.17138757,0.17516991,0.038715143,0.09362851,-2804.8037,0.012283484,2790.5142,0.027753435,43536.254,0.05410174,44427.324,-194789.44,244072.95,214019.34,99657.21,72.116325,19.892551,82.325096,50.122192,14.784997,-1.3650668,-0.091981106,31.467396,6.1833024,154.84647,59.406437,0.0,-7.130349,1.5553402,59.610615,27.43311,1.0,0.0,10.417919,127.059715,-22.082579,2.0,1.5938982,1.0,0.0,0.0,0.0,0.0,0.0,0.0,0.0,1.0,0.0,0.0,0.0,1.0,0.0,0.0,1.0,0.0,0.0,0.0,1.0,0.0,0.0,0.0,0.0,0.0,0.0,0.0,0.0,0.0,0.0,0.0,0.0,0.0,0.0,0.0,0.0,0.0,0.0,0.0,1.0,1.0,0.0,0.0,0.0,0.0,0.0,0.0,0.0,0.0,0.0,-410.28754,141.02678,81.22409,6.5530324,9.350406,30.92893,6.521848,6.549091,29.570103,14.925753,9.377367,9.064276,2.5934718,4.1979265,4.7666945,59.86308,38.13781,-16.51855,33.750874,-12.949607,61.46276,0.9496941,1.0300921,2.5821395,1.7252653,1.2333261,214.92671,674.6235,3.0560975,1.3221368,0.0,1.0,0.0,0.0,0.0,0.0,1.0
76.42433,-0.4634022,35.757534,7.871894,1.6624701,0.164219,0.1146171,-0.054222826,-0.0039128773,0.03774983,7916.434,0.0012379374,4024.5144,0.030070843,58338.46,0.009514003,76170.9,-208379.45,-866087.75,299701.56,105424.14,120.341606,47.10979,143.25458,93.89862,38.222885,73.58442,-6.4102197,52.579716,7.2614045,160.90694,76.21791,0.0,-15.480349,-0.8728562,72.9105,30.545368,1.0,0.0,9.201044,148.95114,154.78038,2.0,1.8210732,1.0,0.0,0.0,0.0,0.0,0.0,0.0,1.0,0.0,1.0,0.0,1.0,0.0,1.0,0.0,0.0,0.0,0.0,0.0,0.0,0.0,0.0,0.0,0.0,0.0,0.0,0.0,0.0,1.0,0.0,0.0,0.0,0.0,0.0,0.0,0.0,0.0,0.0,0.0,0.0,0.0,0.0,0.0,0.0,0.0,0.0,0.0,0.0,0.0,0.0,416.46906,148.11107,71.672554,8.242472,8.976155,37.79878,10.101245,6.6496887,36.326607,20.149921,17.742062,22.21258,2.5332074,4.7687426,7.045435,73.03981,160.08548,53.350033,119.69521,25.149769,76.91952,1.0908116,1.2170159,1.8183961,0.86580503,0.6381748,106.47008,724.47894,4.29688,2.4907377,0.0,1.0,0.0,0.0,0.0,0.0,1.0
74.96898,-3.4046202,69.876785,18.312561,4.8381777,0.7916007,0.075695984,-0.10603244,-0.055400934,0.024594588,417.0839,-0.0057384428,8374.981,0.00024821234,57966.766,-0.0026229485,62439.1,-347161.72,-3084506.0,277182.16,54923.105,146.15538,80.84008,103.77821,122.37874,66.16508,21.238876,-0.9810169,59.9891,-11.374125,156.15198,57.42525,0.0,-9.244385,0.22279248,55.71703,26.984573,1.0,0.0,11.874957,174.94516,12.164937,2.0,1.5681877,0.0,0.0,0.0,0.0,0.0,1.0,0.0,0.0,0.0,1.0,0.0,0.0,0.0,0.0,0.0,0.0,0.0,1.0,0.0,0.0,0.0,0.0,0.0,0.0,0.0,0.0,0.0,0.0,0.0,0.0,0.0,0.0,0.0,0.0,0.0,0.0,0.0,0.0,0.0,1.0,1.0,0.0,0.0,0.0,0.0,0.0,0.0,0.0,0.0,0.0,730.2283,141.13731,80.7436,-10.230939,-10.220431,5.6072826,-11.856425,-9.268183,5.2016225,3.1996784,2.9175792,5.3283463,3.8887134,5.666931,5.433403,55.674698,241.74068,135.62753,33.496246,-25.325218,72.42491,1.2950689,1.5752908,4.779419,2.0121157,2.0764983,1.6837308,568.2839,4.318836,0.55239415,0.0,0.0,0.0,0.0,0.0,0.0,1.0
71.03116,5.2971897,25.843433,0.87257594,2.3343534,0.5959447,0.1427786,0.04543841,0.056430876,0.09117567,-12127.686,0.00359874,269.79282,0.029793788,-34431.645,0.03912478,56987.035,116082.84,-278084.8,204755.72,50967.203,87.84676,26.487202,112.4534,40.436935,10.603574,71.788666,15.882881,58.918808,10.194107,159.75577,78.9636,0.0,10.90347,0.52571297,65.79027,31.062056,1.0,0.0,10.303692,119.93302,157.1496,2.0,1.8694152,1.0,0.0,0.0,0.0,1.0,1.0,0.0,1.0,0.0,1.0,1.0,1.0,0.0,1.0,0.0,0.0,0.0,0.0,0.0,0.0,0.0,0.0,0.0,0.0,0.0,0.0,0.0,0.0,1.0,1.0,0.0,0.0,1.0,0.0,0.0,1.0,0.0,0.0,0.0,0.0,0.0,0.0,0.0,0.0,0.0,0.0,0.0,0.0,0.0,0.0,854.8813,127.2417,64.39451,12.872929,14.558243,37.71893,12.432798,8.420792,32.43413,15.933334,19.58939,23.713839,2.680217,4.351367,5.034205,54.486168,71.19458,7.500647,56.613506,-7.4340534,78.46798,0.73702985,0.8595443,1.1465287,1.2712778,0.84091717,57.946014,432.33368,4.0911875,3.7103784,0.0,0.0,1.0,0.0,0.0,1.0,0.0
82.21262,5.284915,48.581512,11.821655,5.5676317,0.93987405,0.03924021,0.1960509,-0.04063705,-0.0805366,55189.207,0.0074066254,8469.2705,0.013948561,151993.89,-0.047145452,63020.793,240127.7,-303717.62,272345.56,57936.727,118.99074,48.879475,190.06615,67.833916,30.772865,103.35098,14.776067,41.239056,2.2635102,179.20164,108.290474,0.0,15.780838,1.7355988,24.421661,34.55162,1.0,0.0,14.669266,106.002884,54.256462,1.0,2.2796607,1.0,0.0,0.0,0.0,0.0,0.0,0.0,0.0,0.0,0.0,0.0,0.0,0.0,0.0,0.0,0.0,0.0,0.0,0.0,0.0,0.0,0.0,0.0,0.0,0.0,0.0,0.0,0.0,1.0,0.0,0.0,0.0,0.0,0.0,0.0,0.0,0.0,0.0,0.0,0.0,0.0,0.0,0.0,0.0,0.0,0.0,0.0,0.0,0.0,0.0,-258.31296,135.54709,90.46058,10.496824,11.011993,40.423588,9.859059,5.719314,33.92703,19.680891,11.536283,10.90389,3.3234005,4.6491103,5.452144,53.239635,164.16713,104.299324,207.90837,130.57474,44.85541,0.7018543,0.85005414,0.89389175,1.0399272,1.9201233,289.4505,486.60532,3.3564317,4.0786552,0.0,1.0,0.0,0.0,0.0,0.0,1.0
72.415245,3.7458584,55.688698,7.4475613,4.209902,0.88211787,0.11866011,0.009022547,-0.006721798,-0.012809947,22208.385,0.00069610955,4290.206,0.017634848,2884.9297,-0.0011803898,70191.46,54653.44,-1431082.2,303610.1,55191.56,111.76074,58.428345,112.67878,50.252945,32.765694,45.70652,12.779817,56.1683,2.3431625,164.07034,71.46826,0.0,9.631509,0.15068564,70.73083,28.450039,0.0,0.0,12.0247755,139.57893,125.58988,0.0,1.7924466,0.0,0.0,1.0,0.0,0.0,0.0,0.0,0.0,0.0,0.0,1.0,1.0,0.0,0.0,0.0,0.0,0.0,0.0,0.0,0.0,0.0,0.0,0.0,0.0,0.0,0.0,0.0,0.0,0.0,0.0,0.0,1.0,1.0,0.0,0.0,0.0,0.0,0.0,0.0,0.0,0.0,0.0,0.0,0.0,0.0,0.0,0.0,0.0,0.0,0.0,-858.6538,124.8032,67.99759,5.1000466,4.588934,20.608326,3.2665954,4.5576344,16.631237,6.9004107,9.577658,9.586624,4.2135463,5.7193513,5.810907,42.160885,160.56639,89.04709,52.84013,-6.0050893,64.36922,0.59427524,0.81736135,2.5779786,1.1753058,0.99988776,26.186195,340.93634,3.9751837,0.12904352,0.0,0.0,1.0,1.0,0.0,0.0,0.0
73.23271,9.636346,23.811428,5.4884634,4.383805,0.8183058,0.10686306,0.03634296,-0.046951346,-0.025272362,19663.918,0.014712493,1866.956,0.009974367,-8084.9414,0.010372467,100143.35,521322.7,555049.3,163712.78,36549.637,125.00628,57.858395,136.14514,53.73632,27.336283,52.042202,21.472742,55.802017,1.453975,160.83803,92.328606,0.0,17.812906,3.0348122,44.95604,35.288677,1.0,0.0,10.363599,147.13165,214.07481,3.0,2.0135741,0.0,0.0,0.0,0.0,1.0,1.0,0.0,1.0,0.0,1.0,1.0,0.0,0.0,0.0,0.0,0.0,0.0,0.0,0.0,0.0,0.0,0.0,1.0,0.0,0.0,0.0,0.0,0.0,1.0,0.0,0.0,1.0,1.0,0.0,1.0,1.0,0.0,0.0,0.0,0.0,0.0,0.0,0.0,0.0,0.0,0.0,0.0,0.0,0.0,0.0,188.20274,97.954025,56.188362,8.508905,10.210431,14.240721,7.1220326,5.2877555,9.318436,7.1297073,8.448278,9.29855,4.0811877,4.951322,4.7808332,35.68698,185.90787,130.81003,92.582184,36.989807,55.02641,0.7296495,0.81981957,2.0125473,1.6127126,2.0964057,40.455647,225.24167,3.5653975,3.551792,0.0,0.0,1.0,0.0,0.0,1.0,0.0
71.66645,10.739594,20.500988,1.6819911,4.420377,1.0584098,0.06841882,0.19274342,0.022034332,-0.038780205,19368.678,0.009545559,-245.38727,0.012432757,-3420.503,-0.014912306,87734.914,173529.05,170485.7,131731.9,68701.37,155.32515,54.857765,163.44423,79.953064,26.590235,77.50932,26.446344,70.177986,3.3506806,160.76578,90.025826,0.0,25.99691,0.78772944,35.71432,34.730488,1.0,0.0,11.818929,128.16351,144.83324,1.0,1.9561096,1.0,0.0,0.0,0.0,0.0,1.0,0.0,0.0,0.0,1.0,1.0,1.0,0.0,0.0,0.0,0.0,0.0,0.0,0.0,0.0,1.0,0.0,0.0,0.0,1.0,0.0,0.0,0.0,1.0,0.0,0.0,0.0,1.0,0.0,0.0,1.0,0.0,0.0,0.0,0.0,0.0,0.0,0.0,0.0,0.0,0.0,0.0,0.0,0.0,0.0,436.0297,87.31625,56.611843,6.090539,8.855238,28.931335,8.125408,4.885974,25.521156,12.608482,6.556001,5.290468,4.8418,5.8951983,4.267427,39.906864,241.94159,173.00429,130.7084,65.2565,54.982754,0.6948974,0.73468924,2.6194127,1.2308077,1.0494608,153.63513,402.15695,4.0756807,1.4457659,0.0,0.0,1.0,0.0,1.0,1.0,0.0
75.793655,-0.8313464,9.414079,1.0630561,-0.1210017,0.6181493,0.17127597,0.34519178,0.22715752,0.18274222,2948.485,0.0063521485,6987.0444,0.019349325,82716.52,0.08695898,152375.05,-309647.4,-1855037.4,385436.2,252760.84,16.083977,15.429144,52.44672,10.802633,14.883341,-16.679817,40.654934,96.6577,1.9938897,142.10333,56.416912,0.0,40.047306,-1.4201908,44.077194,31.93965,0.0,0.0,13.052259,45.314438,35.163586,1.0,1.4803708,0.0,0.0,1.0,0.0,0.0,0.0,0.0,0.0,0.0,0.0,0.0,0.0,0.0,1.0,0.0,0.0,0.0,0.0,0.0,1.0,0.0,0.0,0.0,0.0,0.0,0.0,0.0,0.0,0.0,0.0,0.0,0.0,0.0,0.0,0.0,0.0,0.0,0.0,0.0,1.0,0.0,0.0,0.0,0.0,0.0,0.0,0.0,0.0,1.0,0.0,1451.4825,150.05202,76.6224,2.1240861,5.395033,91.73328,6.2524037,4.5379214,88.83536,38.64611,27.668064,35.864197,-0.43591332,2.6107094,5.246687,110.390656,-78.51639,-165.49583,15.249813,-38.389713,66.63464,1.012868,1.7061254,4.0277433,0.92803264,3.1305246,524.5205,1107.7539,4.933263,6.662874,0.0,1.0,0.0,0.0,0.0,0.0,1.0
74.41665,6.324003,21.306278,8.545903,3.0918941,0.6532143,0.07622825,-0.016805017,-0.0427458,-0.026492815,-14628.569,0.009192176,-884.1568,0.008296422,-12150.771,-0.004635054,102435.66,186837.53,-20251.803,160114.03,80437.695,192.7956,64.15036,159.15292,133.83205,40.55664,73.51185,42.199184,88.52911,-0.49131548,157.79906,67.605194,0.0,46.684834,3.3450942,40.78246,28.362022,1.0,1.0,7.654958,103.202736,96.164185,2.0,1.6945693,1.0,0.0,0.0,0.0,0.0,1.0,0.0,1.0,1.0,1.0,1.0,0.0,0.0,0.0,1.0,0.0,0.0,0.0,0.0,1.0,0.0,0.0,1.0,0.0,0.0,0.0,0.0,0.0,1.0,0.0,0.0,0.0,0.0,0.0,0.0,1.0,0.0,1.0,0.0,0.0,0.0,0.0,0.0,0.0,0.0,0.0,0.0,0.0,0.0,0.0,848.5139,102.18363,56.780006,2.1255748,5.9114637,18.180363,2.7266295,0.5357957,14.261631,8.768904,10.961987,13.347284,5.373253,6.4241357,5.7229624,41.544804,311.51257,230.85034,129.81177,54.59801,54.336765,1.0785118,1.1221806,2.7179632,2.28852,2.3098772,-45.52882,845.69745,4.495699,4.254696,0.0,1.0,0.0,0.0,0.0,1.0,0.0
77.8621,0.77179176,50.29622,10.965166,4.6464934,0.77034837,0.066450395,0.1513888,0.019645583,0.00300215,8167.3477,-0.002593597,5008.3784,-0.0054908283,74103.945,-0.003587128,106106.97,-306249.62,-2513246.0,283978.5,80020.21,142.82799,65.28477,149.05884,64.732735,32.402702,71.74584,28.067848,74.39451,-7.838247,160.58786,52.201344,0.0,27.479374,-0.11975279,32.661377,23.222435,1.0,1.0,12.20388,99.9692,51.27044,1.0,1.5183463,1.0,0.0,0.0,0.0,0.0,0.0,0.0,0.0,0.0,0.0,0.0,0.0,0.0,0.0,0.0,0.0,0.0,0.0,0.0,0.0,0.0,0.0,1.0,0.0,0.0,0.0,0.0,0.0,1.0,0.0,0.0,0.0,0.0,0.0,0.0,0.0,0.0,1.0,0.0,0.0,0.0,0.0,0.0,0.0,0.0,0.0,0.0,0.0,0.0,0.0,-546.225,104.19928,64.63213,-5.242462,-3.3057055,30.988245,-3.9169898,-4.792781,27.94648,12.448526,3.3158336,7.38243,4.7947936,6.310872,5.4178314,52.852818,247.13184,164.34793,124.730705,68.20698,57.955696,0.68131274,0.79533774,4.400662,1.6266384,2.5243208,259.36093,653.3633,4.1248226,2.082757,0.0,1.0,0.0,0.0,0.0,0.0,1.0
81.0091,7.520307,27.03193,1.1597185,2.259448,0.74999595,0.06497653,0.04216026,-0.0078814225,0.06026703,-142.63016,0.0030553206,245.08945,0.018967738,4514.7236,0.05661419,-13415.152,160160.94,529961.6,167616.39,50279.824,138.93349,44.94697,195.76172,93.21076,29.52587,135.33263,33.305622,86.533936,14.744173,176.91042,104.60214,0.0,37.35523,-0.050096743,63.410492,34.153263,1.0,0.0,12.637366,196.5519,90.60254,0.0,2.2427726,1.0,0.0,0.0,0.0,0.0,1.0,0.0,1.0,0.0,1.0,0.0,1.0,0.0,1.0,0.0,0.0,0.0,0.0,0.0,0.0,1.0,0.0,0.0,0.0,0.0,0.0,0.0,1.0,1.0,0.0,0.0,0.0,1.0,0.0,0.0,1.0,0.0,0.0,0.0,1.0,0.0,0.0,0.0,0.0,0.0,0.0,0.0,0.0,0.0,0.0,155.1559,113.20007,77.06819,15.986208,18.248795,33.73597,15.321442,11.681936,32.58415,21.610134,21.8028,21.443909,3.2602,5.164274,4.2876444,51.58092,191.89839,125.77301,176.6204,98.58537,45.66961,1.0143062,0.97590196,1.3961502,2.015887,1.3942628,129.15956,88.48777,4.684607,2.115222,0.0,1.0,0.0,0.0,0.0,0.0,1.0
59.167816,3.3615038,50.576317,12.05178,5.158836,1.0061253,0.1577877,0.025206722,0.038237564,0.062636666,4947.3706,0.0041635027,2796.6372,0.03025066,11815.156,-0.00038101175,88870.375,-345062.25,-2197552.2,128872.46,31855.033,80.77787,36.174522,78.02257,74.398766,33.217842,13.901092,9.927431,48.797913,1.4511557,170.81444,79.12007,1.0,7.17661,-1.2950735,80.59771,29.316534,1.0,0.0,11.569607,175.28473,137.44322,3.0,1.917202,1.0,0.0,0.0,1.0,1.0,0.0,0.0,1.0,0.0,1.0,0.0,0.0,1.0,0.0,0.0,1.0,0.0,0.0,0.0,0.0,0.0,0.0,0.0,0.0,0.0,0.0,0.0,1.0,0.0,1.0,0.0,1.0,1.0,0.0,0.0,0.0,0.0,0.0,1.0,0.0,1.0,0.0,0.0,0.0,0.0,0.0,0.0,1.0,0.0,0.0,-95.31136,121.25131,60.232376,3.1745267,2.7446544,23.262743,2.4283729,3.041823,19.97836,8.528097,7.0623856,5.278764,2.811874,4.4507008,5.072707,55.725853,64.40223,-9.68136,31.11839,-20.894844,69.122406,1.0665207,1.3089805,1.0416868,1.0328134,0.76567566,195.45107,650.124,4.113458,4.1257024,0.0,1.0,0.0,0.0,0.0,0.0,1.0
75.38678,1.0103146,25.285986,8.643838,2.3106887,0.614442,0.11905337,0.07609044,0.027709438,0.06287194,5621.2153,0.0001558344,2889.8174,0.022452112,44883.266,-0.011740579,57477.176,-214799.72,-1546649.6,116130.414,40609.18,88.24998,28.248293,106.05705,85.79315,30.888103,70.83435,-6.240749,32.204628,4.738328,152.98969,50.98072,0.0,-14.941686,-1.4459702,51.872746,25.102962,1.0,0.0,11.531764,190.5194,66.0964,1.0,1.4993334,0.0,0.0,0.0,0.0,0.0,1.0,0.0,1.0,0.0,1.0,1.0,1.0,0.0,0.0,0.0,0.0,0.0,0.0,0.0,0.0,0.0,0.0,0.0,0.0,0.0,0.0,0.0,0.0,0.0,0.0,0.0,1.0,0.0,0.0,1.0,1.0,0.0,1.0,0.0,1.0,0.0,0.0,0.0,0.0,0.0,0.0,0.0,0.0,0.0,0.0,901.32336,118.87896,67.70796,7.8532834,8.858413,36.172237,8.093284,3.429503,35.7459,20.121359,15.649035,14.806512,1.5554216,3.4388585,3.095181,73.88483,65.154236,-1.5069504,44.71509,-8.780894,70.04557,1.1558018,1.3851107,1.7895731,1.8532367,1.1950102,282.606,496.9793,3.5995219,1.510135,0.0,0.0,0.0,0.0,0.0,0.0,1.0
81.192505,4.056761,8.091716,7.708528,3.1427796,1.3454952,0.1147281,0.4119317,0.08282984,0.043857876,18640.58,-0.0031871626,-196.65486,0.010251852,39246.59,0.03209522,119167.695,307025.56,942334.8,172929.28,59000.42,129.08124,46.116592,213.69308,59.198807,20.001665,183.12125,41.61419,71.72833,18.01321,152.84764,91.08215,0.0,42.36492,3.5846088,41.41864,38.080727,0.0,0.0,11.031166,96.71393,176.455,2.0,1.9304943,0.0,0.0,1.0,0.0,1.0,1.0,0.0,1.0,1.0,1.0,0.0,1.0,0.0,1.0,0.0,0.0,0.0,0.0,0.0,0.0,0.0,0.0,0.0,0.0,0.0,0.0,0.0,0.0,0.0,0.0,0.0,0.0,1.0,0.0,0.0,1.0,0.0,0.0,0.0,0.0,0.0,0.0,0.0,0.0,0.0,0.0,0.0,0.0,0.0,0.0,473.92755,114.90452,74.42743,19.67316,26.623415,69.36679,23.791079,14.61821,70.57268,36.228325,16.557549,16.593773,3.8650627,5.1047373,3.7509017,48.84101,183.60928,137.3,192.5023,144.24802,21.430746,0.7167166,0.9340689,1.8142369,3.1237564,2.1390572,611.0601,594.6689,4.3935223,1.4407616,1.0,0.0,0.0,1.0,0.0,1.0,0.0
47.77506,-4.9622073,60.295288,22.085995,3.1178675,1.6175789,0.21449012,-0.14521852,0.005911961,0.09379851,-16558.03,0.015654825,6471.254,0.030101012,16676.71,0.2358507,77755.49,-46736.004,-470064.9,516323.2,138920.7,204.19012,49.342834,66.70444,190.37944,48.68495,-40.680508,68.05153,159.12057,6.86527,155.49417,100.41965,0.0,74.80817,1.2890517,109.81749,42.172585,0.0,0.0,11.801165,42.22384,-10.460788,2.0,2.0787156,1.0,0.0,0.0,0.0,0.0,1.0,0.0,0.0,0.0,0.0,0.0,0.0,0.0,0.0,1.0,0.0,0.0,1.0,0.0,0.0,0.0,1.0,0.0,0.0,0.0,0.0,0.0,0.0,1.0,0.0,0.0,0.0,0.0,0.0,0.0,1.0,0.0,0.0,1.0,0.0,1.0,0.0,0.0,0.0,0.0,0.0,0.0,0.0,0.0,0.0,-698.3981,228.45395,110.64607,4.5064483,4.787625,23.452715,2.4290812,2.6502547,21.315033,9.059246,19.277306,23.261423,4.197751,6.9272685,6.8935328,75.359985,294.63892,146.57654,-53.555134,-137.58128,115.05086,1.4927033,1.8342721,2.6150253,0.0010412931,0.7999974,-252.03764,778.8195,6.785768,1.1757275,0.0,1.0,0.0,0.0,0.0,1.0,0.0
67.28332,0.85033256,39.12847,9.420395,4.243889,0.2864246,0.078720175,-0.01701928,0.03977583,0.040096853,29849.979,0.0027553767,5952.0103,0.02269034,37839.945,0.03265512,121238.74,-287096.2,-2126019.8,191094.69,66758.99,98.62293,61.474648,68.52506,60.58123,43.297554,11.475511,2.3408575,48.612877,-0.74211544,150.38512,79.32892,0.0,-8.669109,-0.515636,48.91014,35.591656,1.0,0.0,13.003116,157.60452,181.64407,2.0,1.7880007,0.0,0.0,0.0,0.0,0.0,1.0,0.0,1.0,0.0,1.0,1.0,0.0,0.0,0.0,0.0,0.0,0.0,1.0,0.0,0.0,0.0,0.0,1.0,0.0,0.0,0.0,0.0,0.0,0.0,0.0,0.0,1.0,0.0,0.0,1.0,0.0,0.0,0.0,0.0,1.0,0.0,0.0,0.0,0.0,0.0,0.0,0.0,0.0,0.0,0.0,-387.12845,118.14498,65.02492,-0.0051954384,0.48100692,32.710175,0.6615969,0.9613129,29.91555,12.948193,9.542838,11.795395,2.7643774,4.522103,4.7511005,59.959423,137.41325,52.671734,-17.614632,-69.8802,75.12481,1.0475005,1.2041737,2.6291156,0.2920705,1.1745383,315.69052,436.4739,4.247113,5.313879,0.0,0.0,1.0,0.0,0.0,0.0,1.0
69.384285,0.3997969,42.440506,8.105229,3.6350167,1.0364372,0.038214885,0.09777599,0.012195079,0.014678667,-15854.079,-0.003021183,5542.7695,-0.015818577,17136.94,-0.048171155,94943.99,-224878.12,-956859.6,285007.1,92670.27,119.799255,41.696785,144.66621,103.226105,36.338467,63.76909,10.054328,74.25621,-4.636917,150.88965,76.78133,0.0,3.3960226,2.4285371,31.021008,34.630234,1.0,1.0,12.092033,133.88904,44.05787,1.0,1.7497805,1.0,0.0,0.0,0.0,0.0,1.0,0.0,0.0,0.0,1.0,0.0,0.0,0.0,0.0,0.0,0.0,0.0,1.0,0.0,0.0,0.0,0.0,0.0,0.0,0.0,0.0,1.0,0.0,0.0,0.0,0.0,0.0,0.0,0.0,0.0,1.0,0.0,1.0,0.0,0.0,0.0,0.0,0.0,0.0,0.0,0.0,0.0,0.0,0.0,0.0,-354.91528,145.99338,91.12309,-2.122902,0.37340942,33.18013,-2.5505822,-5.2060566,29.571684,12.117926,10.308856,16.274124,2.2741227,4.424261,4.833227,79.933784,128.72546,23.99925,130.62218,36.64888,101.04239,1.1947739,1.51208,4.73126,2.089965,3.2922363,163.20285,882.6684,4.5815835,1.2679358,0.0,0.0,0.0,0.0,0.0,0.0,1.0
43.526577,-3.1954541,70.69686,26.194542,5.7563105,1.1904607,0.16764913,-0.35997856,-0.032852937,0.1523112,14577.806,0.06317977,4058.6663,0.016307594,17164.379,0.57686627,274439.0,-140726.39,1428797.2,599764.8,218545.86,228.29472,32.639584,88.27688,270.35925,57.503563,-70.3688,97.86573,202.41568,2.723065,162.46062,153.14293,1.0,112.90022,6.9952335,70.387215,56.357876,0.0,0.0,12.996711,-48.44091,137.73282,1.0,2.7014081,1.0,0.0,1.0,0.0,1.0,0.0,0.0,0.0,0.0,0.0,0.0,0.0,0.0,0.0,0.0,0.0,0.0,1.0,0.0,0.0,0.0,1.0,0.0,0.0,0.0,0.0,0.0,0.0,0.0,1.0,0.0,0.0,0.0,0.0,0.0,0.0,0.0,0.0,1.0,0.0,1.0,0.0,0.0,0.0,0.0,0.0,0.0,0.0,0.0,0.0,264.99536,257.5695,126.56968,2.3697412,0.066900596,27.89085,-0.7631893,-0.11626029,23.91598,5.446207,16.272171,13.055436,2.3655396,5.784483,12.50628,114.00048,277.48355,93.62417,14.492736,-115.53074,113.88451,2.1146858,2.5679336,-0.89872336,-1.9590728,1.0341772,-322.24612,1418.7063,7.1701,4.577764,0.0,1.0,0.0,0.0,0.0,0.0,0.0
82.70087,-1.0108212,59.288776,26.896706,4.836613,-0.8510994,-0.04513561,-0.31056228,-0.1337904,-0.09910173,77833.766,-0.020127974,15659.094,-0.07313297,293394.56,-0.16951032,228867.95,-199133.92,58562.86,434453.4,174926.11,260.89996,85.76315,178.96637,249.10579,82.86173,43.74536,81.004814,176.31885,-5.4385276,166.70164,196.22606,0.0,93.25253,4.25387,-2.0137131,70.869095,1.0,1.0,8.41568,115.55968,238.21765,0.0,3.1646006,1.0,0.0,0.0,0.0,0.0,0.0,0.0,0.0,0.0,0.0,0.0,0.0,0.0,0.0,1.0,0.0,0.0,0.0,0.0,0.0,0.0,0.0,0.0,0.0,0.0,0.0,0.0,0.0,1.0,0.0,0.0,0.0,0.0,0.0,0.0,1.0,0.0,0.0,0.0,0.0,0.0,0.0,0.0,0.0,0.0,0.0,0.0,0.0,0.0,0.0,-696.51605,181.86374,97.06515,-0.6895558,-1.4734445,27.712696,-0.31888926,-5.0829144,21.600769,15.06429,20.609417,25.660475,5.509467,7.6986914,12.937493,75.37157,413.65414,263.7353,187.95552,60.322815,61.824486,1.4238127,1.7888616,2.340618,-1.0287361,4.6805625,-318.4742,1393.5441,6.521751,3.2783072,0.0,1.0,0.0,0.0,0.0,1.0,0.0
21.143028,2.6648686,14.299538,7.7972174,-1.1721125,0.8175908,0.18437189,0.23775941,0.17153189,0.07016626,-21034.025,-0.01751177,8063.378,0.04202656,24559.22,0.12983938,81546.17,103740.805,-2351812.2,290391.03,98487.5,213.10252,84.96449,155.20699,209.63324,83.4708,144.97621,92.154236,200.36983,15.814337,161.17111,119.45248,0.0,101.61724,-2.2362304,114.313736,45.88219,0.0,0.0,15.739721,44.470478,-64.932976,2.0,2.3300598,0.0,0.0,1.0,0.0,0.0,1.0,0.0,0.0,0.0,1.0,0.0,1.0,0.0,0.0,0.0,0.0,0.0,1.0,0.0,0.0,0.0,0.0,1.0,0.0,0.0,0.0,1.0,0.0,1.0,1.0,0.0,0.0,0.0,0.0,1.0,1.0,0.0,1.0,0.0,0.0,1.0,0.0,0.0,0.0,0.0,0.0,0.0,0.0,0.0,0.0,-78.551125,147.4419,63.53307,12.545573,20.861656,79.1162,17.084381,11.76952,82.280495,38.64283,39.347332,50.86492,3.5896912,6.639505,3.8061836,93.348724,353.38013,182.94873,10.897741,-77.542336,127.22707,1.6317441,2.4843342,4.3249283,1.8125484,1.4548514,244.71352,1236.332,8.012074,0.51117045,0.0,1.0,0.0,0.0,1.0,0.0,0.0
71.489716,4.0754557,55.52347,9.551095,5.305491,0.57894003,0.103808425,-0.0037255683,-0.0071770856,0.0730573,-13710.967,-0.004640849,3180.7007,0.008425401,18091.045,0.031697262,21827.906,-260959.12,-2282720.5,183230.47,15509.653,101.79863,46.13389,87.35592,77.17737,33.984917,36.54224,25.33636,73.505554,-3.8633387,167.55702,76.92339,0.0,24.633175,2.4337192,57.03982,28.991627,1.0,0.0,10.303486,178.96588,60.401768,2.0,1.8695713,1.0,0.0,0.0,1.0,0.0,0.0,0.0,1.0,0.0,1.0,0.0,0.0,0.0,0.0,0.0,0.0,1.0,0.0,0.0,0.0,0.0,0.0,0.0,0.0,0.0,0.0,0.0,0.0,1.0,0.0,0.0,0.0,0.0,0.0,0.0,0.0,0.0,1.0,0.0,1.0,1.0,0.0,0.0,0.0,0.0,0.0,0.0,1.0,0.0,0.0,513.01843,103.27858,58.76665,-1.8706924,-0.5756546,8.562708,-4.1988125,-3.4830923,9.329261,5.1490006,6.128305,8.821502,3.312556,5.0689535,5.3626075,59.499744,120.71453,43.22712,19.104834,-33.33761,84.70762,1.0628364,1.2581793,2.5192266,2.2284222,1.8092921,75.152115,389.32996,4.278363,2.1799185,0.0,0.0,0.0,0.0,0.0,0.0,1.0
49.023598,-0.2671469,44.57177,20.612398,4.056763,1.1954801,0.19617006,0.08834974,-0.024447445,0.04311413,75073.19,-0.011127795,8805.619,0.0079100765,197838.8,-0.095837794,85115.445,-242559.73,-988342.8,137044.86,61690.09,165.46883,51.074215,123.18675,192.19287,67.47452,32.45824,31.752811,98.24913,-1.488804,153.90742,114.827805,0.0,31.71844,-5.4891167,71.53479,47.830536,1.0,0.0,14.065687,208.23625,130.32872,1.0,2.2077224,1.0,0.0,0.0,0.0,0.0,0.0,0.0,1.0,0.0,1.0,0.0,1.0,0.0,0.0,1.0,0.0,0.0,0.0,0.0,0.0,0.0,0.0,0.0,0.0,0.0,0.0,0.0,0.0,1.0,1.0,0.0,0.0,0.0,0.0,0.0,1.0,0.0,0.0,0.0,0.0,0.0,0.0,0.0,0.0,0.0,0.0,0.0,0.0,0.0,0.0,548.4763,177.15823,79.395134,5.1136312,2.4220808,30.913492,4.348044,1.2419057,30.430908,16.498789,12.163783,8.905113,3.688751,5.143939,5.3962364,56.70563,197.28828,101.77328,60.488384,-11.688966,59.57113,1.416617,1.7909194,1.4212333,-0.2356987,0.11505355,154.27414,1314.4718,5.3822365,-1.8785288,0.0,0.0,0.0,0.0,0.0,1.0,0.0
86.47263,0.70533234,30.396494,11.269425,2.7027776,1.6333623,0.19883841,0.21217138,0.058999985,0.18341981,-2337.0823,0.0008022091,1891.035,0.017979458,34733.83,0.07851289,67388.914,53396.676,131267.48,251070.98,45124.48,110.633514,42.717472,125.18256,40.396645,19.141901,76.96624,25.658337,68.63512,11.781129,164.02391,98.96943,0.0,24.413761,0.7507808,69.24902,36.721054,1.0,0.0,11.8638525,228.14586,141.74152,1.0,2.1010332,0.0,0.0,0.0,0.0,1.0,1.0,0.0,1.0,1.0,1.0,0.0,1.0,0.0,0.0,0.0,0.0,0.0,0.0,0.0,0.0,0.0,0.0,1.0,0.0,0.0,0.0,0.0,0.0,0.0,0.0,0.0,0.0,0.0,0.0,1.0,1.0,0.0,1.0,0.0,1.0,0.0,0.0,0.0,0.0,0.0,0.0,0.0,0.0,0.0,0.0,-1127.7562,158.48184,91.01515,12.666629,14.276036,42.905205,12.089994,10.294043,44.32531,27.370907,21.328966,20.961235,4.0021057,5.613476,4.3952303,46.55207,164.0673,111.78649,56.529602,9.64176,59.77674,0.6734145,0.6331616,2.1697176,2.2120109,0.8649051,338.1364,529.75696,4.6509695,1.9407213,0.0,0.0,1.0,0.0,0.0,1.0,1.0
92.180504,-0.23477773,59.76699,20.99306,5.9137497,0.17564526,0.027095793,-0.11770549,-0.095884725,0.06939376,13973.255,-0.0100452155,-1040.0906,-0.025827251,62409.867,-0.051328998,169035.42,-570486.94,-1344691.8,179599.75,65505.363,196.11809,53.19548,140.67432,163.68207,43.291332,46.546387,23.89962,77.05621,-14.8277025,163.41647,111.133575,0.0,24.129524,1.4239045,3.2689538,41.84552,1.0,1.0,11.879886,121.287125,132.27783,0.0,2.2013512,1.0,0.0,0.0,0.0,0.0,0.0,0.0,1.0,1.0,1.0,0.0,0.0,0.0,0.0,1.0,0.0,0.0,0.0,0.0,1.0,0.0,0.0,0.0,0.0,0.0,0.0,0.0,0.0,0.0,0.0,0.0,0.0,0.0,0.0,0.0,1.0,0.0,0.0,0.0,0.0,0.0,0.0,0.0,0.0,0.0,0.0,0.0,0.0,0.0,0.0,826.3249,126.89765,75.80185,-10.197306,-11.416747,8.455186,-9.831517,-10.382632,9.694151,10.275649,5.952069,7.1432633,4.826708,6.64458,8.373938,63.32074,305.28125,210.28929,109.15076,44.0653,38.491497,1.1491466,1.1908828,2.3618279,1.0777584,2.3613598,21.770966,950.3724,4.2324276,3.2645538,0.0,0.0,1.0,0.0,0.0,0.0,1.0
64.058266,-0.08348101,44.620773,15.353899,4.5922003,1.5435312,0.17304121,0.11461894,0.09983417,0.19833894,11239.545,0.011386376,3382.21,0.027048128,22710.172,0.020145366,77598.84,-58838.945,-14317.805,292352.44,92526.484,96.641075,55.17547,134.21852,46.14104,33.672615,36.417374,31.21559,87.2361,6.6609206,167.10936,116.50394,0.0,33.63339,0.60663897,57.715244,42.9045,0.0,0.0,14.016811,134.87737,107.21977,1.0,2.3080344,1.0,0.0,1.0,0.0,1.0,1.0,1.0,1.0,0.0,1.0,0.0,1.0,0.0,1.0,1.0,0.0,0.0,0.0,0.0,1.0,0.0,0.0,0.0,0.0,0.0,0.0,0.0,0.0,0.0,1.0,1.0,1.0,0.0,0.0,0.0,0.0,0.0,0.0,0.0,1.0,1.0,0.0,0.0,0.0,0.0,0.0,0.0,0.0,0.0,0.0,485.17963,179.6581,98.58214,8.83811,10.251339,45.94406,8.970215,7.053249,42.318577,18.815508,13.32777,16.411077,2.5357997,4.2650704,6.103658,55.485126,127.128395,47.18498,109.93528,31.005432,41.13758,1.0180227,1.0032538,1.9599938,1.5520002,0.67939633,164.76538,508.34387,4.202004,3.1529927,0.0,1.0,0.0,0.0,0.0,1.0,0.0
49.537807,-4.4429674,101.62847,30.146719,10.249602,0.486632,0.08203545,-0.26892444,-0.035047185,0.053750306,31180.701,-0.010036356,7749.9307,0.014709144,134268.94,-0.046435807,111436.02,-860374.25,-2044292.4,167092.4,21630.273,206.99112,97.14668,103.517746,200.7178,92.618706,-14.321594,46.768154,100.058365,-11.9007845,172.2408,90.863205,0.0,54.888077,1.7705344,39.682243,32.48382,1.0,0.0,13.3620205,66.69046,46.630756,1.0,2.03957,0.0,0.0,1.0,0.0,0.0,0.0,0.0,1.0,0.0,1.0,1.0,1.0,0.0,0.0,1.0,0.0,0.0,1.0,0.0,0.0,0.0,0.0,0.0,0.0,0.0,0.0,0.0,0.0,1.0,0.0,0.0,0.0,0.0,0.0,0.0,0.0,0.0,0.0,0.0,0.0,0.0,0.0,0.0,0.0,0.0,0.0,0.0,0.0,0.0,0.0,905.03796,164.70158,85.77208,-11.824698,-13.136296,-5.4206123,-13.229763,-10.634794,-10.3992405,-9.134432,-11.24469,-17.855177,5.348367,6.5521827,7.899792,46.373543,356.86594,249.89006,21.121668,-45.96145,69.5982,1.6265111,1.7412698,-0.08925116,-0.82075834,-0.44653913,-17.554264,437.92645,4.779665,6.9842134,0.0,0.0,1.0,0.0,0.0,0.0,1.0
82.84941,6.7149024,54.565136,4.573749,3.749488,1.6214117,0.09712279,-0.027284754,0.020660315,0.07512564,26391.277,-0.0030122239,6586.67,0.007545478,65335.867,-0.0031211704,64483.508,1021.649,-875141.06,49735.133,7025.1025,111.92467,27.313898,-17.214289,138.41751,42.09513,-61.039238,-9.75648,10.59774,0.7791786,182.71924,75.71797,1.0,-10.975267,0.6769222,65.00333,23.513826,1.0,0.0,11.166587,147.7146,56.608284,0.0,1.9592572,1.0,0.0,0.0,0.0,1.0,1.0,0.0,1.0,1.0,1.0,0.0,0.0,0.0,0.0,1.0,0.0,0.0,0.0,0.0,0.0,0.0,1.0,0.0,0.0,0.0,0.0,0.0,0.0,0.0,0.0,0.0,0.0,0.0,0.0,0.0,0.0,0.0,0.0,0.0,1.0,0.0,0.0,0.0,0.0,0.0,0.0,0.0,0.0,0.0,0.0,1037.1598,120.5954,83.339294,5.9554076,4.5221357,5.0055904,2.8974066,0.7003956,5.1397367,6.7222505,22.951256,28.180481,3.453909,4.466066,3.063032,39.760685,91.31759,61.655525,-167.08313,-186.91551,74.94662,1.2510427,1.346214,0.93094957,0.7801281,2.2160456,-202.15076,518.5157,4.02094,0.31262103,1.0,0.0,1.0,0.0,0.0,0.0,0.0
43.60967,1.4023211,29.21345,17.66459,6.079411,1.6479355,0.18462822,0.22344676,0.033435423,0.045780092,39198.91,0.009514649,3511.771,0.02364851,151014.08,-0.08945243,128123.36,-454228.3,51298.25,259220.47,95742.1,88.84362,2.2858868,137.31993,82.67113,11.446162,30.809803,22.751366,75.57286,9.8371,141.64586,101.80624,0.0,18.545277,1.8986403,65.206566,46.749844,1.0,0.0,14.292254,129.54895,106.04121,1.0,2.006258,1.0,0.0,0.0,0.0,0.0,1.0,0.0,0.0,0.0,1.0,1.0,0.0,0.0,0.0,0.0,0.0,0.0,0.0,0.0,0.0,0.0,0.0,1.0,0.0,0.0,0.0,0.0,0.0,1.0,0.0,0.0,0.0,0.0,0.0,0.0,0.0,0.0,0.0,0.0,0.0,0.0,0.0,0.0,0.0,0.0,0.0,0.0,0.0,0.0,0.0,-1563.8481,182.33398,91.747215,11.268952,13.939816,36.177586,9.511211,4.5243964,30.834822,11.597039,0.4233719,-7.266141,1.2339127,3.2968397,4.967296,73.56645,13.949652,-61.430008,131.69257,46.565414,46.286644,1.0020233,1.2831438,1.9910767,2.4318492,0.21121533,186.34477,727.49976,4.445774,-2.2315953,0.0,0.0,1.0,0.0,0.0,0.0,1.0
56.401608,11.488778,5.155807,5.585878,4.138274,1.4354982,0.194555,0.4390685,0.15554123,0.15818852,-2233.2778,0.011663579,1884.0996,0.015572949,63647.84,0.071383424,188815.53,9468.37,1605390.1,136287.39,127334.8,136.36679,31.873316,211.97989,87.91321,17.932737,107.680916,3.8015997,43.40186,-0.34694347,154.95853,132.7936,0.0,-4.5507703,7.5706186,29.953554,50.857304,1.0,0.0,11.990035,44.263664,222.9804,2.0,2.416757,0.0,0.0,0.0,0.0,0.0,1.0,0.0,0.0,0.0,1.0,1.0,0.0,0.0,1.0,0.0,0.0,0.0,1.0,0.0,1.0,0.0,0.0,0.0,0.0,0.0,0.0,0.0,0.0,1.0,0.0,0.0,1.0,0.0,0.0,0.0,1.0,0.0,1.0,0.0,0.0,0.0,0.0,0.0,0.0,0.0,0.0,0.0,0.0,0.0,0.0,-864.0993,96.776306,47.529243,0.77722967,9.817692,58.711773,3.9930267,-0.09300351,58.240055,25.660534,7.104609,9.721775,1.8560232,3.853871,6.014503,94.48034,166.80544,97.48408,226.44891,155.58156,24.90796,1.0494504,1.1430707,3.4173303,2.436283,2.7942796,429.23438,1345.5145,4.0777645,2.3584914,0.0,0.0,0.0,0.0,0.0,1.0,0.0
75.2126,4.3489923,30.877356,10.496674,3.9027998,1.7764157,0.13355038,0.28256705,0.076224424,0.04591425,-609.0976,-0.004093611,-353.1391,0.026788453,-28911.635,0.028339118,77553.11,1814.2318,-894309.5,170739.25,50601.016,145.11426,61.77879,140.4231,82.7992,37.09118,89.22359,36.93562,72.86133,5.2346883,167.88588,100.320755,0.0,40.39099,0.7166884,71.87236,36.51071,1.0,0.0,13.592309,124.991714,41.56704,2.0,2.1283922,1.0,0.0,0.0,0.0,1.0,1.0,0.0,1.0,0.0,1.0,0.0,1.0,0.0,0.0,1.0,0.0,1.0,0.0,0.0,1.0,0.0,0.0,0.0,0.0,0.0,0.0,0.0,0.0,1.0,1.0,0.0,1.0,0.0,0.0,0.0,1.0,0.0,1.0,0.0,0.0,1.0,0.0,0.0,0.0,0.0,0.0,0.0,0.0,0.0,0.0,-83.66289,130.71703,79.92293,7.849022,10.557845,44.024113,9.130425,8.200671,45.592316,22.209839,13.941017,14.166252,5.1165686,6.167509,3.8950772,33.628677,232.79353,182.19641,78.352974,54.761333,33.864967,0.7506861,0.8993382,2.4512641,1.7225937,1.0710069,358.9752,471.25128,4.517739,3.6786315,1.0,0.0,1.0,0.0,0.0,1.0,0.0
64.451385,-0.2873155,40.92484,12.77814,3.4600172,1.0584713,0.17154706,-0.002661272,0.049036976,0.044922825,48878.34,0.0011321442,3067.9165,0.017739903,53794.918,0.026949203,49432.035,-218359.16,-6416.001,306538.62,113977.99,135.39792,46.42771,62.262203,79.38971,27.678726,-31.234856,46.204433,100.51385,6.13314,151.39333,101.321915,0.0,47.73217,-2.5591853,76.79486,43.275066,0.0,0.0,11.060814,88.31862,15.519713,2.0,2.0399582,1.0,0.0,1.0,0.0,0.0,1.0,0.0,0.0,0.0,0.0,0.0,1.0,1.0,0.0,0.0,1.0,0.0,0.0,0.0,1.0,0.0,0.0,0.0,0.0,0.0,0.0,0.0,0.0,1.0,0.0,0.0,0.0,0.0,0.0,0.0,0.0,0.0,1.0,0.0,0.0,1.0,0.0,0.0,0.0,0.0,0.0,0.0,0.0,0.0,0.0,-877.4127,170.7599,83.48472,7.8521295,6.711854,31.802713,7.6573095,9.491756,29.368008,12.201862,16.943686,20.155375,5.145097,6.633888,6.4496293,42.016224,199.64882,110.04588,-24.231768,-71.03273,64.2026,0.78358454,0.8668481,2.0022132,-0.7888571,0.66907436,53.88768,635.0255,4.698628,5.145144,0.0,1.0,1.0,0.0,0.0,0.0,1.0
45.533436,0.790547,49.029892,14.099791,3.2660632,0.66193557,0.15621425,-0.09330563,0.056438882,0.03791679,10027.653,-0.004199988,11725.794,0.026317874,119203.336,-0.042285733,118062.43,-137899.7,-2030863.2,363585.47,67013.75,122.84851,63.004528,77.51117,92.16516,49.859257,10.7389,28.299564,101.312546,6.7141914,162.7295,94.843666,0.0,25.062565,1.6210161,95.62774,37.41915,0.0,0.0,10.79021,125.15585,-21.741652,2.0,2.0470626,0.0,0.0,0.0,0.0,0.0,1.0,0.0,0.0,0.0,1.0,1.0,1.0,0.0,0.0,0.0,0.0,0.0,1.0,0.0,0.0,0.0,0.0,0.0,0.0,0.0,0.0,1.0,0.0,1.0,1.0,0.0,1.0,0.0,0.0,1.0,1.0,0.0,1.0,0.0,1.0,1.0,0.0,0.0,0.0,0.0,0.0,0.0,0.0,1.0,0.0,-539.8566,157.32745,70.746216,6.3667746,7.3982053,22.241642,5.618061,3.4381666,19.021349,8.640427,16.566975,19.83325,3.0958886,5.288456,5.746238,71.72762,175.44104,54.342316,-3.3991542,-91.6098,126.88944,1.1232637,1.587702,2.995699,1.2825783,0.6887276,-84.41238,396.0681,5.3417306,-0.50250083,0.0,1.0,0.0,0.0,0.0,1.0,0.0
73.112274,5.838074,32.988132,12.356227,5.0042257,1.3642135,0.13028517,0.12711586,0.027148789,0.08536376,2532.4639,0.019106438,2105.6138,0.049774054,5573.4043,-0.0059623625,-38553.44,121074.04,-672612.1,14390.511,-7156.1543,100.84928,53.39495,153.75665,51.746998,32.08093,85.01543,-23.369549,-19.276587,8.375198,173.19043,67.85381,1.0,-30.2531,-1.7465773,47.722332,22.54801,1.0,0.0,15.550093,142.98679,-7.859436,1.0,1.8184412,1.0,0.0,0.0,0.0,0.0,1.0,0.0,1.0,0.0,1.0,1.0,1.0,0.0,0.0,0.0,0.0,0.0,0.0,0.0,0.0,1.0,0.0,0.0,0.0,0.0,0.0,0.0,0.0,1.0,0.0,0.0,1.0,0.0,0.0,0.0,1.0,0.0,0.0,0.0,0.0,1.0,0.0,0.0,0.0,0.0,0.0,0.0,0.0,0.0,0.0,436.5469,87.34217,55.579136,12.127316,12.867184,20.54687,12.531935,9.170971,16.855751,12.38891,8.326799,2.9848073,3.7530751,4.249838,1.7078664,16.890137,139.36671,134.6781,138.12062,105.3598,21.611923,0.78592974,0.7469711,-0.32130793,1.5675447,-0.31879267,271.1427,-105.488914,2.5710192,0.61243397,1.0,0.0,1.0,0.0,1.0,0.0,0.0
49.254566,5.144072,62.473938,12.347845,5.6160054,0.11098718,0.07287506,0.0020527611,0.0677199,0.0034357847,66232.81,-0.028604591,12472.875,0.010698818,172572.58,-0.039059084,63248.887,-76981.9,-1496893.4,162213.28,59379.434,239.43881,100.083305,101.636086,190.79451,80.24643,41.135757,81.460144,154.76144,1.3359979,173.64783,135.95859,0.0,93.55023,-1.5386167,62.143883,48.037125,0.0,0.0,15.86165,93.924164,-43.156292,1.0,2.5672224,0.0,0.0,1.0,0.0,0.0,0.0,0.0,0.0,0.0,1.0,1.0,1.0,0.0,0.0,1.0,0.0,0.0,0.0,0.0,0.0,1.0,0.0,0.0,0.0,0.0,0.0,0.0,0.0,1.0,0.0,1.0,1.0,0.0,0.0,1.0,0.0,0.0,0.0,0.0,1.0,0.0,0.0,0.0,0.0,0.0,0.0,0.0,0.0,0.0,0.0,-605.26794,124.91182,66.80029,0.14254898,2.8373935,39.02202,2.4904888,1.557503,38.421535,14.758499,17.742777,20.412287,6.575314,8.020556,5.031387,50.00171,448.89035,327.55756,-56.287895,-103.747795,61.686867,1.2112305,1.3969306,1.7706394,-1.2361753,0.56423295,85.67775,560.466,5.8284535,4.60633,0.0,0.0,1.0,0.0,1.0,0.0,0.0
61.526665,5.509536,16.83472,10.526117,3.3090818,1.4119627,0.20485012,0.10528005,0.047609493,0.095810935,13856.417,0.012420593,1314.1095,0.048016056,-18192.447,0.023815952,64296.426,-6926.5337,-316052.88,160999.11,9035.628,80.17652,33.983982,98.52731,17.501204,10.955464,39.97263,-7.4205003,19.389608,7.2103624,154.20184,82.95274,0.0,-18.036985,-1.5801595,62.429455,34.141182,1.0,0.0,13.2311535,161.44371,133.07751,1.0,1.8712468,1.0,0.0,1.0,0.0,0.0,1.0,0.0,0.0,0.0,1.0,1.0,1.0,0.0,0.0,0.0,0.0,0.0,1.0,0.0,0.0,0.0,0.0,0.0,0.0,0.0,0.0,0.0,0.0,1.0,0.0,0.0,1.0,1.0,0.0,0.0,1.0,0.0,0.0,0.0,0.0,0.0,0.0,0.0,0.0,0.0,0.0,0.0,0.0,0.0,0.0,-200.7492,116.2344,56.36847,11.635193,12.951985,21.852676,10.215736,10.137375,17.676725,10.899179,10.820627,9.452881,3.03335,4.2222443,4.1834826,46.985832,76.691315,25.824007,34.05962,-10.109506,50.718872,0.59456015,0.75264335,2.3037415,1.5516851,0.13121575,96.61147,298.19037,2.9859958,3.1933386,0.0,0.0,1.0,0.0,0.0,1.0,0.0
66.394585,1.7480183,25.546682,12.033178,2.608181,-0.41689244,0.07395309,-0.1365195,0.033702724,0.001780892,30043.994,0.0057127276,2296.2224,0.013600477,52465.184,-0.05144282,64364.88,-137964.94,-615285.8,298314.38,122753.02,155.66444,67.51641,157.12648,76.7416,35.019344,79.57718,27.95769,85.086784,7.1731377,157.29893,98.878265,0.0,27.316248,-2.530257,34.925137,39.638317,1.0,0.0,8.280223,107.657036,81.53239,0.0,2.045048,1.0,0.0,0.0,0.0,0.0,0.0,0.0,1.0,1.0,0.0,0.0,0.0,1.0,0.0,0.0,0.0,0.0,0.0,0.0,1.0,0.0,0.0,0.0,0.0,0.0,0.0,0.0,1.0,1.0,1.0,0.0,0.0,0.0,0.0,0.0,1.0,0.0,1.0,1.0,0.0,0.0,0.0,0.0,0.0,0.0,0.0,0.0,1.0,0.0,0.0,127.19281,132.85635,62.881264,9.47937,9.760852,41.284332,11.290108,9.197908,34.71117,16.826206,17.769829,18.99237,5.0806775,6.5791078,8.757735,42.821243,271.4755,166.06215,135.33855,43.77232,66.98096,0.6706464,0.7619226,0.9604391,0.5677638,1.170012,72.21008,703.11334,3.8473213,4.0022483,0.0,1.0,0.0,0.0,0.0,0.0,1.0
60.91675,4.098998,44.899372,16.593609,5.8182716,1.1663092,0.12616223,-0.026126806,-0.021551581,-0.042772252,15292.272,0.010722501,2781.852,0.024562413,22603.703,-0.014560498,58818.367,-6436.5933,-1333979.1,158842.17,19344.355,117.864426,54.631435,103.41238,81.94736,37.227303,23.77676,55.409367,91.68222,-2.0447068,153.77975,75.89886,0.0,64.01217,3.2497005,64.583855,33.424118,0.0,0.0,8.597484,139.70467,95.32318,2.0,1.7693269,1.0,0.0,1.0,0.0,1.0,1.0,0.0,1.0,0.0,1.0,1.0,1.0,1.0,1.0,1.0,0.0,1.0,1.0,0.0,0.0,0.0,0.0,1.0,0.0,0.0,0.0,0.0,1.0,1.0,1.0,1.0,1.0,1.0,1.0,0.0,1.0,0.0,0.0,0.0,0.0,0.0,0.0,0.0,0.0,0.0,0.0,0.0,0.0,0.0,0.0,1375.6134,120.65282,60.75953,2.5821602,3.7962599,7.4052367,0.3064209,1.2576259,1.4531685,-1.1811477,2.1962373,1.8250186,4.058597,4.900323,5.2547364,43.136246,147.49638,85.739265,66.86259,17.823128,48.206383,0.9911447,1.2310741,2.0244238,2.009723,1.6621612,-58.317017,297.5639,4.043934,6.117115,0.0,1.0,0.0,0.0,0.0,1.0,0.0
71.35079,5.0022635,33.04431,14.803696,4.3372893,0.2715223,0.10205961,-0.19781926,-0.01943632,0.058391143,9532.5205,0.021866903,4440.8247,0.031249631,28209.871,-0.035280377,44559.098,-245168.73,-1157930.2,155051.06,36275.863,47.042336,20.744886,56.317745,33.71115,14.723414,-19.447598,-35.001537,-8.937292,3.0723207,161.63882,77.33777,0.0,-45.3419,0.511993,42.784374,30.629528,0.0,0.0,11.150338,168.86647,190.2476,2.0,1.8537482,0.0,0.0,0.0,0.0,0.0,1.0,0.0,1.0,0.0,1.0,1.0,0.0,0.0,0.0,1.0,1.0,0.0,0.0,0.0,0.0,0.0,0.0,1.0,0.0,0.0,0.0,0.0,0.0,1.0,0.0,1.0,1.0,0.0,0.0,1.0,1.0,0.0,0.0,0.0,0.0,1.0,0.0,0.0,0.0,0.0,0.0,0.0,0.0,0.0,0.0,550.192,79.474525,38.19679,6.1913567,5.5788846,-2.6222284,4.7135887,2.3599238,-8.114657,-0.0067641586,8.779246,8.732328,1.3321866,3.0335913,4.2640014,66.49769,-18.678762,-79.22301,41.622097,-26.082634,61.178185,0.9237738,1.107372,1.199133,0.97159463,0.9763978,-182.77782,-214.51495,2.7747357,2.2658532,1.0,0.0,1.0,0.0,1.0,0.0,0.0
93.04064,-3.3789644,69.76056,27.217968,3.9264734,0.46262658,0.06775238,-0.253327,-0.10678574,-0.08376977,66535.51,-0.017136168,14948.133,-0.0020514245,270206.97,-0.14972457,184300.69,-167975.83,-883592.75,558571.8,109489.97,158.49513,47.753403,90.04598,127.31433,40.60624,-3.3460748,43.637356,101.35754,2.6367433,169.41946,154.05049,0.0,46.35564,2.7620301,59.760025,55.29525,1.0,1.0,10.466082,127.8893,42.621185,0.0,2.7293618,1.0,0.0,0.0,0.0,0.0,0.0,0.0,0.0,0.0,0.0,0.0,1.0,0.0,0.0,1.0,0.0,0.0,0.0,0.0,0.0,0.0,0.0,0.0,0.0,0.0,0.0,0.0,0.0,1.0,0.0,0.0,0.0,0.0,0.0,0.0,0.0,0.0,0.0,0.0,0.0,0.0,0.0,0.0,0.0,0.0,0.0,0.0,0.0,1.0,0.0,-1530.7476,196.2921,100.68511,10.012061,5.4767575,9.300921,8.413957,4.267872,7.8973174,12.430886,22.072512,25.816687,4.2956944,6.3107657,9.793052,69.099,214.55518,121.93289,62.873253,-24.780138,95.29898,0.9052768,1.2147778,0.8511572,-0.2286706,1.7880889,-259.21945,284.2875,5.0817037,-0.49917653,0.0,1.0,0.0,0.0,0.0,1.0,0.0
81.96759,4.076082,31.68334,7.597026,2.9109833,1.1846071,0.10645064,0.08782986,0.031617306,0.060876597,1259.381,0.004625293,1146.6973,0.02449884,-8642.887,0.009787275,37130.797,120244.12,-777064.4,167640.53,33484.023,91.15264,39.11827,114.82005,38.400734,19.110096,57.144905,-0.96736753,28.798937,3.0944755,162.76707,68.69688,0.0,-7.4157624,-0.600572,48.68007,26.09097,1.0,0.0,12.643163,170.62141,94.78964,2.0,1.7681937,1.0,0.0,0.0,0.0,1.0,1.0,0.0,1.0,0.0,1.0,1.0,1.0,0.0,0.0,0.0,0.0,0.0,1.0,0.0,1.0,1.0,0.0,1.0,0.0,0.0,0.0,0.0,0.0,1.0,1.0,0.0,1.0,0.0,0.0,0.0,1.0,0.0,1.0,0.0,0.0,0.0,0.0,0.0,0.0,0.0,0.0,0.0,0.0,0.0,0.0,172.13342,109.63393,68.44267,7.489566,8.282487,24.18188,7.4595494,5.5800037,21.484741,14.264115,15.05632,17.750296,3.1390355,4.4955015,3.358665,42.205853,107.62172,63.493362,74.074356,31.062662,50.556656,0.64818275,0.7846715,1.9757164,1.7750362,1.4484591,123.65773,71.66457,3.2789912,1.4566507,1.0,0.0,1.0,0.0,0.0,1.0,0.0
28.021923,-1.4445891,35.591324,14.81824,0.552204,-1.010259,0.13220657,-0.15196408,0.13457915,0.09145301,32856.07,-0.017426204,23637.668,0.020009166,330789.66,-0.024566354,64311.395,-432925.28,-4327829.5,435692.7,153145.42,138.1715,106.193146,125.53121,163.35939,107.365555,70.51016,45.667423,169.05933,13.85958,165.40524,147.13016,0.0,44.34421,-3.5136845,92.41651,55.4301,0.0,0.0,8.440178,181.61841,0.8107247,2.0,2.6386974,0.0,0.0,0.0,0.0,0.0,1.0,0.0,0.0,0.0,1.0,0.0,1.0,0.0,0.0,0.0,0.0,0.0,1.0,0.0,0.0,0.0,0.0,0.0,0.0,0.0,0.0,1.0,0.0,1.0,1.0,1.0,1.0,0.0,0.0,0.0,0.0,0.0,1.0,0.0,0.0,1.0,0.0,0.0,0.0,0.0,0.0,0.0,0.0,0.0,0.0,122.54814,163.04486,57.1446,7.1124554,12.302867,63.01606,10.398102,7.3300433,56.90905,27.33491,29.119925,34.834427,1.871781,5.147223,9.7467575,110.384186,227.2224,24.03509,44.0439,-88.91728,165.77025,1.6641566,2.951667,4.3683534,1.1160403,0.815532,-14.644379,1078.9232,7.325676,1.9966737,0.0,1.0,0.0,0.0,0.0,1.0,0.0
77.72227,0.94841963,28.173004,11.428634,1.9552606,0.8883017,0.15246455,-0.16483422,0.010181064,0.15946807,19437.768,0.020011669,3043.4673,0.05631982,105266.28,0.025151458,-60968.44,-396475.3,-1999635.4,91357.02,12077.381,72.892136,17.639336,105.811905,90.75066,26.164284,37.94201,-14.120655,11.129804,9.574382,154.54462,59.955486,1.0,-19.425524,-4.5995893,63.85012,27.958447,1.0,0.0,10.668301,179.87402,84.93296,1.0,1.6005224,1.0,0.0,0.0,0.0,1.0,1.0,0.0,1.0,0.0,1.0,1.0,0.0,0.0,0.0,1.0,1.0,0.0,0.0,0.0,0.0,0.0,0.0,1.0,0.0,0.0,0.0,0.0,0.0,1.0,1.0,0.0,0.0,0.0,0.0,0.0,0.0,0.0,0.0,1.0,0.0,1.0,0.0,0.0,0.0,0.0,0.0,0.0,0.0,0.0,0.0,1352.6434,119.19482,56.155056,9.973412,7.981494,14.53543,7.5014443,5.9419923,10.626653,9.290346,17.945715,16.327988,1.6502419,3.4621518,4.1869655,59.522087,6.2783923,-40.53885,86.99998,16.576103,71.45632,1.2184238,1.4433038,0.78422946,1.183118,-0.95406663,-173.54305,519.2857,3.7867985,0.7800159,0.0,0.0,1.0,0.0,0.0,0.0,1.0
81.49431,2.0170221,47.62318,5.8847146,6.23955,1.9295743,0.07614112,0.29892138,0.0708682,0.09358691,-7842.647,0.0060143094,-1857.5308,0.011493422,5635.028,0.002570691,17247.62,-117763.56,-1175750.5,53569.09,24710.84,121.072044,51.00085,164.67632,60.52243,26.66461,99.42365,10.809956,31.186209,-4.8897014,156.9641,21.6533,0.0,8.417568,0.2546448,27.431099,13.503059,1.0,0.0,13.373826,123.7591,-97.943184,1.0,1.1866865,1.0,0.0,0.0,0.0,1.0,0.0,0.0,0.0,1.0,1.0,0.0,0.0,0.0,0.0,0.0,0.0,0.0,0.0,0.0,1.0,0.0,0.0,1.0,0.0,0.0,0.0,0.0,0.0,0.0,1.0,0.0,0.0,0.0,0.0,0.0,1.0,0.0,0.0,0.0,0.0,0.0,0.0,0.0,0.0,0.0,0.0,0.0,0.0,0.0,0.0,956.96893,113.70053,85.900894,-2.0412478,-0.5386232,35.2465,-1.7525682,-2.8952332,32.482582,13.089115,-2.2036395,-5.996468,4.159755,4.984182,1.7790712,31.666115,184.62308,162.8127,131.87695,109.93117,29.019993,0.75910217,0.65918404,2.000233,2.645234,1.1198776,583.38696,422.2703,2.5680885,3.8481925,0.0,0.0,1.0,0.0,0.0,0.0,1.0
70.237656,-10.459027,15.420894,16.634846,-1.5033084,2.067154,0.30543557,0.21166989,0.20694624,0.29211402,46154.438,-0.0060994118,2360.2327,0.024443077,191182.08,0.17525253,42818.06,-507064.47,-4710717.5,250526.62,-24148.469,92.89967,44.066647,57.26621,-31.523136,-4.446741,58.17983,106.25754,144.86023,3.0794842,117.78048,-4.6242113,0.0,115.94329,-9.384136,68.51683,18.970316,1.0,0.0,10.891025,85.1609,-38.653057,1.0,0.618125,1.0,0.0,0.0,0.0,0.0,0.0,1.0,0.0,0.0,1.0,1.0,0.0,0.0,0.0,0.0,0.0,0.0,0.0,0.0,1.0,0.0,0.0,1.0,0.0,0.0,0.0,0.0,0.0,0.0,0.0,0.0,0.0,0.0,0.0,0.0,0.0,0.0,1.0,0.0,1.0,0.0,0.0,0.0,0.0,0.0,0.0,0.0,0.0,0.0,0.0,2168.0215,151.22952,66.6873,6.4884386,5.294743,54.92667,5.6188884,8.88559,54.8087,26.914282,31.317335,39.97406,5.5102153,6.923413,2.3051069,27.94419,172.7657,130.91875,-83.047264,-59.899155,48.454945,0.098895095,0.42968372,5.29737,1.611928,1.9696798,335.79816,1286.5963,5.0112977,3.7541792,0.0,0.0,1.0,0.0,0.0,0.0,1.0
82.823166,5.561527,24.02923,3.9620159,2.713082,1.1530496,0.11085575,0.0011208678,0.0023323942,0.045277946,21356.023,0.011255844,2749.667,0.027921496,72833.51,0.003927869,87855.09,-53400.86,99582.43,174477.48,51950.355,70.520966,25.200611,73.574,42.781666,14.8499565,12.035786,1.877758,24.963432,6.8500767,164.70285,44.265633,1.0,0.96787757,1.4402715,63.144943,18.935375,0.0,0.0,11.14135,155.20096,92.026474,3.0,1.4976245,0.0,0.0,1.0,0.0,1.0,1.0,1.0,1.0,0.0,1.0,1.0,1.0,0.0,0.0,1.0,0.0,1.0,0.0,0.0,0.0,0.0,0.0,1.0,0.0,0.0,0.0,0.0,0.0,0.0,1.0,0.0,1.0,0.0,0.0,1.0,0.0,0.0,1.0,0.0,0.0,1.0,0.0,0.0,0.0,0.0,0.0,0.0,0.0,0.0,0.0,-228.07466,92.7924,56.284275,9.938383,11.46693,15.386261,9.899629,7.2688427,14.490562,9.228702,13.691175,15.486256,2.6650708,4.1704574,3.1757174,54.82759,43.619083,5.535097,29.745073,-19.546804,51.166527,0.8086462,0.9435099,1.2819529,1.4156998,1.18453,44.585938,176.56575,3.3373966,1.2545996,0.0,1.0,0.0,0.0,1.0,0.0,0.0
66.97369,-4.742072,57.194614,16.692362,2.6490233,0.10858902,0.12122538,-0.17912453,0.04428225,0.06344916,-8569.648,-0.02343024,7015.623,0.0111949565,25741.596,0.027548708,107497.07,-279431.12,-2395568.5,369607.9,67353.516,198.45314,68.3639,93.25129,177.42989,60.24258,48.02351,69.574936,153.41383,2.9868991,156.73947,77.92675,0.0,77.3328,0.9607383,94.41538,34.024464,0.0,0.0,12.004077,73.741554,8.010904,2.0,1.8279064,1.0,0.0,1.0,0.0,1.0,1.0,0.0,0.0,0.0,1.0,1.0,1.0,0.0,0.0,1.0,0.0,0.0,1.0,0.0,0.0,1.0,0.0,0.0,0.0,0.0,0.0,0.0,0.0,1.0,1.0,0.0,0.0,0.0,0.0,0.0,1.0,0.0,0.0,0.0,1.0,1.0,0.0,0.0,0.0,0.0,0.0,0.0,0.0,0.0,0.0,579.954,169.12494,76.22919,1.0161482,2.576879,30.063848,1.2273576,-1.2523885,28.993902,12.315623,21.71886,29.070047,4.0814962,6.4703965,7.025468,77.48335,306.1315,173.03789,-25.517563,-98.98596,88.25323,1.4579096,1.7915342,2.6127684,0.43364945,1.1956954,-162.4564,745.37726,6.6016703,7.5434704,0.0,1.0,0.0,0.0,0.0,0.0,0.0
80.330185,4.658794,37.301968,2.8943665,3.180248,1.0917082,0.08858258,0.026094953,-0.014088451,-0.0034114413,16429.67,0.007248621,1924.79,0.014833318,-11149.846,0.020588903,38086.234,136338.83,-156911.92,207205.52,71353.07,103.07561,42.90785,110.94369,71.41977,30.826057,22.424364,4.842088,47.983273,-1.449245,156.16956,58.25171,0.0,-1.7019943,0.47904757,60.59892,25.633991,1.0,0.0,11.613587,171.20262,93.19155,2.0,1.6073978,1.0,0.0,0.0,0.0,0.0,1.0,0.0,1.0,0.0,1.0,0.0,1.0,0.0,0.0,0.0,0.0,0.0,0.0,0.0,0.0,0.0,0.0,1.0,0.0,0.0,0.0,0.0,0.0,1.0,1.0,0.0,0.0,1.0,0.0,0.0,1.0,0.0,0.0,0.0,0.0,0.0,0.0,0.0,0.0,0.0,0.0,0.0,0.0,0.0,0.0,61.733173,119.71807,73.161514,2.7386456,2.593754,17.038502,1.3877634,2.4320304,14.696939,8.141117,9.425714,11.42656,2.888532,4.410415,4.2667403,47.758083,117.586525,51.64852,70.58328,8.76525,61.483128,0.9398184,0.9935509,2.317589,0.96428865,1.6262093,90.45055,387.40372,3.5708842,1.6512413,0.0,0.0,1.0,0.0,0.0,0.0,1.0
46.488792,-3.809495,-19.768688,7.322294,-4.859229,2.7382782,0.24109046,0.44437295,0.19330469,0.1672839,15180.717,-0.025768617,1503.2131,0.020384243,40095.38,0.08337309,35753.617,124474.83,-1752562.2,226529.44,24846.154,161.47615,55.05001,86.489876,107.3627,37.138824,97.634796,95.50075,160.7208,18.087172,132.36188,29.4951,0.0,104.625114,-7.577504,96.66441,24.473667,0.0,0.0,17.998869,63.798973,-288.1845,1.0,1.1123246,0.0,0.0,1.0,0.0,1.0,1.0,0.0,1.0,1.0,1.0,0.0,0.0,0.0,0.0,0.0,0.0,0.0,1.0,0.0,1.0,1.0,0.0,0.0,0.0,0.0,0.0,1.0,0.0,1.0,1.0,0.0,1.0,0.0,0.0,0.0,1.0,0.0,1.0,0.0,0.0,1.0,0.0,0.0,0.0,0.0,0.0,0.0,0.0,0.0,0.0,-91.92561,143.94902,78.24063,17.708857,24.90811,70.74654,19.567955,18.186195,74.70363,40.547817,47.8752,59.935078,5.1075363,6.8910537,-1.1845492,53.800827,255.73721,167.73242,-81.97613,-101.737015,94.162186,0.83452815,1.806153,6.442054,2.341334,1.8509612,419.40762,1323.6188,6.7074084,3.776719,0.0,0.0,1.0,0.0,1.0,0.0,0.0
68.54928,-2.2340655,69.01278,23.410603,6.402917,1.4059972,0.25444967,-0.057082575,-0.011801177,0.26529422,14463.321,0.0072000986,12194.888,0.0017483642,255059.88,0.16737074,123797.61,-711295.4,-443340.03,292849.53,104043.22,123.242485,52.00196,65.38938,118.53415,50.137558,-57.218513,37.10791,91.23472,-6.262984,161.21219,115.8334,0.0,38.893433,5.011737,56.92718,46.16688,1.0,0.0,11.51422,141.44151,30.967285,2.0,2.2575777,0.0,0.0,0.0,1.0,0.0,0.0,0.0,0.0,1.0,0.0,0.0,0.0,0.0,0.0,1.0,0.0,0.0,0.0,0.0,0.0,0.0,0.0,0.0,0.0,0.0,0.0,0.0,0.0,0.0,0.0,0.0,0.0,0.0,0.0,0.0,0.0,0.0,0.0,0.0,1.0,0.0,0.0,0.0,0.0,0.0,0.0,0.0,0.0,0.0,0.0,-510.70847,177.9716,84.6871,-9.117535,-6.2934628,8.990379,-12.431451,-5.625847,8.979137,4.9914765,2.8517766,0.97328234,3.4541917,5.483541,9.010029,71.02211,158.10158,69.89919,-11.314081,-63.873123,44.413094,1.4369373,1.6443559,3.3875563,1.137048,2.2808733,26.318058,1331.8585,4.9726305,6.5402846,0.0,1.0,0.0,0.0,0.0,0.0,1.0
80.56844,6.209863,20.390766,1.9909357,2.6595366,-0.5432772,-0.0074826386,0.23404914,0.05893298,-0.066821694,29737.025,-0.009800325,6206.9536,-0.05143897,159922.53,-0.032791995,96566.44,393783.84,-1065415.2,203715.84,146083.23,247.15884,97.85434,276.46774,154.48134,56.97709,193.28116,124.389984,200.91736,-6.233814,154.74675,112.82942,0.0,141.40054,2.1826148,12.138044,46.34464,1.0,0.0,6.862114,74.55351,63.975082,1.0,2.1471968,1.0,0.0,0.0,0.0,0.0,0.0,0.0,0.0,0.0,1.0,1.0,0.0,0.0,0.0,1.0,0.0,0.0,0.0,0.0,0.0,0.0,0.0,0.0,0.0,0.0,0.0,0.0,0.0,1.0,0.0,0.0,0.0,0.0,0.0,0.0,1.0,0.0,1.0,0.0,0.0,0.0,0.0,0.0,0.0,0.0,0.0,0.0,1.0,0.0,0.0,605.94495,112.86665,65.78442,-1.9828596,3.0912578,83.33639,3.0972178,-2.5272784,78.095184,32.541718,18.81959,24.480822,6.4268966,7.8667994,8.427946,51.56654,465.56873,363.41397,288.84555,200.97363,48.739292,0.9024055,0.99974906,3.004578,0.8207902,4.9881883,431.6628,1988.5035,6.1808643,2.4306417,0.0,1.0,0.0,0.0,0.0,1.0,0.0
96.55714,-2.6188464,39.322002,17.630928,2.802698,1.2363911,0.1349727,0.050460197,-0.0007974819,0.11717665,22913.592,0.0015178436,2970.0847,-0.00449379,100971.04,0.064167365,68077.266,-285708.84,-890323.7,272410.12,77279.28,100.940865,35.817696,81.07983,62.055336,22.77723,5.5650024,41.237316,85.611176,-1.5655674,151.9423,85.76729,0.0,41.842648,0.35353696,38.116547,36.956493,1.0,0.0,10.475213,186.38483,93.50868,0.0,1.8593531,1.0,0.0,0.0,0.0,0.0,0.0,0.0,0.0,1.0,0.0,1.0,0.0,0.0,0.0,0.0,0.0,0.0,0.0,0.0,1.0,0.0,0.0,1.0,0.0,0.0,0.0,0.0,0.0,1.0,0.0,0.0,0.0,0.0,0.0,0.0,0.0,0.0,0.0,0.0,1.0,0.0,0.0,0.0,0.0,0.0,0.0,0.0,0.0,0.0,0.0,544.5244,152.55872,91.24249,2.794895,2.8764737,23.906004,2.3280876,3.665563,25.886616,18.824335,16.753574,18.456171,3.4525375,5.280412,6.2235513,57.32298,120.70407,61.605976,20.803946,-7.109956,23.424896,0.827534,0.9270416,3.5474453,1.7777283,2.8784363,67.153175,548.82526,3.7947483,-0.010889623,0.0,0.0,1.0,0.0,0.0,0.0,1.0
71.31988,-3.910392,7.211971,10.942027,-2.2926295,1.7539378,0.2838632,0.13995822,0.11126547,0.20300978,57618.633,7.963945e-05,2833.5642,0.018022355,118171.805,0.1429802,-4420.4463,18775.54,-3083917.2,100351.2,-41755.402,95.025444,40.000584,35.6173,15.911493,9.438193,30.830736,98.93566,138.32043,8.418193,126.694695,38.712788,0.0,107.02517,-9.958832,77.63929,30.297945,1.0,0.0,10.853245,152.82117,-2.0774252,1.0,1.1784172,1.0,0.0,0.0,0.0,0.0,0.0,0.0,0.0,0.0,1.0,1.0,0.0,0.0,0.0,0.0,0.0,0.0,0.0,0.0,1.0,1.0,0.0,1.0,0.0,0.0,0.0,0.0,0.0,1.0,0.0,0.0,0.0,0.0,0.0,0.0,0.0,0.0,0.0,0.0,0.0,0.0,0.0,0.0,0.0,0.0,0.0,0.0,0.0,0.0,0.0,1773.9525,131.00005,58.313152,14.329366,12.168007,43.59546,13.361144,15.189129,41.49668,26.47014,39.00697,47.381023,5.2511077,6.328611,1.7263892,21.767492,134.76993,100.9911,-121.529976,-98.5467,46.693756,0.3717403,0.7414353,4.2970705,0.642042,2.1351087,97.95313,981.453,5.0374055,1.5246162,0.0,0.0,1.0,0.0,0.0,0.0,1.0
86.2511,-2.0316787,57.22431,23.785841,4.9154334,1.8681253,0.13060561,0.043270666,-0.036308516,0.10706957,25295.646,-0.010610391,3021.868,-0.009333746,51919.99,0.073492244,49723.703,73640.64,-1324622.6,178648.16,-18350.04,173.93011,76.147514,75.67304,108.653366,48.31908,13.175077,87.83696,132.39613,-2.9016385,165.34541,105.80176,0.0,101.48534,0.5846072,45.82113,39.027927,1.0,0.0,14.729255,122.9035,-41.49938,2.0,2.177348,1.0,0.0,0.0,1.0,0.0,0.0,0.0,1.0,0.0,1.0,1.0,1.0,0.0,0.0,0.0,0.0,0.0,0.0,0.0,1.0,1.0,0.0,1.0,0.0,0.0,0.0,0.0,0.0,1.0,0.0,0.0,0.0,0.0,0.0,0.0,0.0,0.0,0.0,0.0,1.0,0.0,0.0,0.0,0.0,0.0,0.0,0.0,0.0,0.0,0.0,250.51744,151.92036,96.89509,1.5259368,1.4666544,10.354932,-0.43925175,3.1389666,13.285522,14.637441,16.925007,18.619173,6.432015,7.3834367,4.3649225,18.06246,313.07068,258.95255,-51.989525,-49.05253,31.43711,0.9090861,0.97809696,2.7462115,0.90142524,2.3716078,73.95939,374.0268,4.727805,4.2043643,0.0,0.0,1.0,0.0,0.0,0.0,1.0
64.17879,-0.58903176,27.519005,9.874189,1.4249086,0.76245946,0.16252206,-0.058883183,0.048314482,0.12496954,17754.625,0.014298186,1241.3275,0.069210365,72636.695,0.06470706,143226.8,-136024.62,-1440648.6,211599.27,35321.566,131.13272,58.567123,120.965385,46.67516,24.295746,51.481503,42.034702,79.86078,5.2822714,160.86887,62.580357,0.0,43.682945,-3.859722,80.09234,25.294338,1.0,0.0,11.912227,87.127846,207.38309,1.0,1.6753839,1.0,0.0,1.0,0.0,1.0,1.0,0.0,0.0,0.0,1.0,1.0,1.0,0.0,0.0,1.0,0.0,0.0,0.0,0.0,0.0,1.0,0.0,0.0,0.0,0.0,0.0,0.0,0.0,1.0,0.0,0.0,0.0,0.0,0.0,0.0,0.0,0.0,0.0,0.0,0.0,0.0,0.0,0.0,0.0,0.0,0.0,0.0,0.0,0.0,0.0,36.887447,137.78249,64.24953,6.7852936,8.236076,39.730442,9.013595,9.599051,32.742645,17.031963,18.912306,24.416025,4.103219,5.622572,6.2342877,46.924606,207.23116,127.14557,54.613743,-3.5131414,37.52283,0.57775056,0.69017136,2.920255,0.06957048,-0.4582782,-5.2512937,814.633,4.0003357,2.738391,0.0,0.0,1.0,0.0,0.0,0.0,0.0
74.4429,2.6098187,-7.352313,4.2819586,-1.3143561,2.4132094,0.13384104,0.33996075,0.05970685,-0.038870092,19173.629,0.0019160439,6289.613,-0.0050829235,100250.79,-0.015164198,86392.15,853126.75,2245092.5,227046.6,122633.58,209.53217,56.260086,150.31262,151.19057,37.746174,85.56494,75.544914,113.87275,17.316008,144.79298,61.52189,0.0,84.156906,1.4520639,59.71685,31.622753,0.0,1.0,9.933637,24.846863,-205.15562,1.0,1.5388935,1.0,0.0,0.0,0.0,0.0,1.0,0.0,0.0,0.0,1.0,0.0,0.0,1.0,0.0,1.0,0.0,0.0,0.0,0.0,0.0,0.0,0.0,0.0,0.0,0.0,0.0,0.0,0.0,1.0,0.0,0.0,0.0,0.0,0.0,0.0,1.0,0.0,1.0,0.0,0.0,1.0,0.0,0.0,0.0,0.0,0.0,0.0,0.0,0.0,0.0,147.19943,156.46753,97.99479,20.52775,27.197773,66.032776,23.79861,15.454557,63.23413,33.451477,37.460297,46.959167,6.292658,7.0016537,1.2024275,31.675453,330.4563,285.13638,73.38933,28.096138,61.087666,0.96083456,1.1912446,3.2752647,1.4379408,3.7957983,255.87747,1287.6799,5.0463696,2.54352,0.0,1.0,0.0,0.0,1.0,0.0,0.0
88.72268,8.860107,24.701166,1.6288761,3.8126302,1.194242,0.08140215,0.25681767,-0.015212885,-0.05058605,-6605.7573,0.0036954368,1857.6796,0.03115496,-15302.987,-0.009927156,90447.67,525852.3,42064.68,93370.805,37025.723,150.30519,62.196724,191.76077,89.231926,37.710667,132.69505,-7.095744,10.25999,4.384679,169.74582,50.527576,0.0,-11.938012,1.7694327,44.373684,17.865639,1.0,0.0,12.074325,126.528656,-15.264238,1.0,1.5871568,1.0,0.0,1.0,0.0,0.0,0.0,0.0,1.0,0.0,0.0,0.0,0.0,0.0,1.0,0.0,0.0,0.0,0.0,0.0,0.0,0.0,0.0,0.0,0.0,0.0,0.0,0.0,0.0,1.0,0.0,0.0,0.0,0.0,0.0,1.0,0.0,0.0,0.0,0.0,0.0,0.0,0.0,0.0,0.0,0.0,0.0,0.0,0.0,0.0,0.0,1013.1816,95.264595,65.26318,9.502953,12.688028,32.325825,10.831968,5.371277,29.77159,17.952164,9.812367,9.249096,4.8148713,5.181891,2.9677827,19.983221,236.17764,199.12077,167.76724,116.65264,48.85942,0.8616054,0.95341283,1.8573487,2.7650168,1.135556,259.0103,372.90796,3.136075,3.2162952,0.0,0.0,1.0,0.0,0.0,1.0,0.0
63.16621,5.466474,60.763462,7.2742686,3.479195,-0.24906111,0.10934092,0.015732834,0.0139625855,-0.04153956,79280.664,-0.025639154,13945.589,0.0054599573,243696.05,-0.06578933,81879.44,-219571.56,-1568469.1,257684.64,56410.5,172.34267,57.89026,140.20415,143.02774,50.987373,99.94946,29.413492,91.180275,7.527768,182.71709,150.02959,1.0,33.512436,-2.6157954,79.75782,50.153545,0.0,0.0,13.02695,133.08014,157.98389,0.0,2.7791708,0.0,0.0,0.0,0.0,0.0,0.0,0.0,0.0,0.0,1.0,1.0,1.0,0.0,0.0,1.0,0.0,0.0,0.0,0.0,0.0,0.0,1.0,0.0,0.0,0.0,0.0,0.0,0.0,1.0,0.0,0.0,0.0,0.0,0.0,0.0,1.0,0.0,1.0,0.0,0.0,0.0,0.0,0.0,0.0,0.0,0.0,0.0,0.0,0.0,0.0,-1412.2229,135.878,61.454853,11.953016,10.8811455,47.708515,13.151707,7.3868504,45.700294,22.506208,26.555933,33.043907,4.372532,6.5335937,7.4884486,75.03245,256.96393,154.17038,61.26442,-15.208156,87.907486,0.8444219,1.178435,0.84918475,-0.6770038,0.8635934,50.973637,669.7421,5.6145887,2.8853457,0.0,1.0,0.0,0.0,0.0,1.0,0.0
45.843666,1.7001289,60.06843,15.8579235,6.91765,2.0446498,0.22623713,0.15115838,0.07681222,0.15570298,-3714.7686,0.010554815,-45.135815,0.03942423,-33685.45,0.017766206,20286.023,-497343.47,-691209.9,139243.03,40354.92,119.05829,48.768932,137.63899,92.69243,39.35001,29.572323,10.622674,49.42639,-6.9629703,159.44885,47.09588,0.0,10.473809,-0.877505,63.405083,21.62457,1.0,0.0,15.272183,48.83679,40.6735,1.0,1.4819638,0.0,0.0,1.0,0.0,1.0,1.0,0.0,1.0,0.0,0.0,0.0,1.0,0.0,0.0,1.0,0.0,1.0,1.0,0.0,0.0,0.0,0.0,0.0,0.0,0.0,0.0,0.0,0.0,0.0,1.0,0.0,0.0,0.0,0.0,0.0,0.0,0.0,0.0,0.0,1.0,0.0,0.0,0.0,0.0,0.0,0.0,0.0,0.0,0.0,0.0,1782.8896,137.85,68.153725,-3.7606194,-3.183772,13.708344,-5.521091,-3.6627617,11.22672,0.15513945,-7.2053165,-11.932947,3.1549356,4.3120465,3.497711,53.27664,160.16588,89.5852,97.96975,50.548244,35.551388,1.2287977,1.3389609,1.9739311,1.3312001,-0.21275388,214.97215,454.53772,3.9120662,2.1699376,0.0,0.0,0.0,1.0,0.0,0.0,0.0
74.61939,4.263986,31.46904,3.277206,3.1888452,1.3841999,0.117521875,0.038160376,-0.0053815786,0.013261146,-2753.697,0.0057891975,-1531.2622,0.023267847,-26328.914,0.021359803,43576.91,118032.31,-273972.1,184222.33,40929.49,127.048355,39.848095,126.696266,69.08887,18.996702,50.334476,25.891512,65.6553,1.2850026,154.78516,19.54734,0.0,26.423243,1.2594935,65.1424,12.707996,1.0,0.0,11.550438,91.09537,80.40667,0.0,1.175016,1.0,0.0,0.0,0.0,1.0,1.0,0.0,0.0,0.0,1.0,1.0,1.0,0.0,0.0,0.0,0.0,0.0,0.0,0.0,0.0,0.0,0.0,1.0,0.0,1.0,0.0,0.0,0.0,1.0,1.0,0.0,0.0,0.0,0.0,0.0,1.0,0.0,0.0,0.0,0.0,0.0,0.0,0.0,0.0,0.0,0.0,0.0,0.0,0.0,0.0,870.5855,116.88161,69.20913,3.7296207,6.4708166,12.482664,2.6815789,2.0943828,8.498869,4.555649,7.14622,9.56614,3.7436378,5.1039443,3.4479408,35.140984,173.48929,110.60448,73.51182,22.481623,39.829376,0.8621926,0.8710023,2.402862,2.0343313,1.3263427,17.469341,256.99432,3.7687976,3.5626698,0.0,1.0,0.0,0.0,0.0,0.0,1.0
83.09542,3.5023434,40.18169,10.665925,4.1686697,1.0466659,0.101965025,-0.0062184473,-0.026555967,0.017662823,-22961.16,0.006846364,1470.1802,0.017348666,-9888.221,-0.018659554,109670.45,-15437.871,498251.66,278546.97,76029.1,134.50862,42.224384,137.01485,87.39094,26.910072,48.518692,-0.9354795,35.237507,2.991666,167.447,73.9973,0.0,-4.320597,4.0448,48.910007,26.815125,1.0,1.0,9.893057,141.42363,52.984276,0.0,1.840789,1.0,0.0,0.0,0.0,0.0,1.0,0.0,1.0,1.0,1.0,0.0,1.0,0.0,0.0,0.0,0.0,0.0,0.0,0.0,0.0,0.0,0.0,0.0,0.0,0.0,0.0,0.0,0.0,1.0,0.0,0.0,0.0,0.0,0.0,1.0,1.0,0.0,0.0,0.0,0.0,1.0,0.0,0.0,0.0,0.0,0.0,0.0,0.0,0.0,0.0,411.59564,139.75494,81.50866,5.640914,7.704391,14.275628,4.491082,1.3801973,9.031908,6.733153,10.447507,13.915582,4.208557,5.559684,5.744265,45.005333,171.31485,102.927666,121.02844,45.62919,62.952465,0.8640938,0.9710888,2.5769758,2.4620156,1.6047773,-113.69384,259.1061,3.5378802,4.43143,0.0,0.0,1.0,0.0,0.0,1.0,0.0
53.10972,2.1411505,30.958912,-5.2297688,0.20452225,1.4185061,0.17503935,0.25768483,0.21087411,0.100995354,-9167.695,-0.024340462,6708.156,0.018953692,50729.0,0.072085515,97274.555,38392.363,-797963.44,281602.22,125605.76,132.82477,42.146553,-7.742966,101.90786,35.017517,-22.984734,78.83807,147.21907,10.865113,160.50833,48.561848,0.0,88.89614,0.02402227,106.07035,22.559113,0.0,0.0,11.208401,57.44863,-103.35362,2.0,1.524084,0.0,0.0,1.0,0.0,0.0,0.0,0.0,0.0,0.0,1.0,0.0,1.0,0.0,0.0,1.0,0.0,0.0,1.0,0.0,0.0,1.0,0.0,0.0,0.0,0.0,0.0,0.0,0.0,0.0,0.0,0.0,0.0,0.0,0.0,0.0,0.0,0.0,0.0,0.0,0.0,1.0,0.0,0.0,0.0,0.0,0.0,0.0,0.0,0.0,0.0,-175.14085,159.17723,84.78863,7.048439,13.042434,64.02851,10.010303,8.271255,63.916515,24.506779,33.613575,45.835007,4.480861,6.4859495,3.0767732,66.93251,179.8119,84.89033,-204.85565,-239.38531,120.68912,0.9564388,1.3197298,3.2269702,0.46268758,1.8773075,207.31497,1182.0686,6.0344105,6.3756385,0.0,1.0,0.0,0.0,1.0,0.0,0.0
86.77067,3.5100074,17.900652,2.1692076,0.19139966,0.9885688,0.15626024,0.08784699,0.051032104,0.06382064,25266.69,-0.0003186954,2966.6946,0.03330673,57568.375,0.006474775,26350.639,315757.9,-242748.08,214253.97,65228.93,124.065346,54.17296,131.06381,63.76111,30.435085,88.99665,21.946093,64.993904,10.443678,154.05815,69.208694,0.0,18.589094,-3.507209,68.7032,31.272985,0.0,0.0,9.515023,138.89694,202.1241,2.0,1.7038199,1.0,0.0,0.0,0.0,1.0,0.0,0.0,1.0,0.0,0.0,0.0,1.0,0.0,0.0,0.0,0.0,0.0,0.0,0.0,0.0,0.0,0.0,0.0,0.0,0.0,0.0,0.0,0.0,1.0,1.0,0.0,0.0,1.0,0.0,0.0,0.0,0.0,0.0,0.0,0.0,0.0,0.0,0.0,0.0,0.0,0.0,0.0,0.0,0.0,0.0,1196.1526,131.25002,68.56111,14.301418,16.108591,47.824806,16.309767,12.211683,46.59504,24.95817,26.735584,32.41632,4.3378396,5.814394,4.6836123,40.1788,187.7714,124.44888,51.995415,8.658838,55.5703,0.6841605,0.8605403,2.0931082,1.1713653,0.8960956,69.42241,752.4801,4.464527,-1.9628065,1.0,1.0,0.0,0.0,0.0,1.0,0.0
69.081955,-4.1055264,82.65851,26.984995,6.2113047,0.8291835,0.11114809,-0.26122108,-0.08984971,0.03691274,39706.09,-0.011150189,7948.3467,-0.013118854,88117.055,-0.026087698,62552.965,-136273.69,-1536765.9,238023.55,24249.186,182.06163,85.97175,57.8401,161.73509,77.09886,-46.84213,59.05357,120.57307,-10.5705185,158.55843,91.47134,0.0,63.400772,-0.74676836,53.67333,37.62388,1.0,0.0,14.128456,160.66861,-3.36066,1.0,1.9753819,0.0,0.0,1.0,0.0,0.0,0.0,0.0,0.0,0.0,1.0,1.0,1.0,0.0,0.0,0.0,0.0,0.0,1.0,0.0,0.0,0.0,0.0,0.0,0.0,0.0,0.0,0.0,0.0,0.0,0.0,0.0,0.0,0.0,0.0,0.0,0.0,0.0,0.0,0.0,0.0,0.0,0.0,0.0,0.0,0.0,0.0,0.0,0.0,0.0,0.0,141.22998,163.36487,87.67399,-4.979243,-9.157133,-12.680156,-8.509403,-5.168852,-13.906252,-3.7240953,6.5138416,2.8756313,5.3155684,6.5606904,5.3729944,36.37255,310.17548,225.97437,-52.295574,-100.46636,85.54528,1.4003508,1.5404497,0.9655625,-0.32104248,1.301624,-124.08913,329.69016,5.291968,2.2673109,0.0,0.0,1.0,0.0,0.0,0.0,0.0
92.94567,4.142225,45.80287,7.914256,4.4681144,1.7408662,0.15499464,0.2122241,0.05795706,0.08263061,6435.566,0.0008653825,581.07477,0.024963118,1009.6319,0.021995317,73882.234,136046.9,-998092.7,220246.81,44205.652,81.39217,32.506126,92.48445,8.868997,4.275412,43.543106,15.350425,38.64876,-0.7248355,158.69455,74.31619,0.0,11.607959,0.6627359,71.395035,31.587973,1.0,0.0,12.923356,176.71613,26.387817,1.0,1.8005658,0.0,0.0,1.0,0.0,1.0,0.0,0.0,1.0,0.0,1.0,0.0,1.0,0.0,0.0,0.0,0.0,0.0,0.0,0.0,0.0,0.0,0.0,0.0,0.0,1.0,0.0,0.0,0.0,1.0,1.0,0.0,0.0,1.0,0.0,1.0,0.0,0.0,0.0,0.0,0.0,0.0,0.0,0.0,0.0,0.0,0.0,0.0,0.0,0.0,0.0,-330.13486,114.6674,66.97384,3.997927,3.3959587,28.406755,4.2542605,3.5627902,28.972113,14.712777,7.37774,7.3464184,3.621627,4.897266,3.6791894,42.967422,92.441246,71.788475,29.4774,9.457192,41.928272,0.44011575,0.45845088,1.5224495,1.7779264,1.168513,291.77765,240.25537,3.5135646,1.650809,0.0,0.0,0.0,1.0,0.0,1.0,0.0
83.30546,1.8242853,33.06601,10.650533,4.012658,1.662681,0.1398523,0.18193962,0.028590286,0.1523236,10671.739,0.008624258,3980.9368,0.024326077,52714.812,0.05862707,80121.43,-80208.24,221448.16,173930.12,96446.56,94.3928,44.70535,53.810474,70.7189,36.462147,-25.304424,-8.800725,15.421235,5.500557,160.39178,86.85049,0.0,-18.900284,1.5052482,46.72195,35.53601,0.0,0.0,15.053034,122.9352,-52.702232,2.0,1.9178716,1.0,0.0,0.0,0.0,0.0,0.0,0.0,0.0,1.0,0.0,0.0,0.0,1.0,0.0,0.0,0.0,0.0,0.0,0.0,1.0,0.0,0.0,0.0,0.0,0.0,0.0,0.0,0.0,0.0,0.0,0.0,0.0,0.0,0.0,0.0,0.0,0.0,0.0,0.0,1.0,1.0,0.0,0.0,0.0,0.0,0.0,0.0,0.0,0.0,0.0,-1260.8491,125.8834,81.79655,4.467981,7.9109693,32.55323,5.3127656,5.5746965,33.26371,19.791464,12.518145,10.754633,3.2362595,4.6912603,3.5144463,58.29287,111.69978,78.01985,-27.447685,-52.165886,53.971073,1.0728307,1.1274247,1.8320307,0.9907012,0.9726557,351.3768,700.584,3.6327882,2.414292,1.0,1.0,0.0,0.0,0.0,1.0,1.0
58.664967,-2.7105296,33.668934,12.418704,0.31694832,1.5800219,0.14834961,0.083437584,0.053850144,0.07021173,-6259.873,-0.018211978,5097.8223,0.041533783,-9541.172,0.046090104,59773.246,-178444.53,-2380131.5,203529.36,29634.475,151.4491,69.46268,62.082344,133.40382,61.382195,22.100618,49.976048,114.653885,4.7027473,160.32265,77.02217,0.0,51.985973,-5.622144,102.305214,30.738176,1.0,0.0,15.5747795,155.41165,-22.099699,2.0,1.8419886,1.0,0.0,1.0,0.0,1.0,1.0,0.0,1.0,0.0,1.0,1.0,1.0,0.0,1.0,0.0,0.0,0.0,1.0,0.0,0.0,1.0,0.0,0.0,0.0,0.0,0.0,0.0,0.0,0.0,0.0,0.0,1.0,0.0,0.0,0.0,1.0,0.0,0.0,0.0,1.0,1.0,0.0,0.0,0.0,0.0,0.0,0.0,0.0,0.0,0.0,-531.9595,157.87885,88.578316,6.0165076,8.110638,37.043957,6.780136,8.720894,39.48074,22.359869,26.820822,35.315468,4.126494,5.896181,3.1913292,50.030113,225.00934,122.35391,-78.51819,-125.68866,91.395935,1.230588,1.6212313,4.621853,0.5884719,0.65267885,92.70988,825.87573,5.485596,1.1589631,0.0,0.0,1.0,0.0,0.0,0.0,0.0
68.51418,0.17055623,51.113422,15.557424,5.0227675,1.7678792,0.17080519,0.050488118,0.035564464,0.0937478,26289.01,0.011810346,6012.8003,0.044661712,91951.69,-0.0024729292,73342.625,-203414.28,-595198.8,210365.72,32404.375,96.66676,56.10542,116.62591,64.198906,41.05299,29.624977,17.190079,42.188107,-1.0029744,164.24306,56.52431,0.0,18.068125,1.2012116,53.155815,22.734976,1.0,0.0,12.339419,61.420853,47.916283,1.0,1.6153758,0.0,0.0,1.0,0.0,1.0,1.0,0.0,1.0,0.0,1.0,0.0,1.0,0.0,1.0,1.0,0.0,1.0,1.0,0.0,0.0,0.0,0.0,0.0,0.0,0.0,0.0,0.0,0.0,0.0,0.0,0.0,0.0,0.0,0.0,0.0,0.0,0.0,0.0,0.0,0.0,0.0,0.0,0.0,0.0,0.0,0.0,0.0,0.0,0.0,0.0,1217.0251,149.72626,80.537346,3.0390878,3.199598,19.95711,2.7131124,2.9974358,15.807543,7.531885,3.1052136,1.3930721,3.3263092,4.432986,4.9822392,50.678154,132.29666,78.13815,81.19827,32.197308,41.62886,0.95212203,1.1157634,1.3814383,0.73771906,0.26545778,111.911285,470.21832,3.065371,0.4198628,1.0,1.0,0.0,0.0,0.0,1.0,1.0
73.58122,-6.920223,28.136576,33.14546,1.5025294,2.3404083,0.24873576,0.05279855,0.007674044,0.1484889,96158.31,-0.0028002055,6663.9736,0.013316303,220622.56,-0.008000336,135247.66,-129367.07,-1303754.8,314569.84,-5954.9297,160.55948,53.715218,109.14152,66.32046,22.240274,27.17763,48.043526,78.77213,4.5879908,140.76628,95.003174,0.0,48.216812,-5.5201797,51.750206,44.373425,0.0,1.0,16.462551,123.28924,74.12508,1.0,1.8731153,1.0,0.0,0.0,0.0,0.0,0.0,0.0,0.0,0.0,1.0,1.0,0.0,0.0,0.0,0.0,0.0,0.0,0.0,0.0,1.0,0.0,0.0,0.0,0.0,0.0,0.0,0.0,0.0,0.0,0.0,0.0,0.0,0.0,0.0,0.0,0.0,0.0,0.0,0.0,0.0,0.0,0.0,0.0,0.0,0.0,0.0,0.0,0.0,0.0,0.0,-911.8418,176.13115,84.90316,12.903872,9.356596,19.963753,10.642876,10.424722,19.312315,18.44093,25.883911,26.829996,5.9789333,6.9299784,4.270902,22.06466,273.59814,236.24686,49.67211,20.512638,18.685844,0.46041587,0.6229689,2.8593137,0.9864012,1.3147842,40.05426,905.61053,4.7406225,0.82407147,0.0,0.0,1.0,0.0,1.0,0.0,0.0
72.39709,1.455431,77.05692,12.474492,7.0598793,-0.27128366,-0.0029766606,-0.09887966,-0.025688015,-0.0111422045,1441.535,-0.01629231,6797.703,-0.004866796,94613.83,-0.019483337,148124.27,-831945.0,-3788013.2,156306.0,53324.305,154.47002,69.9469,111.76812,163.81201,72.54508,53.58606,28.981243,85.628716,-15.315837,171.3772,52.273907,0.0,32.578403,2.879743,38.912323,19.780685,1.0,0.0,11.306275,121.5599,105.85529,0.0,1.5987359,0.0,0.0,1.0,1.0,0.0,1.0,0.0,1.0,0.0,1.0,0.0,1.0,0.0,0.0,0.0,0.0,0.0,0.0,0.0,0.0,0.0,0.0,0.0,0.0,0.0,0.0,0.0,0.0,0.0,0.0,0.0,0.0,0.0,0.0,0.0,0.0,0.0,0.0,0.0,1.0,0.0,1.0,1.0,0.0,0.0,0.0,0.0,0.0,0.0,0.0,2053.396,104.38871,65.13153,-14.100558,-13.548015,13.613185,-14.571094,-14.793773,15.856419,2.7830324,-0.89396715,0.56662,3.1882126,5.3100796,6.281715,75.83546,229.14655,116.02713,42.90182,-26.259129,65.43973,1.5181918,1.718494,2.8633034,1.5519787,2.3543103,100.43737,714.5481,4.599536,1.7044317,1.0,0.0,1.0,0.0,0.0,0.0,1.0
56.994797,1.1073308,21.292677,4.015468,1.9591016,-0.66583294,-0.033036575,0.20416759,0.08818449,0.072661564,110193.5,0.009239511,17143.352,-0.045624964,430802.03,0.16848107,1514.8579,166093.4,316955.1,-33688.25,136768.03,286.34174,94.381004,323.30994,356.3408,122.17862,256.16663,63.02725,152.04282,12.801113,180.83128,146.28937,1.0,71.51204,-4.8491287,-13.283977,49.62957,1.0,0.0,13.395266,37.80317,-31.53431,2.0,2.6948152,1.0,0.0,0.0,0.0,0.0,0.0,0.0,0.0,0.0,0.0,0.0,0.0,0.0,0.0,1.0,0.0,0.0,1.0,0.0,0.0,0.0,0.0,0.0,0.0,0.0,0.0,0.0,0.0,0.0,0.0,0.0,0.0,0.0,0.0,0.0,0.0,0.0,0.0,0.0,0.0,1.0,0.0,0.0,0.0,0.0,0.0,0.0,0.0,0.0,0.0,2392.1572,164.78511,105.443565,15.122273,19.687836,119.93242,23.946053,7.8112135,117.24212,57.260616,40.821293,45.91661,3.2828612,5.6099467,7.1219773,84.15943,459.37982,307.68878,288.01932,182.81323,56.725555,2.374294,2.946944,-1.2141072,-1.8483377,3.0055628,881.155,1982.5089,6.499862,5.533505,0.0,1.0,0.0,0.0,0.0,0.0,1.0
76.405846,-0.2642478,24.30747,11.169949,0.9716031,1.7477267,0.2497839,-0.0063418746,0.07945788,0.19099985,47692.25,0.010289542,4086.3997,0.032206338,86930.4,0.13138628,40863.44,-30910.021,-1299374.5,209588.5,179.79195,75.79957,36.58142,38.386482,-8.115192,4.939763,-12.278988,16.867723,37.386524,7.364909,139.50603,36.943817,0.0,10.318347,-4.165587,67.20989,24.660011,0.0,0.0,12.141109,146.63638,73.52037,2.0,1.2466922,1.0,0.0,0.0,0.0,0.0,0.0,0.0,1.0,0.0,1.0,1.0,0.0,0.0,0.0,0.0,0.0,0.0,0.0,0.0,0.0,0.0,0.0,0.0,0.0,0.0,0.0,0.0,0.0,0.0,0.0,0.0,0.0,0.0,0.0,0.0,0.0,0.0,0.0,0.0,1.0,0.0,0.0,0.0,0.0,0.0,0.0,0.0,0.0,0.0,0.0,839.4081,117.92883,55.09751,11.364781,8.982802,14.579027,8.180346,10.707504,12.180257,10.069479,24.418074,28.86768,4.206376,5.193508,2.3658342,22.329073,96.96246,76.0142,-68.30064,-72.8709,45.25054,0.44759783,0.56859857,2.7558858,1.1911727,1.437397,8.277159,375.84726,3.7790194,3.9729412,0.0,0.0,1.0,0.0,0.0,0.0,1.0
93.394196,-3.2394168,34.024883,15.669816,1.4279076,1.593885,0.20603316,-0.0036426354,0.00311818,0.18930407,49890.168,0.0044509154,-136.55743,0.039390497,136055.4,0.12252953,35676.285,-394269.7,-1446892.6,166651.16,-13070.619,85.77703,18.423948,35.640766,36.195976,4.275682,-12.329662,24.87322,41.32442,3.8085706,151.21626,48.413372,0.0,23.786228,-4.867046,50.863785,24.14615,1.0,0.0,12.456439,152.04695,15.50424,0.0,1.4293834,1.0,0.0,0.0,1.0,0.0,0.0,0.0,1.0,0.0,1.0,1.0,0.0,0.0,0.0,0.0,0.0,0.0,0.0,0.0,1.0,1.0,0.0,0.0,0.0,0.0,0.0,0.0,0.0,1.0,0.0,0.0,0.0,0.0,0.0,0.0,0.0,0.0,0.0,0.0,1.0,0.0,0.0,0.0,0.0,0.0,0.0,0.0,0.0,0.0,0.0,1161.1599,133.68962,74.959625,8.082452,6.310721,12.943492,6.3642035,9.297237,14.355977,17.195662,23.240911,25.693977,3.907683,5.4558635,4.0821133,46.684223,90.356606,57.147015,-77.10701,-75.30274,38.13904,0.626963,0.78100854,2.2824445,0.9433088,0.48005998,12.470367,472.3346,3.2249432,3.5565567,0.0,0.0,1.0,0.0,0.0,0.0,1.0
33.831646,-1.9581616,68.89419,34.26263,4.142922,1.0690926,0.11484259,-0.2169792,-0.13240735,-0.0052687703,73586.2,-0.019272236,10908.96,-0.025012558,126125.27,-0.044296034,182147.34,582900.94,1129560.5,361873.97,57226.574,355.3434,132.86241,194.98909,315.61194,114.6095,71.43669,115.478264,217.1703,1.1413863,185.75294,215.4443,1.0,135.45,2.6517284,64.95937,71.13234,0.0,0.0,18.151571,-33.617477,47.210373,1.0,3.5347748,0.0,0.0,0.0,0.0,0.0,0.0,0.0,0.0,0.0,1.0,0.0,0.0,0.0,0.0,1.0,0.0,0.0,0.0,0.0,0.0,0.0,0.0,0.0,0.0,0.0,0.0,0.0,0.0,1.0,1.0,0.0,0.0,0.0,0.0,0.0,1.0,0.0,1.0,0.0,0.0,1.0,0.0,0.0,0.0,0.0,0.0,0.0,0.0,1.0,0.0,-519.2577,215.86804,107.948616,7.3889785,6.358635,17.95135,5.937562,2.174817,18.27695,17.953146,29.329222,36.660847,8.074683,9.631257,8.493293,42.709316,663.7232,509.20148,99.363976,7.8338532,61.80435,1.7387829,2.0175376,0.76663846,-1.5525095,2.6034095,-168.86974,1138.9897,7.9342685,3.35241,0.0,1.0,0.0,0.0,0.0,1.0,0.0
84.59958,7.298755,30.787392,0.60602784,3.508705,0.5757528,0.06506775,0.035866886,0.014007598,0.025383007,4052.0059,0.005481964,3431.73,0.011173574,20971.85,0.018654805,13619.068,129249.2,-421332.38,207844.81,55430.887,92.512245,38.709385,135.71265,43.0341,18.328943,70.57209,8.02643,46.989807,3.8528972,168.0784,72.20125,0.0,3.3704598,1.7205553,56.64243,26.600336,1.0,0.0,11.352599,148.58592,23.380634,2.0,1.8259989,1.0,0.0,0.0,0.0,1.0,1.0,0.0,0.0,0.0,1.0,0.0,1.0,0.0,1.0,0.0,0.0,0.0,0.0,0.0,0.0,0.0,0.0,0.0,0.0,0.0,0.0,0.0,0.0,1.0,0.0,0.0,1.0,1.0,0.0,0.0,1.0,0.0,0.0,0.0,0.0,1.0,0.0,0.0,0.0,0.0,0.0,0.0,0.0,0.0,0.0,28.712072,101.75996,65.99779,6.297373,8.48832,26.504917,5.564669,4.619758,23.005627,11.698397,12.020752,14.201963,2.6372747,4.3675046,4.796666,52.897526,102.465034,40.02186,107.91792,42.92506,54.42094,0.79610425,0.9015414,2.0917728,1.5662591,1.964604,115.058586,193.5065,3.5722764,3.608952,0.0,1.0,0.0,0.0,0.0,0.0,1.0
86.98922,5.397835,28.757591,8.490844,3.6563911,0.97166836,0.11052151,0.05233681,0.016676381,0.06816354,18933.203,0.016877739,1819.4121,0.044128746,4177.3105,0.029750574,60508.11,-124361.164,-804090.06,180515.98,49797.96,67.360085,31.965458,85.35605,12.386017,10.6179,18.882542,-23.934425,-7.8606915,4.86474,164.31834,76.417595,0.0,-33.446663,-0.3782688,43.26937,28.939392,1.0,0.0,13.078168,154.01527,83.34732,1.0,1.8421441,1.0,0.0,0.0,0.0,0.0,1.0,0.0,1.0,0.0,1.0,0.0,0.0,0.0,0.0,0.0,0.0,0.0,0.0,0.0,1.0,0.0,0.0,1.0,0.0,0.0,0.0,0.0,0.0,1.0,0.0,0.0,0.0,0.0,0.0,0.0,0.0,0.0,0.0,0.0,1.0,0.0,0.0,0.0,0.0,0.0,0.0,0.0,0.0,0.0,0.0,-259.79636,93.66157,58.835632,8.060647,7.3229175,18.594364,7.8587303,7.440506,17.247978,13.874565,11.902021,12.155936,2.7779994,4.21146,3.961079,48.626247,64.45041,23.335367,48.335186,3.4224105,45.51748,0.6540331,0.6148481,1.8247266,1.3614283,0.5465025,110.410194,-91.90883,2.651701,1.3440608,1.0,0.0,1.0,0.0,0.0,0.0,1.0
81.811264,-0.7879751,28.881464,17.873667,1.8526267,0.4748648,0.043277517,-0.035306375,-0.02177098,-0.031784374,85402.06,-0.009277228,10078.699,-0.009877263,272825.1,-0.035637576,135705.1,-174769.72,599036.75,394318.8,124484.29,210.04942,62.14683,187.47336,157.58337,47.220833,96.24821,43.857674,96.82509,8.985499,178.81157,126.867836,1.0,50.851845,-1.2827977,19.538553,41.224922,1.0,0.0,11.3184,62.049164,117.393135,0.0,2.450361,1.0,0.0,1.0,0.0,0.0,0.0,0.0,0.0,0.0,0.0,0.0,0.0,0.0,0.0,0.0,0.0,0.0,0.0,0.0,1.0,0.0,0.0,0.0,0.0,0.0,0.0,0.0,0.0,0.0,0.0,0.0,0.0,0.0,0.0,0.0,0.0,0.0,0.0,0.0,0.0,0.0,0.0,0.0,0.0,0.0,0.0,0.0,0.0,0.0,0.0,607.5249,179.54118,106.816154,15.17677,16.14528,51.258987,16.491394,12.00766,51.767628,30.669264,33.83335,41.604156,5.2571535,7.130527,8.574273,57.77289,357.34253,241.54362,167.9946,79.8454,41.09221,1.0160675,1.2457823,1.5827584,-0.1265539,3.1927183,160.08464,1162.399,4.6215634,7.2378974,0.0,1.0,0.0,0.0,0.0,0.0,1.0
59.076057,6.285295,29.326107,8.3337755,1.8630964,0.85379046,0.15451925,0.21873938,0.04813918,0.017709155,86426.25,-0.0021242949,12203.21,-0.035496224,204024.77,0.0061389627,114898.32,711001.8,-372671.1,147125.16,104166.164,206.0106,90.90803,141.51779,148.42043,65.98026,50.12433,87.41426,141.60754,-0.8346388,163.74893,122.014915,1.0,99.35208,-1.3352327,49.549408,47.130386,1.0,1.0,12.039646,55.57638,72.82721,1.0,2.3322413,1.0,0.0,0.0,0.0,0.0,0.0,0.0,0.0,0.0,1.0,0.0,0.0,0.0,0.0,1.0,0.0,0.0,0.0,0.0,1.0,0.0,0.0,0.0,0.0,0.0,0.0,0.0,0.0,1.0,0.0,0.0,0.0,0.0,0.0,0.0,1.0,0.0,1.0,0.0,0.0,1.0,0.0,0.0,0.0,0.0,0.0,0.0,0.0,0.0,0.0,-755.877,116.26622,57.578003,6.339229,6.7543464,57.75988,8.150516,4.9557686,53.812622,28.718777,29.014805,35.833817,6.213744,7.1372356,4.997233,32.71461,367.93155,310.02713,70.05751,32.997974,51.02605,0.94827944,1.1503463,1.8084524,-0.9576318,4.1350055,300.3296,1571.6313,5.9162245,0.15265125,0.0,0.0,0.0,0.0,0.0,1.0,0.0
76.311455,0.76800627,37.188435,10.80801,1.8548067,0.7168586,0.18755843,-0.07965453,0.019709816,0.07338108,7571.5874,0.002091934,2952.6396,0.02940273,-10252.589,0.015746431,52853.37,-36085.13,-977717.94,321061.66,48523.098,81.353935,24.884867,50.25716,32.551125,9.496341,4.2061715,13.453994,57.158928,8.064227,153.84732,80.09268,0.0,7.9434175,-1.3226815,80.161736,34.220882,1.0,1.0,9.509237,150.30165,68.07115,0.0,1.836821,1.0,0.0,1.0,0.0,0.0,0.0,0.0,1.0,0.0,1.0,1.0,1.0,0.0,0.0,0.0,0.0,0.0,0.0,0.0,0.0,0.0,0.0,0.0,0.0,0.0,0.0,0.0,0.0,1.0,0.0,0.0,0.0,0.0,0.0,0.0,0.0,0.0,0.0,0.0,0.0,1.0,0.0,0.0,0.0,0.0,0.0,0.0,0.0,0.0,0.0,184.85094,150.90517,70.45504,12.132705,10.227496,20.580841,9.471463,9.633587,16.330446,11.2499275,23.60591,28.369373,3.2107286,5.0160036,6.0217075,54.072895,61.597355,-8.484951,-36.068775,-90.148506,79.11644,0.60431385,0.8091591,2.2687707,1.1355464,0.963849,-192.4862,336.35587,3.952243,2.6813817,0.0,0.0,1.0,0.0,0.0,0.0,0.0
62.33065,6.2037907,24.237013,8.10721,4.3036923,0.7404293,0.095499076,0.18180647,0.0532227,-0.031228896,29435.932,0.0007759737,-297.7779,0.0079647405,38215.375,-0.024213264,85277.03,-22593.662,459814.62,181270.08,113786.086,172.58685,53.559364,204.20683,121.66154,37.059937,108.39892,43.547886,101.51415,3.5183568,149.54361,106.54781,0.0,44.800945,1.295648,36.25159,43.704834,1.0,0.0,9.1563015,114.50504,345.05722,2.0,2.084525,0.0,0.0,0.0,0.0,0.0,0.0,0.0,0.0,0.0,1.0,1.0,1.0,0.0,0.0,0.0,0.0,0.0,0.0,0.0,0.0,0.0,0.0,0.0,0.0,0.0,0.0,0.0,0.0,1.0,0.0,0.0,0.0,0.0,0.0,0.0,1.0,0.0,0.0,0.0,0.0,0.0,0.0,0.0,0.0,0.0,0.0,0.0,0.0,0.0,0.0,903.2,126.86468,66.299995,6.8790107,10.698162,45.07813,9.747948,5.5747576,41.947002,17.244091,7.2678885,6.309388,4.1380587,5.5958304,6.8444924,55.506435,247.84018,163.895,194.8794,128.03137,19.707157,0.9271456,1.0788939,2.2940516,1.2911496,1.6187828,215.73021,773.94226,4.562145,1.4972166,0.0,0.0,1.0,0.0,0.0,1.0,0.0
76.04088,3.1630478,7.184823,1.9149363,-0.6074287,1.6950574,0.17152049,0.09779637,0.07292781,0.08200576,33187.98,0.0072456333,2957.4172,0.0075408574,27143.957,0.12747692,86495.016,473142.06,-1529595.4,120811.516,19752.688,145.00703,69.96358,66.93399,52.942333,29.808142,33.95414,81.46852,128.82329,5.0443034,134.16472,54.937714,0.0,87.04129,-2.4439435,71.09939,32.709915,1.0,1.0,7.7083945,154.49083,109.54465,1.0,1.4009471,1.0,0.0,0.0,0.0,1.0,1.0,0.0,0.0,0.0,1.0,1.0,0.0,0.0,0.0,0.0,0.0,0.0,0.0,0.0,0.0,0.0,0.0,1.0,0.0,0.0,0.0,0.0,0.0,1.0,0.0,0.0,0.0,0.0,1.0,0.0,1.0,0.0,1.0,0.0,0.0,0.0,0.0,0.0,0.0,0.0,0.0,0.0,0.0,0.0,0.0,1346.9795,113.67908,59.489567,7.512452,7.2428274,39.320602,7.182357,9.924412,36.84354,20.716702,29.945757,36.63814,5.786945,6.612766,2.5804684,23.371546,252.3061,201.0415,-70.34265,-78.723015,67.545944,0.59999096,0.80475986,4.4881516,0.6570555,2.818963,111.891556,1145.3958,5.17105,3.9608004,0.0,0.0,1.0,0.0,0.0,0.0,1.0
72.917946,0.3798792,28.338594,9.877846,3.2382336,1.518274,0.12204059,0.12910041,0.039769113,0.09942141,5648.423,0.007975066,1661.7712,0.036116216,37548.727,0.027579797,42054.94,-169707.0,-580070.9,161761.38,50433.008,92.61482,33.942787,131.5789,92.15368,38.523327,66.87534,4.9148054,49.057716,5.655988,162.29582,53.697517,0.0,1.5948831,-0.12278837,59.35531,21.883139,1.0,0.0,11.789808,178.37346,204.2571,2.0,1.5766008,0.0,0.0,0.0,0.0,1.0,1.0,0.0,1.0,0.0,1.0,1.0,1.0,0.0,0.0,0.0,0.0,0.0,0.0,0.0,0.0,0.0,0.0,0.0,0.0,1.0,0.0,0.0,0.0,1.0,1.0,0.0,0.0,1.0,0.0,1.0,0.0,0.0,0.0,0.0,1.0,0.0,0.0,0.0,0.0,0.0,0.0,0.0,0.0,0.0,0.0,2190.59,156.73636,94.74992,8.051198,9.663525,35.942383,7.2262907,4.4175777,36.282185,19.198524,14.26781,13.62846,1.4486227,3.2687995,3.3814952,66.21789,74.79569,-2.7026322,97.58199,30.207731,52.060757,1.3302764,1.4839437,2.0421286,2.1850002,0.5958299,299.63187,503.9402,4.2628417,4.058634,0.0,1.0,0.0,0.0,0.0,0.0,1.0
56.769844,-6.5371485,50.51363,24.871117,0.8649489,0.7384818,0.14022051,0.003415414,-0.0017647971,0.011412961,104813.04,-0.034226134,16581.385,-0.04104801,362652.9,-0.082574755,85971.125,-93873.195,-1111309.1,362870.4,94060.195,235.0475,68.92133,140.00085,217.98697,68.13326,62.64039,99.5772,191.43721,7.980776,159.22878,157.17146,0.0,111.83303,-3.9074156,66.09177,60.909256,1.0,0.0,13.763355,88.416435,-59.644314,0.0,2.7081194,0.0,0.0,0.0,0.0,0.0,0.0,0.0,0.0,0.0,0.0,0.0,0.0,0.0,0.0,1.0,0.0,0.0,0.0,0.0,0.0,0.0,0.0,0.0,0.0,0.0,0.0,0.0,0.0,1.0,0.0,0.0,0.0,0.0,0.0,0.0,0.0,0.0,1.0,0.0,0.0,1.0,0.0,0.0,0.0,0.0,0.0,0.0,0.0,1.0,0.0,-407.31247,213.0012,107.18324,13.893537,13.395964,49.803326,15.189666,8.306833,50.875706,32.303234,38.6405,49.121,5.252986,7.4296103,7.0851007,61.87878,378.12622,253.7628,36.4221,-17.785494,61.203304,1.3013638,1.8317883,2.557337,-0.61208594,3.59506,34.67319,1031.976,6.8545046,0.25680485,0.0,1.0,0.0,0.0,0.0,0.0,1.0
78.04841,-1.5660075,56.63491,18.63996,4.7892213,1.7515105,0.1277208,-0.010550668,-0.03846433,0.056287523,1296.7078,0.04031435,4484.7617,0.03920739,42547.586,0.19150063,147991.12,234550.52,895909.2,478502.6,130950.26,120.236244,29.803709,138.6512,92.007706,25.582264,26.85012,10.438732,60.276928,12.446512,170.82286,113.786156,0.0,5.9058223,4.452567,50.9389,38.933777,0.0,0.0,11.010478,116.5148,57.1907,1.0,2.3077412,1.0,0.0,0.0,0.0,0.0,0.0,0.0,0.0,0.0,0.0,0.0,1.0,0.0,0.0,0.0,0.0,0.0,0.0,0.0,0.0,0.0,0.0,0.0,0.0,0.0,0.0,0.0,0.0,0.0,0.0,0.0,0.0,0.0,0.0,0.0,0.0,0.0,0.0,1.0,0.0,1.0,0.0,0.0,0.0,0.0,0.0,0.0,0.0,1.0,0.0,-327.90408,213.63898,124.54181,14.598382,13.895248,35.020405,14.062169,8.9414425,28.579462,16.829008,15.306386,15.195762,2.4198794,4.63789,7.3199253,75.653915,131.3209,36.713856,131.15543,30.826921,86.418274,1.0180721,1.1703862,0.51110816,1.5334156,0.48135814,13.334641,277.33252,3.4284277,2.1435528,0.0,1.0,0.0,0.0,0.0,1.0,0.0
78.58694,3.0747511,45.91583,14.221829,5.756126,1.3051322,0.09830006,0.042493343,-0.025054958,0.018836437,43689.043,0.0055572023,2020.2612,0.0064464426,44873.977,-0.023177335,64186.63,243179.81,-308541.78,199976.86,17878.371,120.63993,60.001358,111.41791,40.989967,27.239662,21.647207,35.369858,73.00672,-0.19886734,161.3911,91.4969,0.0,34.757027,0.73607904,43.406624,34.928436,1.0,0.0,13.780538,168.96889,165.87796,1.0,1.9973365,0.0,0.0,0.0,0.0,0.0,1.0,0.0,1.0,0.0,1.0,1.0,1.0,0.0,0.0,0.0,0.0,0.0,0.0,0.0,0.0,1.0,0.0,0.0,0.0,0.0,0.0,0.0,0.0,0.0,0.0,0.0,0.0,1.0,0.0,1.0,1.0,0.0,0.0,0.0,0.0,0.0,0.0,0.0,0.0,0.0,0.0,0.0,0.0,0.0,0.0,87.74485,130.25215,79.93983,4.5379906,3.8205016,12.136351,3.794433,3.7464721,9.122998,7.8478236,5.1874347,1.5643911,4.5367556,5.549716,4.1821704,29.737768,198.688,149.14128,55.00947,19.055656,42.60066,0.57861453,0.6548749,1.0891517,0.36681724,0.94680476,205.75946,33.280205,3.8283632,2.499339,0.0,0.0,1.0,0.0,0.0,1.0,0.0
90.13816,-2.4750497,23.593681,15.819585,2.2265863,0.6113485,0.066718765,-0.02196422,-0.042001564,0.10879359,46490.582,0.004208034,3947.6492,0.030802514,234233.97,-0.061403476,105460.32,-357274.03,-722425.56,215042.33,31645.002,135.70062,40.499958,189.96866,112.27701,34.22216,121.985886,-1.4063625,34.805798,11.480941,169.95209,77.60247,1.0,-3.928427,-0.1841417,42.366043,28.00972,1.0,1.0,11.553589,175.224,78.24681,1.0,1.8565085,1.0,0.0,0.0,0.0,1.0,1.0,0.0,1.0,0.0,1.0,0.0,0.0,0.0,0.0,1.0,0.0,1.0,0.0,0.0,1.0,0.0,0.0,1.0,0.0,0.0,0.0,0.0,1.0,1.0,1.0,0.0,0.0,0.0,0.0,0.0,1.0,0.0,0.0,1.0,0.0,0.0,0.0,0.0,0.0,0.0,0.0,0.0,0.0,0.0,0.0,697.12317,148.62495,85.58831,12.704634,13.5294075,38.957527,14.050348,7.7791305,38.947525,26.723795,22.0331,22.793415,2.759419,4.733739,6.014334,73.92603,178.79185,100.19391,219.4042,118.58814,40.83134,1.0106194,1.2316445,1.2883143,1.8578641,-0.15801409,204.74042,947.7393,3.6293066,2.9972851,0.0,0.0,1.0,0.0,0.0,0.0,1.0
73.375145,3.336381,41.78616,10.908547,3.9562883,1.082669,0.108430654,0.044063933,-0.019104252,-0.006573596,18502.908,0.0022631283,1297.4679,0.026006332,-27444.428,-0.012994559,77778.02,158725.23,-687737.0,218100.1,61005.906,135.90706,61.12694,123.30268,88.37038,42.127724,45.11928,6.2824197,53.690777,1.5255523,159.2601,97.300674,0.0,-1.451273,-1.1211756,71.49067,38.23117,0.0,0.0,12.681742,183.63579,135.17245,2.0,2.0551796,1.0,0.0,1.0,0.0,1.0,1.0,0.0,1.0,0.0,1.0,1.0,1.0,0.0,0.0,0.0,0.0,0.0,0.0,0.0,0.0,0.0,0.0,0.0,0.0,0.0,0.0,0.0,0.0,0.0,1.0,0.0,1.0,1.0,0.0,0.0,0.0,0.0,0.0,0.0,0.0,0.0,0.0,0.0,0.0,0.0,0.0,0.0,0.0,0.0,0.0,-401.08817,137.36797,75.892044,6.4189596,5.818193,24.356537,6.0579767,5.643148,23.607273,12.5996,11.521126,12.09798,4.0258436,5.2958407,5.186321,36.968346,195.68484,119.830086,65.39395,4.242615,59.727303,0.9037516,1.0477976,2.3159497,1.0746173,0.6185409,144.77773,412.20218,4.1992936,1.3203819,0.0,0.0,1.0,0.0,0.0,1.0,0.0
75.32611,-2.828757,62.361073,25.25362,6.91518,0.9501776,0.09671867,0.09903663,0.016591124,0.074862175,33338.55,-0.0092465505,3225.0698,0.003962008,65592.94,-0.03681428,92389.37,-392863.7,-1824704.6,253889.12,64981.34,127.64362,54.362053,107.45335,82.51167,37.723927,25.852396,48.7246,98.98359,-3.3897653,159.59486,127.043884,0.0,50.789074,0.0018314957,51.225636,48.62912,1.0,0.0,16.06813,177.48958,56.91389,0.0,2.3967154,1.0,0.0,0.0,0.0,0.0,1.0,0.0,0.0,0.0,1.0,1.0,1.0,0.0,0.0,0.0,0.0,0.0,0.0,0.0,0.0,0.0,0.0,0.0,0.0,0.0,0.0,0.0,0.0,1.0,1.0,1.0,1.0,0.0,0.0,0.0,0.0,0.0,1.0,0.0,0.0,0.0,0.0,0.0,0.0,0.0,0.0,0.0,0.0,0.0,0.0,-623.8736,156.8779,92.58668,-1.2810974,-1.760425,32.236168,-0.855199,-0.46689963,31.62989,17.011387,2.7013543,-2.0902717,3.731557,5.508204,6.0526495,56.127563,180.0978,113.34101,54.275623,22.628963,14.450934,0.80687684,0.9814042,1.6656697,0.45911077,0.8433668,364.44608,163.40706,4.3256254,2.4989715,0.0,0.0,1.0,0.0,0.0,1.0,0.0
88.82304,9.27956,29.230352,3.9986749,4.291794,0.7391718,0.036729164,0.100724265,-0.033659793,-0.014924294,-3623.5225,0.00470468,-589.6092,-0.008214032,-20293.531,0.017178364,59183.047,379665.97,-862969.1,106568.7,28757.951,159.1769,66.14184,154.706,79.87873,32.14297,96.89292,55.958565,96.53495,1.36583,168.87709,90.10671,0.0,63.94529,2.90732,24.599972,32.12122,1.0,0.0,8.924367,157.31073,90.398834,1.0,2.0126088,1.0,0.0,0.0,0.0,0.0,1.0,0.0,1.0,1.0,1.0,1.0,0.0,0.0,0.0,1.0,0.0,0.0,0.0,0.0,1.0,0.0,0.0,1.0,0.0,0.0,0.0,0.0,1.0,1.0,0.0,0.0,0.0,0.0,0.0,0.0,1.0,0.0,1.0,0.0,0.0,0.0,0.0,0.0,0.0,0.0,0.0,0.0,0.0,0.0,0.0,535.2855,80.77212,60.756958,4.6493483,6.6522393,21.202368,4.6831555,3.500164,18.694643,14.83292,11.594666,11.474432,5.470459,6.3435807,4.932737,29.483335,273.26785,222.15645,104.159134,59.456257,58.70878,0.7113929,0.67640525,2.1587834,2.4896367,2.6504006,92.69012,372.90945,3.9705148,2.9129665,1.0,0.0,1.0,0.0,0.0,0.0,1.0
85.62094,-4.2700653,29.386696,10.320909,0.44503877,1.2144849,0.096928604,0.03265245,0.072314344,0.11111809,49387.566,0.000801664,7307.161,0.010424734,131696.48,0.044232067,113039.12,256149.5,-1873198.2,194537.12,58303.035,131.56367,68.11454,57.078327,86.376305,46.91597,2.881938,52.48718,104.790985,0.20269318,149.1831,61.309704,0.0,53.292015,-3.551308,60.921776,30.268627,0.0,0.0,9.667035,166.14246,115.993195,2.0,1.5721792,1.0,0.0,0.0,0.0,1.0,1.0,0.0,1.0,0.0,1.0,1.0,0.0,0.0,0.0,1.0,0.0,1.0,0.0,0.0,0.0,1.0,0.0,0.0,0.0,0.0,0.0,0.0,0.0,1.0,1.0,1.0,1.0,0.0,0.0,0.0,0.0,0.0,0.0,0.0,0.0,1.0,0.0,0.0,0.0,0.0,0.0,0.0,0.0,0.0,0.0,2219.7483,156.05798,92.82261,2.7252486,2.3770573,48.8246,5.2835784,3.9660945,47.585438,27.092121,29.327303,39.684235,4.065759,5.476889,3.8719358,42.440212,206.88911,121.51244,-61.246723,-90.92089,58.554413,0.9819793,1.2481823,3.9119701,-0.16030484,2.0201657,186.75671,840.3733,4.9338665,3.1000962,0.0,0.0,1.0,0.0,0.0,0.0,1.0
70.67742,-4.4301357,62.43342,32.87405,5.763557,-0.9757702,-0.041651003,-0.26474264,-0.12150634,-0.07624787,99438.414,-0.03400515,6861.0127,-0.040713586,215468.88,-0.19975191,256270.56,-282894.0,-3211879.0,213393.92,22098.139,297.99185,126.71859,186.33087,245.2595,100.55542,109.266685,132.07391,210.66716,-10.147457,166.47118,163.96643,0.0,154.3223,-0.1571313,4.037269,59.35172,1.0,1.0,12.784283,40.032894,186.84117,1.0,2.798231,1.0,0.0,0.0,0.0,0.0,0.0,0.0,1.0,0.0,1.0,1.0,0.0,0.0,0.0,1.0,0.0,0.0,0.0,0.0,1.0,1.0,0.0,0.0,0.0,0.0,0.0,0.0,0.0,1.0,1.0,0.0,0.0,0.0,0.0,0.0,1.0,0.0,0.0,1.0,0.0,0.0,0.0,0.0,0.0,0.0,0.0,0.0,0.0,0.0,0.0,1584.6765,155.96304,79.47068,-2.9707208,-6.8500733,32.114006,-0.53593177,-4.334628,29.757893,20.032413,15.911143,16.522,7.7048535,9.011186,10.854654,43.16363,561.3367,435.56308,132.30966,60.376026,38.192577,1.1772181,1.549958,-0.026032567,-2.1518357,1.8559333,78.45398,1483.6449,6.200424,2.9692783,0.0,0.0,1.0,0.0,1.0,0.0,0.0
43.34097,2.4957683,61.979,21.566257,5.534972,1.1784691,0.21969858,-0.079589345,0.004255164,0.044949215,27396.871,-0.0054570055,8204.969,0.021210821,77586.36,0.012462115,66440.26,21960.754,-1571711.2,292226.3,33459.12,157.79495,61.024143,76.009796,120.76202,47.674377,1.8699346,70.28365,142.55644,1.5916733,162.52158,129.9016,0.0,77.69083,0.12863417,103.908775,50.7123,0.0,0.0,15.821382,74.121185,-49.509666,2.0,2.4494185,0.0,0.0,1.0,0.0,1.0,1.0,0.0,0.0,0.0,0.0,0.0,1.0,0.0,0.0,1.0,0.0,0.0,1.0,0.0,0.0,1.0,0.0,0.0,0.0,0.0,0.0,0.0,0.0,1.0,1.0,0.0,1.0,0.0,0.0,0.0,1.0,0.0,1.0,0.0,1.0,1.0,0.0,0.0,0.0,0.0,0.0,0.0,0.0,0.0,0.0,-309.43823,159.4393,61.977875,4.1445746,3.6950917,7.9137564,1.0897523,0.04878974,6.0777698,0.7148832,11.701152,10.772495,4.1413274,5.9117723,5.0686393,63.625294,231.28165,127.22302,-44.77401,-91.67523,76.68765,1.1010804,1.4846869,2.1854477,-0.011228561,0.68741536,-213.40724,152.33948,6.2204466,4.480348,0.0,1.0,0.0,0.0,0.0,1.0,0.0
78.43695,3.7846713,28.283123,8.601033,1.5547895,0.24567738,0.121662,-0.10465331,0.021152942,0.057508066,51879.3,0.013510183,9393.808,0.024905693,94184.2,0.05589001,86690.21,28784.957,-627090.9,329721.1,90045.85,91.401825,67.89166,109.4901,24.734018,35.822918,19.476507,-27.857826,10.852457,1.7052577,158.42456,68.10303,0.0,-40.477425,-0.3592963,58.065147,28.439991,1.0,1.0,12.281322,160.03502,-19.083212,2.0,1.7060261,0.0,0.0,0.0,0.0,1.0,1.0,0.0,0.0,0.0,1.0,1.0,0.0,0.0,0.0,0.0,1.0,0.0,0.0,0.0,0.0,0.0,0.0,1.0,0.0,0.0,0.0,1.0,0.0,0.0,0.0,0.0,1.0,0.0,0.0,0.0,0.0,0.0,0.0,0.0,1.0,1.0,0.0,0.0,0.0,0.0,0.0,0.0,0.0,0.0,0.0,-681.6923,90.30692,41.983387,4.472225,4.4798574,20.00289,2.9625652,5.500005,16.722715,11.279324,20.272793,23.163961,3.0528674,4.753448,5.7424626,62.830647,150.1342,69.86125,86.40972,10.966991,61.07822,0.7029599,1.1628226,3.8220892,1.514991,1.4081254,-68.208534,191.18304,3.5908368,3.6865764,0.0,0.0,1.0,0.0,1.0,0.0,0.0
76.351204,3.6009808,44.329872,11.320434,5.510317,1.5636892,0.09678857,-0.0039528403,-0.025841007,0.05590043,16929.916,0.011224681,2777.3826,0.01990437,71329.26,-0.012231074,131103.89,150478.22,-43881.793,253371.25,60705.93,141.3596,67.79489,133.00516,72.57759,37.89994,34.375553,15.4219,56.788292,-2.4293735,163.67587,79.18278,0.0,12.045628,3.9414327,46.71015,29.790916,1.0,0.0,8.923852,175.58704,220.9827,2.0,1.8738192,1.0,0.0,0.0,0.0,1.0,1.0,0.0,0.0,1.0,1.0,0.0,0.0,0.0,0.0,1.0,0.0,1.0,1.0,0.0,0.0,0.0,0.0,1.0,1.0,0.0,0.0,0.0,0.0,1.0,1.0,0.0,0.0,0.0,0.0,0.0,1.0,0.0,0.0,0.0,0.0,0.0,0.0,0.0,0.0,0.0,0.0,0.0,0.0,0.0,0.0,-108.904686,142.6658,82.86602,0.09843856,1.3268902,10.029241,-0.66878814,0.26873899,6.912909,4.078506,1.2332246,0.8348212,4.6061516,5.6328692,6.4136677,38.069656,235.12932,171.08649,98.75493,31.032507,46.10365,0.7791209,0.80506724,2.3440137,2.1747193,0.8175556,68.716934,523.13416,3.7327657,2.5908751,0.0,1.0,0.0,0.0,0.0,0.0,0.0
72.215164,2.8192744,65.88619,19.90935,7.3027854,1.0078624,0.17279382,-0.002744008,0.017541632,0.13287187,27846.729,0.005485263,119.15663,-0.0073179365,23037.863,0.043312423,98857.13,-278764.1,198748.19,347454.22,102212.555,114.13809,32.999676,73.88124,38.57059,7.8517804,-30.096767,47.387165,110.69844,0.75258106,165.73102,159.94275,0.0,50.53554,2.5272295,54.5646,58.424557,0.0,0.0,12.506719,123.78211,94.32324,2.0,2.7815363,0.0,0.0,0.0,0.0,0.0,0.0,0.0,0.0,0.0,0.0,0.0,1.0,1.0,0.0,0.0,0.0,0.0,0.0,0.0,1.0,0.0,0.0,0.0,0.0,0.0,0.0,0.0,0.0,1.0,0.0,0.0,1.0,0.0,0.0,0.0,0.0,0.0,0.0,0.0,0.0,1.0,0.0,0.0,0.0,0.0,0.0,0.0,0.0,0.0,0.0,-1446.7102,155.41394,76.60558,2.7283194,1.1391481,11.221902,0.9867715,2.615811,11.456416,6.191954,6.2403407,4.176884,4.292766,6.1400185,8.440437,58.514538,159.32796,74.768875,16.439407,-38.808334,50.123486,0.6343334,0.52617776,1.5298095,0.5964327,1.2692275,-36.322178,192.2054,4.9136047,3.988219,0.0,1.0,1.0,0.0,0.0,0.0,1.0
63.243946,6.10733,31.555323,3.9086668,3.3083844,0.40656558,0.12066285,-0.026328323,0.034396056,0.005167379,26864.885,0.0074655116,6549.5215,0.028938329,46585.297,-0.009486663,130187.05,44371.684,-1205320.6,200944.62,76877.1,99.30048,50.34053,80.023926,62.14053,33.52947,10.619188,13.2563925,64.17612,-0.27614948,154.52452,88.10377,0.0,6.4589944,-0.5987595,68.66383,36.92282,1.0,0.0,9.625516,180.56042,152.55185,2.0,1.9301755,1.0,0.0,1.0,0.0,1.0,1.0,0.0,1.0,0.0,1.0,1.0,1.0,0.0,0.0,0.0,0.0,1.0,1.0,0.0,0.0,0.0,0.0,1.0,0.0,0.0,0.0,0.0,0.0,1.0,1.0,0.0,1.0,0.0,0.0,0.0,1.0,0.0,0.0,0.0,0.0,0.0,0.0,0.0,0.0,0.0,0.0,0.0,0.0,0.0,0.0,-68.56849,116.50095,53.146385,3.222278,2.9301543,29.108738,3.4313486,3.289535,22.817171,9.277927,10.884442,13.846678,2.8223817,4.2640095,5.8219023,61.266582,110.64706,18.05724,8.79538,-58.54203,83.565834,0.87386584,1.1573532,2.6972575,0.008585453,0.8325464,38.831642,559.95294,3.859963,3.5555558,0.0,0.0,0.0,0.0,0.0,1.0,0.0
50.732742,0.16636747,61.17006,24.353994,3.4067688,-0.31019706,0.15523177,-0.3223651,-0.0048928093,0.031148618,7546.436,-0.010776886,16296.973,0.040930346,207832.11,-0.07610914,99966.695,-429195.44,-3747340.8,522975.5,52527.758,111.893295,62.23301,96.16902,76.33719,45.14138,36.11562,12.093277,90.54182,5.5933137,172.45543,118.89869,0.0,9.682004,1.1141025,99.06925,42.70491,0.0,0.0,10.622668,165.76897,-42.593494,2.0,2.380936,0.0,0.0,0.0,0.0,0.0,0.0,0.0,0.0,0.0,1.0,0.0,0.0,0.0,0.0,0.0,0.0,0.0,0.0,0.0,0.0,0.0,0.0,0.0,0.0,0.0,0.0,0.0,0.0,1.0,1.0,0.0,0.0,0.0,0.0,1.0,1.0,0.0,1.0,0.0,0.0,1.0,0.0,0.0,0.0,0.0,0.0,0.0,0.0,1.0,0.0,-506.81796,142.15413,48.66476,5.206853,5.2648587,2.0198214,2.1801655,1.3097048,-1.614523,3.2679782,15.071299,17.404772,2.475884,5.2459188,9.073324,87.831154,152.56308,7.3975835,50.74659,-65.52374,133.00229,0.9632479,1.6689082,3.209537,2.2640107,0.35933244,-456.3676,125.622345,5.103656,-1.0668147,0.0,1.0,0.0,0.0,0.0,1.0,0.0
77.176254,3.0382965,31.345999,6.05812,2.7874386,1.7857288,0.1666789,0.09082415,0.02987047,0.016834117,4710.673,-0.0043901866,1664.1166,0.025693256,60083.363,-0.01677786,99462.97,74097.086,-500653.4,268470.7,32148.855,94.96246,11.471214,80.435,55.582394,3.0205834,35.335323,51.83582,84.27489,6.671159,151.22104,29.617884,0.0,55.829655,2.1157112,83.328224,18.37224,1.0,0.0,9.844894,142.5523,113.72877,0.0,1.2641971,1.0,0.0,0.0,0.0,0.0,1.0,0.0,0.0,0.0,0.0,1.0,0.0,0.0,0.0,0.0,0.0,0.0,0.0,0.0,0.0,0.0,0.0,0.0,0.0,0.0,0.0,0.0,0.0,0.0,0.0,0.0,0.0,1.0,0.0,1.0,0.0,0.0,0.0,0.0,0.0,0.0,0.0,0.0,0.0,0.0,0.0,0.0,0.0,0.0,0.0,-26.800375,138.32224,76.41837,11.046432,11.823709,19.668774,8.095551,5.261741,17.845009,8.233008,12.832359,12.047426,3.169639,4.673655,2.9404302,49.072533,60.408802,23.269531,4.294947,-33.47893,65.129875,0.6985263,0.8668471,1.592503,1.812678,1.5745116,71.52743,482.70776,4.2402964,-0.13886458,0.0,0.0,0.0,0.0,0.0,1.0,1.0
77.943535,4.7579784,33.380367,12.833247,4.3248982,1.3013333,0.15326454,0.05101952,-0.046427622,0.052549727,14371.158,0.024852682,2450.176,0.0264965,3613.255,0.005216943,65074.723,199064.03,1759947.9,246556.7,104293.234,102.75531,41.881096,115.94859,44.2604,20.020678,-2.9327369,-4.0103993,27.552626,5.794743,162.95168,104.76862,0.0,-9.590496,1.3221924,44.798912,39.61762,1.0,0.0,14.9184065,121.1244,-8.70428,0.0,2.157161,1.0,0.0,0.0,0.0,0.0,0.0,0.0,0.0,1.0,0.0,0.0,1.0,1.0,0.0,0.0,0.0,0.0,0.0,0.0,0.0,0.0,0.0,0.0,0.0,0.0,0.0,0.0,0.0,1.0,0.0,0.0,0.0,0.0,0.0,0.0,0.0,0.0,0.0,0.0,0.0,1.0,0.0,0.0,0.0,0.0,0.0,0.0,0.0,0.0,0.0,-1004.71246,136.31435,77.7626,8.436849,10.141063,18.583086,7.891496,8.186266,12.616709,10.977506,10.936495,7.4422455,3.754172,5.0404725,5.192151,45.645744,130.59373,74.39568,99.42967,38.21868,32.911057,0.71466315,0.8016772,1.858208,0.59379375,0.781951,26.572624,153.33699,3.3407078,3.1474564,1.0,1.0,1.0,0.0,0.0,1.0,0.0
52.029556,7.0766487,32.49632,5.8440785,3.7582254,1.021958,0.12665278,0.07185233,0.11400276,0.06635207,15569.048,0.0020657477,1704.8629,0.035150457,22158.07,0.0127148675,84474.92,-103095.12,-679590.4,164462.08,43310.207,163.91891,70.3046,143.41998,95.822655,42.41786,76.36019,37.129417,89.22413,8.184327,172.10776,111.02474,0.0,38.2454,-0.9123747,68.350235,37.2101,1.0,0.0,12.376261,95.79996,105.2644,2.0,2.288993,1.0,0.0,1.0,0.0,1.0,1.0,0.0,1.0,0.0,1.0,1.0,1.0,0.0,0.0,1.0,0.0,0.0,1.0,0.0,0.0,1.0,0.0,1.0,0.0,0.0,0.0,0.0,0.0,1.0,1.0,0.0,1.0,0.0,0.0,0.0,0.0,0.0,0.0,0.0,0.0,0.0,1.0,0.0,0.0,0.0,0.0,0.0,0.0,0.0,0.0,-94.17934,123.3077,64.83709,10.229795,13.621072,35.686134,12.223292,9.725439,31.588966,12.562036,14.146165,16.743702,4.907035,5.996502,6.04232,38.55559,275.54675,187.93597,59.301254,-5.434416,60.19571,0.7892113,0.9727801,2.0450618,0.58734965,-0.076685145,70.41457,377.0156,4.3727865,2.9720633,0.0,0.0,1.0,0.0,0.0,1.0,0.0
63.029697,6.7387466,39.637283,12.622703,4.913878,0.6615834,0.0758012,-0.01850627,-0.07682357,-0.065591484,20918.484,0.0009568297,5684.1084,0.006965725,60902.58,-0.010634486,174094.33,193510.44,-1016024.75,160928.34,21010.035,222.06047,102.14259,189.58134,147.66772,68.674416,102.689186,9.640853,59.803703,0.21562088,171.72289,86.39937,0.0,4.483826,2.6814969,52.34462,29.595016,1.0,0.0,10.033982,134.9398,237.46248,2.0,1.9909415,1.0,0.0,0.0,0.0,0.0,1.0,0.0,0.0,0.0,1.0,1.0,0.0,0.0,0.0,0.0,0.0,0.0,1.0,0.0,0.0,0.0,0.0,1.0,0.0,0.0,0.0,0.0,0.0,1.0,0.0,0.0,0.0,0.0,0.0,0.0,1.0,0.0,0.0,0.0,0.0,0.0,0.0,0.0,0.0,0.0,0.0,0.0,0.0,0.0,0.0,-1010.36755,87.33594,47.568832,2.6753175,6.079781,8.877395,3.0275013,0.9475297,5.6117473,6.5945725,5.23115,7.1678267,6.18113,6.91391,5.8117642,31.285368,417.43118,318.3071,144.5669,72.83294,51.923218,1.047952,1.2070662,3.8828325,2.3510213,1.8125033,-13.884647,665.37317,4.507189,2.4738905,0.0,0.0,1.0,0.0,0.0,1.0,0.0
71.030556,1.2082036,34.9355,8.0257,3.0465934,0.9287563,0.1251184,0.060694665,0.044782165,0.104655854,25609.709,0.002269991,1442.7904,0.031161683,70168.92,0.046996627,16722.549,-243495.67,-1356733.6,108380.63,28897.379,97.94395,37.68625,105.12247,71.592575,29.38825,48.208664,25.37302,61.300213,4.7698483,157.07019,69.401344,0.0,22.774706,-2.8702567,43.18422,29.24922,1.0,0.0,12.833918,140.55904,137.48845,2.0,1.7249053,0.0,0.0,0.0,0.0,0.0,0.0,0.0,1.0,0.0,1.0,1.0,1.0,0.0,0.0,0.0,0.0,0.0,0.0,0.0,0.0,1.0,0.0,0.0,0.0,0.0,0.0,0.0,0.0,1.0,0.0,0.0,0.0,0.0,0.0,0.0,0.0,0.0,0.0,0.0,0.0,0.0,0.0,0.0,0.0,0.0,0.0,0.0,0.0,0.0,0.0,723.90356,125.974174,73.63411,7.1185465,7.9208326,32.766884,7.6466684,6.2553325,30.258984,17.27548,14.409599,14.535484,2.849825,4.5256243,4.0077295,53.997566,108.88317,51.87444,30.501621,-6.6045737,58.881653,0.9547766,1.1059004,1.233891,0.7755048,0.60981417,225.32474,415.18835,3.7834759,1.6502291,0.0,0.0,1.0,0.0,0.0,0.0,1.0
17.616083,9.6022215,-13.694582,-21.059015,-4.252222,2.0756145,0.27745256,0.51918536,0.2844448,0.18301257,17079.129,0.017341586,13308.641,0.0030558868,144529.52,0.12065112,96412.64,1187704.9,1338630.0,199867.39,163702.7,150.36646,85.592026,152.82614,95.92803,58.51936,74.47941,112.06612,179.5205,20.532158,176.33382,43.15199,1.0,132.2412,-1.4768087,107.581604,16.669008,0.0,1.0,10.202258,-87.606705,-189.27917,1.0,1.5193858,0.0,0.0,0.0,0.0,0.0,0.0,0.0,0.0,0.0,1.0,0.0,0.0,0.0,1.0,1.0,0.0,0.0,0.0,0.0,1.0,0.0,0.0,0.0,0.0,0.0,0.0,0.0,1.0,1.0,1.0,0.0,1.0,0.0,0.0,0.0,0.0,0.0,1.0,0.0,0.0,1.0,0.0,0.0,0.0,0.0,0.0,0.0,0.0,0.0,0.0,-97.534386,129.52664,58.416786,18.438908,26.373743,114.1377,22.342339,17.275963,101.94019,45.06139,51.496803,67.23428,4.8047647,6.236156,1.837528,56.717037,253.12643,172.22342,75.72306,-0.20781122,151.53331,1.0319669,1.6934637,2.899938,-0.80071425,3.262416,572.2827,2509.843,7.191907,4.220088,1.0,1.0,0.0,0.0,1.0,0.0,0.0
87.425735,1.1832771,52.067257,11.1526375,2.5055702,0.9679284,0.096639946,0.05346598,-0.022240704,-0.048732337,35148.973,-0.006062025,7630.328,0.0010360194,124439.42,-0.034211665,66919.53,32368.729,-485946.94,389937.44,136105.16,135.20154,30.929052,107.0569,101.018684,24.219883,23.612844,28.250948,74.21347,1.5472935,165.03012,92.34077,0.0,29.42094,-0.63928,63.05096,35.06255,1.0,1.0,11.753381,132.71306,-11.959297,0.0,2.027403,0.0,0.0,0.0,0.0,0.0,0.0,0.0,0.0,0.0,0.0,0.0,0.0,0.0,0.0,0.0,0.0,0.0,0.0,0.0,1.0,0.0,0.0,0.0,0.0,0.0,0.0,0.0,0.0,0.0,0.0,0.0,0.0,0.0,0.0,0.0,0.0,0.0,1.0,0.0,0.0,0.0,0.0,0.0,0.0,0.0,0.0,0.0,0.0,0.0,0.0,-725.73285,155.88875,88.59543,8.830749,7.0442295,30.032368,8.548834,5.458886,30.698961,18.247908,22.846727,28.933098,3.7121062,5.41994,5.916413,55.21719,163.6091,94.34272,63.88691,2.2649355,63.5689,0.8539504,1.0342519,1.9456655,0.8014374,2.626889,69.40264,384.3491,4.4362354,0.13344349,0.0,1.0,0.0,0.0,0.0,0.0,1.0
64.91586,-13.493101,33.542854,22.044897,0.8933404,0.86617064,0.17900597,0.18014295,0.09590426,0.16081826,66472.26,-0.012921021,1741.6952,-0.013388269,193039.3,0.027734019,59611.93,-475759.88,-4954048.5,160003.86,11605.824,155.73755,72.97231,131.38014,76.25727,38.88262,97.52629,119.13836,180.45918,-6.3993754,117.88703,21.42587,0.0,131.84128,-9.088921,45.56118,28.270409,1.0,0.0,13.060336,55.32263,-108.103226,1.0,0.9131597,1.0,0.0,0.0,0.0,0.0,0.0,0.0,0.0,0.0,1.0,1.0,0.0,0.0,0.0,0.0,1.0,0.0,0.0,0.0,1.0,1.0,0.0,1.0,0.0,0.0,0.0,0.0,0.0,0.0,0.0,0.0,1.0,0.0,0.0,0.0,0.0,0.0,0.0,0.0,0.0,1.0,0.0,0.0,0.0,0.0,0.0,0.0,0.0,0.0,0.0,3112.561,173.10553,82.84121,-1.2812973,-3.3905423,68.66984,1.2104086,0.8771316,67.02998,31.82861,22.3902,26.956184,5.2647967,6.763368,3.9316528,35.766247,280.5678,202.09003,28.854511,28.447546,27.56771,0.6202738,1.1525605,4.0858727,-0.042096496,1.9897175,575.34686,1652.6394,5.225026,1.1463152,0.0,0.0,1.0,0.0,0.0,0.0,1.0
72.08578,6.3124933,33.494915,5.1554947,3.8733823,0.33154663,0.05420389,-0.02941313,0.025621796,-0.0008908135,16180.855,0.0039226874,5788.4033,0.021483427,49558.035,-0.03720853,117672.91,40205.062,-1090465.8,199335.28,96049.32,142.80034,67.978806,132.25053,99.26533,48.52757,52.543667,-9.783334,38.9453,-0.82113343,163.71881,75.366165,0.0,-17.934443,0.36338502,49.36219,29.748209,0.0,0.0,10.83363,153.5986,137.62854,2.0,1.8276235,1.0,0.0,0.0,0.0,1.0,1.0,0.0,1.0,0.0,1.0,0.0,1.0,0.0,0.0,1.0,0.0,0.0,0.0,0.0,0.0,1.0,0.0,0.0,0.0,1.0,0.0,0.0,0.0,1.0,1.0,1.0,1.0,1.0,0.0,0.0,0.0,0.0,0.0,0.0,0.0,1.0,0.0,0.0,0.0,0.0,0.0,0.0,0.0,0.0,0.0,872.7025,104.72686,57.603397,0.8412937,2.4961681,26.912586,2.1885264,-0.9130802,22.869436,9.018942,9.1850195,12.834116,3.693311,5.0484085,5.4249988,44.11913,212.99553,122.30917,87.10506,8.772816,58.02789,1.0136601,1.1484182,2.8168387,1.1116699,1.1245693,27.449757,363.61435,3.8267784,2.5609715,0.0,0.0,1.0,0.0,1.0,0.0,0.0
80.00326,6.1462355,46.913284,5.748337,5.0341177,1.3638266,0.13860908,0.13803992,0.012035002,0.08453758,-35119.664,0.022003237,-89.27721,0.024494505,-67613.375,0.05237223,104498.27,32515.865,-798943.4,246078.06,75362.96,61.707985,26.916515,105.19348,-9.160098,-0.7503357,19.81616,-2.4137478,18.47575,-4.384253,170.32375,58.64942,0.0,-6.431044,2.289301,49.16594,21.130396,1.0,0.0,13.053477,133.70906,38.088715,1.0,1.6769648,1.0,0.0,0.0,0.0,0.0,0.0,0.0,1.0,1.0,0.0,0.0,0.0,1.0,0.0,0.0,0.0,0.0,0.0,0.0,0.0,0.0,0.0,1.0,1.0,0.0,0.0,0.0,1.0,1.0,0.0,0.0,1.0,0.0,0.0,0.0,0.0,0.0,0.0,0.0,1.0,1.0,0.0,0.0,0.0,0.0,0.0,0.0,0.0,0.0,0.0,-544.72705,98.6069,58.771828,-1.2717844,-0.5146296,16.847021,-2.5111156,-1.3398161,11.40239,5.9175534,3.8419447,4.81511,3.1748471,4.498784,4.2074356,49.30108,52.52902,15.673888,99.196106,46.035927,66.97309,0.5033028,0.5057068,2.2443547,2.0393703,1.7252799,144.10495,252.15512,3.2106247,3.4675746,1.0,0.0,1.0,0.0,0.0,1.0,0.0
79.329124,3.021304,46.604763,11.701696,5.507699,1.1740483,0.115106866,-0.039857674,-0.035147708,0.031535435,18136.916,0.023048341,4101.0396,0.022039799,55598.49,-0.020311981,89503.28,197105.44,282075.84,248205.78,75693.46,86.98073,49.08702,103.15225,25.019,22.329163,0.26466683,-3.6414537,25.147333,1.3752619,158.12552,74.09672,0.0,-11.453124,3.4453506,46.981644,30.767763,1.0,0.0,9.3281555,164.80826,97.222145,2.0,1.7896097,1.0,0.0,0.0,0.0,1.0,1.0,0.0,0.0,0.0,1.0,1.0,1.0,0.0,0.0,1.0,0.0,0.0,1.0,0.0,0.0,0.0,0.0,1.0,0.0,0.0,0.0,0.0,0.0,0.0,0.0,1.0,1.0,0.0,0.0,0.0,1.0,0.0,0.0,0.0,0.0,0.0,0.0,0.0,0.0,0.0,0.0,0.0,0.0,0.0,0.0,-46.252953,136.41121,76.53487,4.1196694,4.419847,12.413922,3.2296114,2.392104,5.2870083,3.5161767,3.5809972,2.2313137,3.5955236,4.614177,5.6404495,38.35548,108.83425,61.007812,83.32916,22.479044,46.684998,0.65264785,0.71110874,1.5273151,1.568922,0.9988854,46.66711,133.84567,2.9813874,2.0174477,1.0,1.0,0.0,0.0,0.0,1.0,0.0
60.49956,3.1406298,42.421295,20.8972,3.9350975,0.10580489,0.15253916,0.025816115,-0.027159786,-0.03461378,95822.914,0.0001983095,10869.609,-0.010028783,199019.84,-0.03977952,40864.24,-158734.45,179428.78,231835.9,120597.32,176.92986,53.886112,157.43161,171.32379,57.15726,36.43302,1.6595554,51.29926,-0.16947135,162.36488,148.78731,1.0,-1.2150687,-2.4540498,59.861164,55.3616,0.0,1.0,13.544874,97.144394,182.85463,2.0,2.6302388,1.0,0.0,0.0,0.0,0.0,0.0,0.0,0.0,0.0,1.0,1.0,1.0,1.0,0.0,1.0,0.0,0.0,0.0,0.0,0.0,0.0,0.0,0.0,0.0,0.0,0.0,0.0,0.0,1.0,0.0,0.0,0.0,0.0,0.0,0.0,1.0,0.0,0.0,0.0,0.0,0.0,0.0,0.0,0.0,0.0,0.0,0.0,0.0,0.0,0.0,-309.2488,146.1692,63.988396,7.958451,7.052443,37.126713,7.9908147,5.4704885,36.15494,19.191122,21.930084,25.08589,3.8143861,5.653263,7.5647554,65.836075,240.13428,151.56793,151.77922,80.955284,19.481041,1.1899722,1.5629007,1.8495402,-0.61939925,2.0968664,84.771355,908.2459,4.8774843,2.4950535,0.0,0.0,1.0,0.0,0.0,1.0,0.0
81.07648,5.267032,26.520147,1.2142696,2.6933708,0.8540164,0.085081875,0.13601363,0.060696498,0.026330013,37962.562,0.0027932762,2823.7974,0.019442117,92506.305,0.012901208,47061.926,91865.17,-131529.94,160213.64,70276.49,119.90036,46.25096,112.23989,70.509544,29.553696,67.64135,46.596645,92.959404,13.001325,165.39478,86.82397,0.0,50.584427,-1.303092,61.54309,32.997986,0.0,0.0,10.994987,117.97274,104.8811,2.0,1.9670334,1.0,0.0,0.0,0.0,1.0,1.0,0.0,1.0,1.0,1.0,0.0,1.0,0.0,0.0,0.0,0.0,0.0,0.0,0.0,1.0,0.0,0.0,1.0,1.0,1.0,0.0,0.0,0.0,1.0,1.0,0.0,0.0,0.0,0.0,0.0,0.0,0.0,0.0,0.0,0.0,0.0,0.0,0.0,0.0,0.0,0.0,0.0,0.0,0.0,0.0,407.40228,125.84458,78.691,14.155048,17.358353,51.81099,16.386784,11.980058,47.796448,22.869593,23.486572,27.863295,4.308299,5.893138,4.387847,41.86709,164.92624,95.477165,38.16936,-8.773693,44.314144,0.711597,0.8649961,1.6497488,0.5858332,0.9731314,169.29646,473.93884,4.817919,2.5849843,1.0,1.0,0.0,0.0,0.0,1.0,0.0
61.487,5.0328627,40.373146,9.105751,4.5320134,0.49121845,0.111830324,0.0323193,-0.006700217,0.050795004,-11369.501,-0.0009930447,1114.9425,0.03373728,-32319.113,-0.031202009,28039.184,-369205.7,-1663061.4,161458.42,39818.754,109.43332,45.810448,117.59171,95.41769,40.877068,61.298477,-4.4568524,50.15829,3.2232916,166.2196,112.70192,0.0,-12.538938,-1.6675721,59.80635,41.33791,1.0,0.0,12.711941,168.63623,125.15629,1.0,2.2573192,1.0,0.0,0.0,0.0,0.0,1.0,0.0,1.0,0.0,1.0,0.0,1.0,0.0,0.0,0.0,0.0,0.0,0.0,0.0,0.0,0.0,0.0,0.0,0.0,0.0,0.0,0.0,0.0,1.0,0.0,0.0,0.0,0.0,0.0,0.0,1.0,0.0,1.0,0.0,1.0,1.0,0.0,0.0,0.0,0.0,0.0,0.0,0.0,0.0,0.0,-188.42993,122.14497,62.74522,5.0544167,5.6090555,25.868643,4.748536,3.7765617,24.666914,12.737282,8.518825,6.773235,2.8033786,4.792709,5.6332917,73.1783,124.28264,29.043177,63.906418,-14.296134,105.161095,1.0767154,1.3363353,1.7930098,1.0440766,-0.38233912,127.70603,679.76105,4.241419,0.31300646,1.0,1.0,0.0,0.0,0.0,1.0,0.0
73.034874,-2.300538,59.720367,10.123075,3.90309,1.2452832,0.017693184,-0.027564017,-0.06259621,-0.02135026,5862.3804,-0.0055923476,9018.925,-0.032295335,75123.4,-0.08410111,-15000.002,163972.9,-1139620.5,205009.19,58315.957,168.17406,77.062126,158.4572,174.53589,74.90836,58.263206,23.75316,93.28535,-6.7210555,158.64854,59.836132,0.0,21.058392,0.91106784,40.01026,26.556547,1.0,0.0,11.250523,144.94807,-47.918243,0.0,1.6217698,0.0,0.0,0.0,0.0,0.0,1.0,0.0,0.0,0.0,1.0,0.0,0.0,0.0,0.0,0.0,0.0,0.0,1.0,0.0,0.0,0.0,0.0,0.0,0.0,0.0,0.0,1.0,0.0,0.0,0.0,0.0,0.0,0.0,0.0,0.0,1.0,0.0,1.0,0.0,0.0,1.0,0.0,0.0,0.0,0.0,0.0,0.0,0.0,0.0,0.0,2130.9924,174.16104,113.35451,-2.8558004,-2.2038443,20.35507,-3.7821937,-6.511986,16.96741,9.344055,10.872759,15.549949,3.4805665,5.061243,4.0014505,50.78307,248.78578,146.70793,111.910706,42.02015,84.19096,1.5878102,1.9797184,3.5496063,1.2785546,3.037215,138.15665,638.20184,4.5634828,0.7940423,0.0,0.0,0.0,0.0,0.0,0.0,1.0
80.35761,3.1857007,31.355549,13.550688,3.8799627,0.8636759,0.14224043,0.044477068,0.04958616,0.12849197,14059.754,0.009649355,1613.2826,0.033250697,25205.818,0.053375058,64090.21,-198839.31,-1229257.1,186881.02,33994.99,95.750626,49.3942,123.80784,17.85848,17.175293,58.621254,-7.2900496,22.073639,0.38626248,158.82639,87.71557,0.0,-17.309637,-0.4629498,44.399456,34.086876,1.0,0.0,12.210642,184.49626,179.69525,2.0,1.9436342,0.0,0.0,0.0,0.0,0.0,1.0,0.0,0.0,0.0,1.0,1.0,0.0,0.0,1.0,0.0,0.0,0.0,0.0,0.0,0.0,0.0,0.0,0.0,0.0,0.0,0.0,0.0,0.0,0.0,0.0,0.0,0.0,0.0,0.0,0.0,1.0,0.0,1.0,0.0,1.0,0.0,0.0,0.0,0.0,0.0,0.0,0.0,0.0,0.0,0.0,-236.8696,101.35984,54.868256,3.369987,4.0865865,23.289291,3.5814922,4.318329,22.648834,14.29771,8.954305,8.850907,3.271892,4.7586703,5.32897,50.43092,148.69392,92.23354,83.966255,41.162724,29.103565,0.612555,0.6153547,2.3745313,1.6558568,0.993878,215.48792,223.99303,3.159085,2.466698,1.0,0.0,1.0,1.0,0.0,1.0,1.0
65.49164,-2.4344156,47.622124,8.266093,2.4871686,1.2446038,0.111255996,0.17805737,0.077186674,0.06078694,-2328.22,-0.012744138,4123.127,0.0045845476,-21413.244,0.049699344,-5814.8203,39391.58,-3165904.8,135114.31,26991.668,127.81936,75.78672,68.13169,99.49887,59.58532,44.447136,48.701817,103.52392,-2.1876414,153.825,35.338554,0.0,50.65261,-2.7502985,66.77083,19.384327,1.0,0.0,12.486658,142.87956,-24.284414,2.0,1.3305278,0.0,0.0,0.0,1.0,0.0,1.0,0.0,1.0,0.0,1.0,0.0,1.0,0.0,1.0,0.0,0.0,0.0,1.0,0.0,0.0,0.0,0.0,1.0,0.0,0.0,0.0,1.0,0.0,0.0,0.0,0.0,1.0,0.0,0.0,0.0,0.0,1.0,1.0,0.0,1.0,1.0,0.0,0.0,0.0,0.0,0.0,0.0,0.0,0.0,0.0,1097.903,132.30994,81.066376,-0.29455495,1.2169468,42.183025,0.63224924,1.2329359,42.356216,20.118464,18.327782,25.159822,4.3797126,5.762325,2.1071386,36.64286,207.57233,131.41814,-70.26948,-83.6463,73.365944,1.0984482,1.4275527,3.640378,1.2410507,2.255463,400.32263,715.7276,4.789336,2.2289386,0.0,0.0,1.0,0.0,0.0,0.0,1.0
67.966805,3.02222,31.550945,12.19376,5.0970774,1.3450251,0.13920473,0.07171124,-0.035630412,0.047082562,52287.285,0.0129200695,128.80193,0.0353719,165423.25,0.03488719,94873.8,-318753.16,173091.75,68058.03,32409.68,110.51632,25.537104,110.93667,89.13411,24.158628,16.056013,46.380318,82.30622,2.9099765,152.16768,65.705376,0.0,49.158104,-0.9868636,49.941948,30.606735,1.0,0.0,14.4478,113.810425,82.31379,1.0,1.634513,1.0,0.0,0.0,0.0,0.0,0.0,0.0,1.0,0.0,1.0,1.0,0.0,0.0,0.0,0.0,0.0,0.0,0.0,0.0,0.0,0.0,0.0,0.0,0.0,0.0,0.0,0.0,0.0,0.0,0.0,0.0,0.0,0.0,0.0,0.0,0.0,0.0,0.0,0.0,1.0,0.0,0.0,0.0,0.0,0.0,0.0,0.0,0.0,0.0,0.0,-451.43015,122.43477,69.517395,6.1459794,6.95682,14.978359,6.2642198,5.9189534,13.144043,10.392289,2.640495,-7.234801,2.831851,4.3210387,3.2760549,56.434578,119.42777,66.386055,64.976326,19.223244,48.001247,1.0951582,1.1011927,0.51101106,0.2229265,-0.102956556,304.59216,524.8999,4.0067086,1.0653126,0.0,0.0,0.0,0.0,0.0,0.0,1.0
77.64035,-0.83552235,55.120533,17.41387,5.046846,2.254695,0.20625511,-0.014750043,-0.0016117401,0.14660761,-1394.4069,0.047343507,2566.3513,0.053520124,15628.537,0.2593816,137861.16,88312.68,383301.16,428850.94,110942.805,59.08183,9.549583,53.508606,30.661161,4.41374,-51.413647,4.9504275,43.79115,4.866165,153.15785,81.65342,0.0,-2.6122448,3.8668754,65.32295,34.833496,0.0,0.0,11.925918,154.28485,42.541485,1.0,1.8488564,1.0,0.0,1.0,0.0,1.0,0.0,0.0,0.0,0.0,0.0,0.0,1.0,0.0,0.0,0.0,0.0,0.0,0.0,0.0,0.0,0.0,0.0,0.0,0.0,0.0,0.0,0.0,0.0,0.0,1.0,0.0,0.0,0.0,0.0,0.0,0.0,0.0,0.0,0.0,0.0,1.0,0.0,0.0,0.0,0.0,0.0,0.0,0.0,1.0,0.0,316.76175,192.14607,104.28097,6.9648275,5.5919013,15.201301,3.7890396,2.9765441,9.580062,4.1798515,7.8106847,7.441704,1.7587653,3.8135448,5.702156,69.98404,-4.566678,-74.41463,14.029572,-60.073116,80.22426,0.8898564,1.0472454,1.5132172,2.0250444,0.080423124,-123.95347,58.284733,3.4946835,2.8452263,0.0,1.0,0.0,0.0,0.0,1.0,0.0
79.754166,0.67415005,60.530075,20.553019,6.8621364,0.11226683,-0.031286817,-0.083048284,-0.09174881,-0.055172462,83976.86,0.007973424,11419.23,-0.020131638,262052.17,0.011023853,119989.164,-59252.33,765063.2,218376.14,124038.73,185.97932,60.74704,158.09666,220.4369,79.12922,47.604694,27.196884,78.85688,2.8826566,183.74449,157.62991,1.0,29.877802,3.6507955,-1.1893444,50.501003,1.0,0.0,11.882269,112.25592,104.60565,0.0,2.846613,1.0,0.0,0.0,0.0,0.0,0.0,0.0,0.0,0.0,0.0,0.0,0.0,0.0,0.0,0.0,0.0,0.0,1.0,0.0,0.0,0.0,1.0,0.0,0.0,0.0,0.0,0.0,0.0,0.0,0.0,0.0,0.0,0.0,0.0,0.0,0.0,0.0,0.0,0.0,0.0,0.0,0.0,0.0,0.0,0.0,0.0,0.0,0.0,0.0,0.0,793.4014,192.17342,124.37144,9.092903,8.501424,40.178913,10.059883,3.8433194,39.193707,22.512093,17.10968,13.582798,3.1977837,4.9502044,9.439697,62.131374,250.17374,156.83502,134.41101,46.838524,45.548233,1.6950268,1.8173019,-1.7037134,-0.41044462,2.4824588,249.00513,915.1264,4.026653,2.4499927,0.0,1.0,0.0,0.0,0.0,0.0,1.0
73.174736,9.934565,33.823624,5.65525,5.7001657,1.321328,0.110083245,0.023519417,0.007929953,-0.010614299,9194.72,0.008251393,3257.6772,0.039458696,53901.82,0.00683926,113824.79,228677.72,507354.75,177638.27,18361.428,117.92981,37.690983,128.74327,46.299267,12.245331,55.423935,4.754415,24.815525,4.716544,167.73444,63.421288,0.0,0.4163608,4.8849955,54.697304,23.791765,1.0,0.0,11.338391,123.7875,88.60707,1.0,1.7279284,1.0,0.0,1.0,0.0,0.0,0.0,0.0,0.0,0.0,0.0,0.0,0.0,0.0,0.0,0.0,1.0,0.0,0.0,0.0,0.0,0.0,0.0,0.0,0.0,0.0,0.0,0.0,0.0,0.0,1.0,0.0,0.0,1.0,0.0,1.0,1.0,0.0,0.0,0.0,0.0,0.0,0.0,0.0,0.0,0.0,0.0,0.0,0.0,0.0,0.0,-647.7797,95.32826,57.406616,6.1723022,9.564622,9.380235,4.085303,3.3561492,4.933712,1.6706744,3.202108,-0.21515357,3.7974432,4.8957753,4.0822406,39.46611,165.97409,115.533295,89.815895,23.953043,65.653885,0.73973924,0.5962646,0.3225796,1.974793,1.189703,93.1577,325.89554,3.1631863,6.6582136,0.0,1.0,0.0,0.0,0.0,0.0,1.0
84.168,1.5622067,33.3481,6.53536,3.3288937,1.7385515,0.19018756,0.23215662,0.12021293,0.16480494,-14162.896,0.00025154217,1446.6567,0.016088566,36721.293,0.03165058,69173.13,-131502.88,-881771.9,141639.3,55305.51,67.6764,10.402872,77.207466,42.406803,5.42863,35.38993,28.337833,58.333656,3.021459,153.69272,48.071014,0.0,26.093113,0.6207395,71.31113,24.063667,1.0,0.0,10.230936,171.29433,49.194206,0.0,1.4785556,1.0,0.0,0.0,0.0,0.0,1.0,0.0,1.0,1.0,1.0,1.0,1.0,0.0,0.0,0.0,0.0,0.0,0.0,0.0,0.0,0.0,0.0,0.0,0.0,0.0,0.0,0.0,0.0,0.0,0.0,0.0,0.0,0.0,0.0,1.0,1.0,0.0,0.0,0.0,0.0,1.0,0.0,0.0,0.0,0.0,0.0,0.0,0.0,0.0,0.0,426.96988,132.22295,74.94242,4.2414036,6.210709,41.4896,5.0707874,2.3630984,40.083584,18.576546,12.86872,14.924512,2.4889414,4.11356,2.9009528,56.837593,19.087315,-13.004937,9.4075165,-12.432937,39.68129,0.8356946,0.9306486,1.8600807,1.957299,1.8100537,346.86206,616.3178,4.0364633,2.659742,0.0,1.0,0.0,0.0,0.0,1.0,0.0
72.79044,4.2690053,26.63538,1.3876636,2.897811,0.94007444,0.07684507,0.11757708,0.07905803,0.0347027,12758.623,-0.0014421978,2858.182,0.011012915,34261.113,-0.003063049,100757.74,-12943.977,-692245.8,254597.22,92144.24,121.96208,52.76367,107.58329,66.6696,31.561905,49.060837,18.948822,73.17551,6.1770144,164.34203,67.23752,0.0,15.90478,0.7749465,59.740414,26.234476,1.0,1.0,10.927921,96.18714,101.22446,2.0,1.7340801,1.0,0.0,0.0,0.0,1.0,1.0,0.0,1.0,0.0,1.0,0.0,1.0,0.0,0.0,0.0,0.0,0.0,0.0,0.0,1.0,0.0,0.0,0.0,0.0,1.0,0.0,0.0,0.0,1.0,1.0,0.0,1.0,1.0,0.0,0.0,0.0,0.0,0.0,0.0,0.0,0.0,0.0,0.0,0.0,0.0,0.0,0.0,0.0,0.0,0.0,480.2441,133.48337,79.79483,6.610192,9.407402,40.654343,8.314643,4.2208157,38.97041,16.093174,15.450542,21.134035,4.0976915,5.798744,4.57455,45.470833,179.92346,90.65242,48.456787,-22.67084,81.50716,0.789892,0.9506705,2.8474545,1.0568761,1.0187902,138.67155,480.56567,4.64707,1.106476,1.0,0.0,1.0,0.0,0.0,1.0,0.0
67.20742,-3.705911,31.334774,18.85777,-0.060704865,0.53772706,0.07504666,-0.060543787,-0.04874035,-0.046748597,110770.91,-0.005894927,10785.733,0.001176845,233310.03,-0.11868479,125007.016,243204.3,-730104.3,391409.75,115314.25,205.66885,101.11292,207.3204,139.16026,71.488,97.69877,35.09726,106.028015,2.9031916,150.18872,126.620605,0.0,33.597366,-5.2454066,41.995834,52.487934,0.0,1.0,16.472988,31.461527,-64.97812,1.0,2.2918136,1.0,0.0,0.0,0.0,0.0,0.0,0.0,0.0,0.0,1.0,0.0,0.0,0.0,0.0,0.0,0.0,0.0,0.0,0.0,1.0,0.0,0.0,0.0,0.0,0.0,0.0,1.0,0.0,0.0,1.0,0.0,0.0,0.0,0.0,0.0,1.0,0.0,1.0,0.0,0.0,1.0,0.0,0.0,0.0,0.0,0.0,0.0,0.0,1.0,0.0,-51.50674,181.66978,93.347916,10.537323,7.4403324,50.81657,12.999995,10.5617695,48.826145,31.945436,31.111946,35.25504,4.6766725,6.6409216,7.0533257,54.600277,386.95154,272.42804,184.34314,100.528366,65.02667,0.8746619,1.4873286,2.5717754,-1.2601863,1.50177,216.87437,1080.8163,4.795484,-3.649633,0.0,0.0,0.0,0.0,0.0,0.0,1.0
80.80206,1.4324669,46.170315,13.444411,4.0190473,0.24859451,0.14093128,0.018324785,-0.0016145917,0.07837111,52581.7,0.0078004454,1633.2308,0.047893062,139963.83,0.08102568,86637.19,-398266.0,-2298417.0,192669.7,31569.814,64.452324,25.568993,81.792656,5.2752132,3.8774064,34.93182,28.609694,39.378056,-4.2241297,155.0944,57.397667,0.0,30.823437,-1.9960328,30.99641,26.350407,1.0,0.0,15.21339,70.83725,53.278435,1.0,1.5736392,1.0,0.0,1.0,0.0,0.0,0.0,0.0,1.0,0.0,0.0,1.0,0.0,0.0,0.0,0.0,0.0,0.0,0.0,0.0,0.0,0.0,0.0,0.0,0.0,0.0,0.0,0.0,0.0,0.0,0.0,0.0,0.0,0.0,0.0,0.0,0.0,0.0,0.0,0.0,0.0,0.0,0.0,0.0,0.0,0.0,0.0,0.0,0.0,0.0,0.0,795.17535,90.43875,44.951057,1.5862817,0.8486872,25.816998,0.7024301,2.7965863,22.367739,13.939423,10.013626,8.477366,2.593866,4.3395686,5.4965987,65.384026,51.64149,15.195487,18.26827,2.0203607,22.40661,0.41967925,0.69284874,0.8632073,0.2592587,0.9118402,186.9127,356.62274,2.819775,4.355473,0.0,0.0,0.0,0.0,0.0,0.0,1.0
80.64643,3.8620243,33.808903,6.460938,4.597858,0.500106,0.02591284,-0.05744971,0.0033480104,0.044205293,5751.421,0.0048736827,2949.7915,-0.01281042,111937.92,-0.011711511,51245.535,-82675.31,762793.7,250156.97,83789.43,171.36444,53.483456,185.55367,109.493675,29.70421,92.48107,38.92643,100.56662,6.420154,163.05803,95.65098,0.0,39.208282,3.4124992,24.603638,36.77229,1.0,0.0,8.576194,103.78112,22.909664,2.0,2.0306091,1.0,0.0,0.0,0.0,0.0,0.0,0.0,0.0,1.0,0.0,0.0,0.0,1.0,0.0,0.0,1.0,0.0,0.0,0.0,0.0,0.0,0.0,1.0,0.0,0.0,0.0,0.0,0.0,0.0,0.0,0.0,0.0,0.0,0.0,0.0,0.0,0.0,0.0,0.0,0.0,0.0,0.0,0.0,0.0,0.0,0.0,0.0,1.0,0.0,0.0,-425.34717,131.63715,80.81288,5.33762,9.481927,26.080713,5.7211847,1.7374903,21.928995,10.504996,9.330961,9.496897,4.964843,6.4848566,7.503816,46.05768,281.70535,179.72234,184.33775,70.8487,100.759384,1.0583278,0.92954934,0.9995495,1.4315667,1.7795861,100.89294,955.07355,4.8087854,5.1568522,0.0,1.0,0.0,0.0,0.0,0.0,1.0
75.44667,0.2597953,49.23888,11.693465,4.4847956,0.93581265,0.10977747,0.035036325,-0.031695507,-0.011761754,27680.842,-0.0018219077,3089.4658,-0.005151268,50922.562,-0.02090376,66683.33,-229783.9,-1323240.2,256999.92,81952.39,100.693306,33.64337,84.20355,80.35288,28.500223,-3.3846896,34.214035,82.0306,-3.5280674,145.4275,63.511417,0.0,32.752514,0.5637695,49.98093,32.06332,1.0,0.0,11.130859,165.08043,71.817986,0.0,1.587975,1.0,0.0,0.0,0.0,0.0,0.0,0.0,0.0,0.0,0.0,1.0,0.0,0.0,0.0,0.0,0.0,0.0,0.0,0.0,0.0,0.0,0.0,1.0,0.0,0.0,0.0,0.0,0.0,0.0,0.0,0.0,0.0,0.0,0.0,0.0,0.0,0.0,0.0,0.0,0.0,0.0,0.0,0.0,0.0,0.0,0.0,0.0,0.0,0.0,0.0,-237.74739,138.7964,77.72536,0.7279579,-0.42241967,15.731359,-1.1192048,-0.67995787,12.923963,7.0169315,4.3089705,3.5380116,3.009823,4.6487737,5.2862477,54.78558,90.621735,27.611872,26.855206,-16.444464,60.915,0.9454371,1.146791,2.3114157,0.98505247,2.1539354,118.09009,534.1558,3.8846846,-0.27150446,0.0,0.0,0.0,0.0,0.0,0.0,1.0
67.63265,2.6848714,12.602474,0.7185342,0.43573406,1.3075486,0.20084949,0.1493952,0.13584842,0.10497969,608.36865,0.0062955255,2270.6646,0.020768238,47448.54,0.04496787,109253.24,-20197.896,625723.25,160876.48,41158.15,141.91702,54.714954,192.60922,78.641785,30.813597,132.75963,69.65379,118.69283,13.345367,166.17056,46.742783,0.0,80.3858,-2.1414285,79.270935,17.688766,1.0,0.0,8.190311,111.68889,153.29364,3.0,1.5215951,1.0,0.0,0.0,0.0,0.0,1.0,1.0,1.0,0.0,0.0,1.0,1.0,0.0,0.0,0.0,0.0,0.0,0.0,0.0,0.0,1.0,0.0,1.0,0.0,0.0,0.0,0.0,0.0,1.0,1.0,0.0,1.0,0.0,0.0,0.0,0.0,0.0,0.0,0.0,0.0,0.0,0.0,0.0,0.0,0.0,0.0,0.0,0.0,0.0,0.0,2201.9495,139.32266,67.11398,16.19123,19.889685,57.102608,18.644386,12.335842,48.876095,20.71025,24.384825,29.505095,5.2315474,6.3143873,4.8698893,40.545967,211.28735,142.00638,167.04268,106.16656,47.24964,0.7144555,0.94654256,2.1204576,0.6246544,0.79733014,55.490852,878.74725,4.87866,6.0873694,0.0,0.0,1.0,0.0,0.0,1.0,0.0
66.71286,2.0164742,62.028297,10.382108,4.9413166,1.2249411,0.086612895,-0.03720661,-0.025317589,0.023069922,19234.426,-0.0035539432,9439.376,0.005966221,94061.71,-0.012204896,-29615.994,264427.62,-2025641.6,109263.53,-23003.285,157.76562,82.12765,107.36806,125.753716,62.675423,41.066032,42.150894,97.029236,-0.8060953,166.19504,75.58515,0.0,44.3273,-0.48189247,70.624664,29.645567,1.0,0.0,13.532378,155.49658,-74.17535,2.0,1.8571452,0.0,0.0,0.0,0.0,1.0,1.0,0.0,0.0,0.0,1.0,0.0,1.0,0.0,0.0,1.0,1.0,1.0,1.0,0.0,0.0,0.0,0.0,0.0,0.0,0.0,0.0,1.0,0.0,1.0,1.0,1.0,0.0,0.0,0.0,1.0,0.0,0.0,0.0,0.0,1.0,1.0,0.0,0.0,0.0,0.0,0.0,0.0,0.0,0.0,0.0,996.84735,131.26848,80.76994,0.78905314,2.0502923,14.116168,-0.33892208,-1.3992062,10.864367,7.229568,11.419744,13.546067,4.4977984,5.704551,2.5022376,37.087082,271.749,191.92453,0.25349292,-40.41746,85.85077,1.251093,1.4964274,2.1895292,0.54000044,1.1949145,103.05896,196.45705,4.851243,3.5481606,0.0,1.0,0.0,0.0,0.0,0.0,1.0
50.030914,-0.8614342,64.90159,26.50985,7.673551,0.68570244,0.15703344,-0.20733754,0.069325,0.18394235,74652.445,0.005068342,8799.981,0.011091636,179931.78,-0.013925786,74133.12,-576855.94,42075.12,425682.0,129705.89,106.452446,48.884537,51.741165,91.717964,43.504204,-72.553535,51.438625,127.721985,2.2083023,170.0889,185.8894,0.0,59.595787,1.264605,51.862106,67.87495,1.0,0.0,16.55022,41.020676,69.260826,2.0,3.1020129,0.0,0.0,0.0,0.0,0.0,1.0,0.0,0.0,0.0,0.0,0.0,1.0,1.0,0.0,1.0,1.0,0.0,0.0,0.0,1.0,0.0,0.0,0.0,0.0,0.0,0.0,0.0,0.0,1.0,1.0,0.0,1.0,0.0,0.0,0.0,1.0,0.0,0.0,0.0,0.0,1.0,0.0,0.0,0.0,0.0,0.0,0.0,1.0,0.0,0.0,-1795.0608,205.21101,91.86102,3.3093371,-0.2917344,17.802488,-0.43869975,0.05955124,17.29215,2.7273452,7.7644844,1.3543116,2.8296263,5.193528,9.3608885,84.24578,122.672386,4.9667277,2.089349,-89.40875,91.45403,1.2033153,1.3692727,0.16930556,-2.1510975,-0.36711305,-95.85218,527.2874,5.890408,5.2030354,0.0,0.0,1.0,0.0,0.0,0.0,1.0
57.627964,5.7018714,43.422623,0.44050062,2.521742,0.66509,0.15401296,0.1889657,0.114738554,0.16517198,11686.432,0.0021585005,1266.8445,0.024217546,60623.957,0.08811294,83789.1,-49372.812,-647419.0,192217.75,100854.86,148.7269,53.97664,189.80571,108.4426,41.547806,130.78746,22.692648,84.72654,10.780449,186.85893,110.448944,1.0,23.864277,-1.8422471,78.781235,34.7117,0.0,0.0,13.029925,102.92245,245.4076,0.0,2.3698204,1.0,0.0,0.0,0.0,0.0,0.0,0.0,0.0,0.0,1.0,0.0,0.0,0.0,0.0,0.0,0.0,0.0,0.0,0.0,1.0,0.0,0.0,0.0,0.0,1.0,0.0,0.0,0.0,1.0,1.0,0.0,0.0,0.0,0.0,0.0,1.0,0.0,1.0,0.0,0.0,1.0,0.0,0.0,0.0,0.0,0.0,0.0,0.0,0.0,0.0,96.02916,124.511925,65.639946,11.067782,12.91261,67.02184,13.450461,7.1164093,65.238785,30.046541,24.132095,29.805933,3.2492926,5.659396,5.593123,71.32582,217.4103,124.68153,155.0981,85.71639,48.867672,0.93152845,1.0605469,0.94455504,0.5226079,0.7090671,400.42123,772.2876,5.4786787,2.3358545,1.0,1.0,0.0,0.0,0.0,1.0,0.0
75.34753,8.909664,30.198282,-1.8223728,3.1971014,1.3705834,0.115094714,0.09761065,0.05513199,0.01899683,-13182.396,0.012799142,-491.99817,0.024803862,-38636.465,0.03910919,76972.016,211778.9,-64256.04,143366.17,61625.504,93.18374,29.378326,85.37721,43.114204,10.222796,24.281942,28.657923,68.35863,1.020555,160.72534,45.353394,0.0,30.390394,2.5955377,70.2215,20.888544,0.0,0.0,11.447007,73.75362,72.78564,2.0,1.4899937,0.0,0.0,0.0,0.0,1.0,1.0,1.0,1.0,0.0,1.0,1.0,1.0,0.0,0.0,0.0,0.0,0.0,0.0,0.0,1.0,0.0,0.0,1.0,0.0,1.0,0.0,0.0,0.0,0.0,0.0,1.0,1.0,0.0,1.0,1.0,0.0,0.0,1.0,0.0,0.0,1.0,1.0,0.0,0.0,0.0,0.0,0.0,0.0,0.0,0.0,283.04764,84.602554,49.66858,3.95338,5.9466777,20.269403,4.3998485,1.8341415,18.849403,6.854009,12.710863,17.576456,3.105281,4.6019015,1.9928873,49.758434,95.36674,31.461666,28.190258,-19.03082,63.648094,0.8167226,0.821034,2.6591716,0.70887226,1.9954324,92.10494,169.65341,4.283983,1.9185461,0.0,0.0,0.0,0.0,0.0,0.0,1.0
68.997025,4.1717124,39.743576,9.782514,4.3318686,1.3044014,0.014804875,0.08703932,-0.014242687,-0.08048957,-11147.524,-0.009369219,7385.733,0.026305487,20494.8,-0.11551067,43543.656,48403.84,-1930103.0,92559.65,10085.604,147.00943,67.49957,141.3989,183.85,81.58063,87.88096,-5.1916213,32.44503,3.1585894,173.37837,52.93817,0.0,-7.914142,2.3391445,39.14264,17.675974,0.0,0.0,10.026371,148.33617,51.837772,2.0,1.6205684,0.0,0.0,0.0,0.0,1.0,1.0,1.0,1.0,0.0,1.0,0.0,1.0,0.0,1.0,1.0,0.0,1.0,1.0,0.0,0.0,0.0,0.0,0.0,0.0,0.0,0.0,1.0,0.0,1.0,1.0,0.0,0.0,0.0,0.0,0.0,1.0,0.0,0.0,0.0,0.0,1.0,0.0,0.0,0.0,0.0,0.0,0.0,0.0,0.0,0.0,2400.555,127.697044,88.505775,5.139954,9.016643,23.695164,5.3359933,0.20012164,18.449888,11.588786,11.264829,14.014855,2.6556702,3.892143,2.784849,59.060238,182.46,97.701645,80.9029,10.755169,87.25829,1.6592754,2.1970427,2.5838892,3.208252,1.6520934,30.174746,434.06223,3.7044535,3.2342439,1.0,1.0,0.0,0.0,1.0,0.0,0.0
79.93315,1.9605535,4.6873007,3.2274704,0.9066633,0.6575699,0.19852677,0.18074971,0.103088476,0.13095446,14211.881,0.0049586515,2365.5833,0.0036727847,72998.52,0.06458961,95503.36,-240063.39,619787.1,258460.58,152018.98,75.70468,5.5816693,83.937675,56.9731,5.1261654,21.755013,35.96544,82.99829,12.39847,140.80402,71.00634,0.0,33.69325,0.9581763,56.459797,36.204876,1.0,0.0,6.3400903,142.39287,95.67882,2.0,1.6370163,1.0,0.0,0.0,0.0,0.0,1.0,0.0,0.0,0.0,0.0,0.0,0.0,1.0,0.0,0.0,0.0,0.0,0.0,0.0,1.0,0.0,0.0,0.0,0.0,0.0,0.0,0.0,0.0,1.0,0.0,0.0,0.0,0.0,0.0,0.0,0.0,0.0,1.0,0.0,0.0,1.0,0.0,0.0,0.0,0.0,0.0,0.0,0.0,0.0,0.0,250.45232,139.719,67.05901,12.673714,15.75217,54.85121,14.322776,11.083057,53.958035,26.894762,21.334372,23.967005,2.2821293,4.2193103,6.8992534,73.276184,17.959946,-45.172592,32.667248,-18.261303,49.416195,0.937674,1.1161745,2.2446318,1.4379556,2.5542798,230.33212,1183.7719,4.161257,1.9707639,0.0,1.0,0.0,0.0,0.0,0.0,1.0
70.40197,6.717285,35.24315,5.0743146,3.7054095,1.0743335,0.1701459,0.14859241,0.060326498,0.059700932,10184.427,0.00201114,1721.1558,0.0316371,20291.506,0.02302282,106638.625,215461.02,555261.0,215414.66,76458.41,127.04405,50.78997,144.03925,67.01225,28.625835,81.35294,25.704332,70.175575,9.0463505,157.8644,97.64045,0.0,23.089697,2.1539216,73.63461,39.89961,0.0,0.0,11.349796,102.53533,164.43411,2.0,2.049536,1.0,0.0,0.0,0.0,1.0,0.0,1.0,1.0,0.0,1.0,0.0,1.0,0.0,0.0,0.0,0.0,0.0,0.0,0.0,0.0,0.0,0.0,1.0,0.0,0.0,0.0,0.0,0.0,0.0,0.0,0.0,0.0,1.0,0.0,1.0,0.0,0.0,0.0,0.0,1.0,1.0,0.0,0.0,0.0,0.0,0.0,0.0,0.0,0.0,0.0,156.7195,121.78737,60.364304,11.3910885,14.816077,41.43437,12.486735,8.430412,39.236454,17.516161,15.633726,18.014957,4.042135,5.538921,5.0347133,48.669178,179.03072,113.590965,87.589355,34.56,47.834587,0.78877586,0.86043763,1.697691,1.6906435,1.0605006,160.71962,579.29736,4.475607,0.9588714,1.0,1.0,0.0,0.0,0.0,1.0,0.0
67.78046,1.6600735,59.59735,16.63468,4.8934846,1.2489798,0.1719121,0.0933174,0.010107218,0.049208596,97.204666,-0.005023097,3069.4285,0.01429664,-4820.26,0.023953531,76884.03,108798.24,-1002446.4,304149.5,62906.727,135.56508,49.210365,88.45807,69.020424,24.689123,12.061064,55.331226,109.30634,-0.26956862,159.96727,115.30262,0.0,57.923294,1.4671549,91.60896,44.83829,0.0,0.0,14.025769,149.1699,-75.2173,0.0,2.269159,1.0,0.0,1.0,0.0,0.0,1.0,0.0,1.0,0.0,1.0,1.0,1.0,0.0,0.0,1.0,0.0,0.0,0.0,0.0,0.0,1.0,0.0,0.0,0.0,0.0,0.0,0.0,0.0,1.0,1.0,1.0,1.0,0.0,0.0,0.0,0.0,0.0,1.0,0.0,0.0,1.0,1.0,0.0,0.0,0.0,0.0,0.0,0.0,0.0,0.0,-873.0327,148.727,76.27581,2.1189373,3.338647,24.437273,1.045425,2.8351927,23.3268,11.589602,13.661078,17.288177,4.3724947,6.0622783,5.5649915,49.255848,193.21269,117.67863,3.6304066,-38.456924,50.37541,0.71801543,0.9324065,2.778471,1.2473807,1.6231425,56.97712,321.3081,5.1024795,4.0203724,0.0,1.0,0.0,0.0,0.0,1.0,0.0
88.91478,-0.1102658,46.566704,9.170893,1.7017161,0.067597084,0.10386705,-0.1494127,-0.0029829275,0.047708567,16269.033,-0.0067882542,2915.749,0.016839525,46773.586,0.028876562,145089.67,-45640.414,-987370.56,333543.6,94790.45,110.67947,31.78347,47.952484,75.6524,21.172947,-13.804996,51.349323,111.31815,-4.6242514,151.59799,93.269554,0.0,52.854652,-0.5859952,77.55904,40.453396,1.0,0.0,10.401401,114.6786,-3.7623262,0.0,1.9636958,1.0,0.0,1.0,0.0,0.0,0.0,0.0,1.0,0.0,1.0,1.0,1.0,0.0,0.0,0.0,0.0,0.0,0.0,0.0,1.0,0.0,0.0,0.0,0.0,0.0,0.0,0.0,0.0,0.0,0.0,0.0,1.0,0.0,0.0,0.0,0.0,0.0,0.0,0.0,0.0,0.0,0.0,0.0,0.0,0.0,0.0,0.0,0.0,0.0,0.0,18.449759,147.11916,72.409515,0.9159173,-1.5834047,28.66629,0.31320226,2.0044599,27.278893,15.560898,24.48004,31.668179,2.851628,5.1408234,7.113162,72.80104,112.45964,12.7034445,-35.764442,-99.64195,98.116684,0.8845147,1.1526748,2.4743452,-0.7097198,1.6853042,-93.909775,747.7574,4.9162292,2.4701495,0.0,0.0,1.0,0.0,0.0,0.0,1.0
84.739365,1.9962528,65.71032,14.401888,7.3946676,1.2971487,0.08169626,0.070886776,-0.05477817,-0.005078842,8833.74,-0.00041214787,-1165.415,0.0030040615,-31171.596,-0.05415737,46944.76,-134102.84,-1380166.0,140705.9,34996.184,117.612335,42.64006,106.0525,86.31737,32.697727,23.091728,6.142461,42.842865,-4.810323,158.77077,85.916824,0.0,-0.29444602,0.0062789517,53.253075,34.537163,1.0,0.0,12.688824,202.66623,64.493095,0.0,1.9283501,1.0,0.0,1.0,0.0,1.0,1.0,0.0,1.0,0.0,1.0,1.0,1.0,0.0,0.0,0.0,0.0,0.0,0.0,0.0,0.0,0.0,0.0,0.0,0.0,1.0,0.0,0.0,0.0,0.0,1.0,0.0,1.0,1.0,0.0,1.0,1.0,0.0,0.0,0.0,0.0,1.0,1.0,0.0,0.0,0.0,0.0,0.0,0.0,0.0,0.0,169.9318,139.18158,86.02628,-0.4087344,-2.6544995,11.837699,-1.500948,-1.4024448,10.034325,5.083277,-2.1556818,-7.551905,3.7861085,4.909553,4.633688,34.485466,137.3271,86.57174,48.45501,13.216769,47.584946,0.86985195,0.9805429,0.98962295,0.94981444,0.42906266,262.73108,203.19211,3.5313675,2.3055174,0.0,0.0,1.0,0.0,0.0,0.0,0.0
75.51668,-1.3110896,20.574024,21.201513,1.7011384,1.9191661,0.1798042,0.05235572,-0.033241924,0.09028009,54913.34,-0.0068706567,-445.1227,0.015901247,71110.95,0.018673552,138917.62,-47707.9,-918441.56,263254.06,6259.8896,157.75345,48.950886,94.37838,84.77675,24.237335,32.392273,63.66546,111.18374,5.3908553,138.62698,110.54325,0.0,66.992584,-1.0830901,61.010952,49.59155,0.0,1.0,13.692698,162.53934,85.12632,1.0,2.03893,1.0,0.0,0.0,0.0,1.0,1.0,0.0,1.0,0.0,1.0,0.0,1.0,0.0,0.0,0.0,0.0,1.0,0.0,1.0,1.0,1.0,0.0,0.0,0.0,0.0,0.0,0.0,0.0,0.0,0.0,0.0,1.0,0.0,0.0,0.0,1.0,0.0,1.0,0.0,0.0,1.0,0.0,0.0,0.0,0.0,0.0,0.0,0.0,0.0,0.0,326.31946,156.83276,79.65504,9.610791,8.180882,16.314363,7.8554163,9.228031,19.035849,18.145847,22.509766,23.53861,5.2510304,6.542498,4.717156,40.280396,238.05492,178.3309,0.77631503,-32.255356,52.742016,0.6638151,1.0296676,3.2912803,1.4135146,1.0659134,58.18978,848.28217,5.0488663,1.9116502,0.0,0.0,1.0,0.0,1.0,0.0,0.0
76.956604,8.341216,24.082037,1.832084,3.3854122,0.8975852,0.1113282,-0.002448185,0.060598027,0.09062016,-6204.126,0.003004242,731.9919,0.032821544,-20491.963,-0.0014276376,58013.816,134010.53,952392.2,203474.75,32088.666,106.95497,38.685173,141.29128,56.872932,19.315954,75.97856,27.254522,69.484375,9.258265,161.95811,88.367035,0.0,27.473743,3.9460893,51.228107,33.734077,0.0,0.0,8.508222,99.53052,177.4452,2.0,1.9657185,1.0,0.0,1.0,0.0,1.0,1.0,0.0,1.0,0.0,1.0,0.0,1.0,0.0,1.0,0.0,0.0,0.0,1.0,0.0,1.0,0.0,0.0,0.0,0.0,0.0,0.0,0.0,0.0,1.0,1.0,0.0,0.0,1.0,0.0,1.0,0.0,0.0,0.0,0.0,0.0,0.0,0.0,0.0,0.0,0.0,0.0,0.0,0.0,0.0,0.0,996.8784,115.76924,64.16728,12.567031,15.335921,24.227173,11.325937,8.463157,20.452942,9.098898,14.069946,15.724959,2.992919,4.396268,6.1905303,54.772224,117.03352,49.197712,112.34952,34.992107,70.18645,0.9059293,0.93422395,1.3663365,1.5945092,1.0311018,-124.51474,507.66205,3.7890909,1.7306684,1.0,0.0,1.0,0.0,0.0,1.0,0.0
92.157715,3.340094,38.100513,3.6926203,1.1379958,0.5805584,0.10540161,-0.054671902,-0.043167938,-0.005565283,55279.45,-0.0010730202,260.349,0.0035041901,103812.36,0.071431264,35091.188,215818.66,-1312071.8,136869.47,41857.555,150.04129,50.162617,97.56332,89.40223,28.468151,26.47331,51.150936,93.37309,-4.365537,148.52411,55.28089,0.0,53.895752,-4.115597,60.44166,27.152597,0.0,0.0,9.271085,160.63283,44.15685,0.0,1.513501,1.0,0.0,0.0,0.0,0.0,0.0,0.0,1.0,0.0,1.0,1.0,1.0,0.0,0.0,0.0,0.0,0.0,1.0,0.0,1.0,1.0,0.0,0.0,0.0,0.0,0.0,0.0,0.0,1.0,0.0,0.0,1.0,0.0,0.0,0.0,0.0,0.0,0.0,0.0,0.0,0.0,0.0,0.0,0.0,0.0,0.0,0.0,0.0,0.0,0.0,1135.6914,108.04539,58.624546,2.6807551,1.0363239,18.036491,3.0255215,4.881274,16.416597,12.592477,21.846525,28.697796,4.9365745,6.1843615,5.3340964,26.782986,227.56108,172.42094,-4.662054,-27.347965,41.366016,0.6189508,0.7925899,2.5075438,0.05237001,2.1673462,-77.70235,707.12415,3.8107147,0.85554224,0.0,0.0,1.0,0.0,0.0,0.0,1.0
60.386,4.385033,43.791656,6.131289,4.6113806,1.6780002,0.2143747,0.19825804,0.099394925,0.13852718,-12427.147,0.005844205,-107.32179,0.03474594,-21281.758,0.045251712,30394.244,-157727.17,-491992.0,146393.62,41496.49,110.124245,45.16866,147.01393,68.594536,28.920137,75.45412,22.663836,66.514534,4.8168554,164.0262,70.93123,0.0,21.584742,-0.7892072,83.52149,28.286999,1.0,0.0,11.594179,144.77957,122.06794,2.0,1.7823277,0.0,0.0,1.0,0.0,1.0,1.0,1.0,1.0,0.0,1.0,0.0,1.0,0.0,0.0,0.0,0.0,0.0,0.0,0.0,0.0,0.0,0.0,0.0,0.0,0.0,0.0,0.0,0.0,0.0,1.0,1.0,1.0,0.0,0.0,0.0,0.0,0.0,0.0,0.0,1.0,1.0,0.0,0.0,0.0,0.0,0.0,0.0,0.0,0.0,0.0,454.79132,129.26343,63.51338,6.2303367,8.439527,36.96432,6.727672,5.7195487,34.550114,12.841721,7.336837,7.81112,3.574979,4.946931,4.225683,49.19558,140.68826,71.21096,99.811554,47.64752,55.147026,0.9603639,1.0873855,1.8865832,1.439338,0.17168272,326.65082,636.5457,4.3217535,3.7151792,1.0,0.0,0.0,0.0,0.0,1.0,0.0
64.86376,-0.4039274,34.076397,11.630273,2.6058729,2.4116974,0.22520109,0.28063026,0.12016635,0.15837619,4770.5938,-0.0010697716,6918.8994,0.05077151,61827.703,0.05743912,18213.39,51719.53,-2036788.0,122701.805,-3121.3137,43.580753,23.425138,-7.8734064,28.633707,19.823969,-31.865335,33.348034,52.882927,7.278668,156.48964,54.42908,0.0,32.359665,-2.0784516,93.32899,25.06803,1.0,0.0,14.977707,203.4395,-105.691536,1.0,1.5776778,1.0,0.0,1.0,0.0,0.0,1.0,0.0,1.0,0.0,1.0,1.0,1.0,0.0,0.0,1.0,0.0,0.0,1.0,0.0,0.0,0.0,0.0,0.0,0.0,0.0,0.0,0.0,0.0,1.0,0.0,0.0,1.0,0.0,0.0,0.0,1.0,0.0,1.0,0.0,1.0,1.0,0.0,0.0,0.0,0.0,0.0,0.0,0.0,0.0,0.0,-900.3896,144.1009,83.89473,8.961398,10.513886,37.54682,7.7122307,8.129072,36.81366,19.525072,20.16958,22.711494,2.4841158,3.767448,0.30443946,47.036728,-16.165209,-34.07327,-144.66621,-148.6782,76.13875,0.84382075,1.0740156,1.9947014,1.4084905,0.61855626,318.52597,487.18063,4.055741,1.7843475,0.0,0.0,1.0,0.0,0.0,1.0,0.0
69.167404,1.7137727,46.79155,12.474158,4.252202,1.2197695,0.13624643,0.051402617,0.026680302,0.071305744,-1127.2087,0.010175808,1760.715,0.024250878,-3647.8357,0.067144826,46485.03,-64325.637,-390623.5,233248.3,71557.195,124.97663,41.74272,104.57953,95.051384,31.03522,28.109108,21.471561,73.314415,6.4932036,163.07236,94.05092,0.0,20.350075,1.1387973,69.23243,36.862892,1.0,1.0,11.215571,135.37608,54.247387,2.0,2.0358105,1.0,0.0,0.0,0.0,1.0,1.0,0.0,1.0,0.0,1.0,0.0,0.0,0.0,0.0,0.0,0.0,0.0,0.0,0.0,1.0,0.0,1.0,0.0,0.0,0.0,0.0,0.0,0.0,0.0,0.0,0.0,0.0,0.0,0.0,0.0,0.0,0.0,0.0,0.0,0.0,1.0,0.0,0.0,0.0,0.0,0.0,0.0,0.0,0.0,0.0,-352.14087,146.80229,83.29771,7.840158,8.792099,29.20874,7.3442335,5.3341956,27.636877,14.239491,13.494549,14.0973015,3.4201252,5.159905,5.2871237,58.162548,156.64345,74.774536,52.58039,-5.266491,61.598637,1.055197,1.1599753,2.0121756,1.2463803,1.2456185,115.12461,405.57825,4.423534,1.7708806,0.0,1.0,0.0,0.0,0.0,1.0,0.0
54.70394,-9.7109785,55.53686,36.992077,3.8418243,0.06043498,0.110536285,0.038604323,0.035774842,0.12093988,172501.16,-0.032249298,12568.585,-0.06326718,391555.1,-0.06691145,135421.16,-250329.81,-957925.7,260645.38,49750.805,231.447,89.3028,142.99478,168.24628,66.02107,70.03893,131.17122,206.16444,1.6813067,163.40677,207.89311,0.0,151.75133,-5.4573364,-2.0761278,76.48313,1.0,0.0,19.551601,-40.96332,28.118895,0.0,3.2915337,0.0,0.0,0.0,0.0,0.0,0.0,0.0,0.0,0.0,0.0,0.0,0.0,0.0,0.0,0.0,0.0,0.0,0.0,0.0,1.0,1.0,0.0,0.0,0.0,0.0,0.0,0.0,0.0,0.0,0.0,0.0,0.0,0.0,0.0,0.0,0.0,0.0,1.0,0.0,0.0,1.0,0.0,0.0,0.0,0.0,0.0,0.0,0.0,1.0,0.0,-340.51672,204.29515,107.62136,12.259453,9.080618,66.18034,14.642662,9.274704,66.49271,41.52468,37.842888,45.330505,6.267892,8.11167,8.829874,48.69936,428.8668,328.0469,40.766544,24.961987,4.1082363,0.8735996,1.2809387,0.10125533,-3.07415,3.8870978,448.24725,1070.1345,6.390334,5.6665416,0.0,0.0,1.0,0.0,0.0,0.0,1.0
79.244385,4.484921,30.209242,6.3065205,3.728816,1.1813364,0.10527462,0.20753868,0.10034037,0.11280901,-2450.6655,0.0034712586,3689.2412,0.04023553,19727.012,0.044426173,55380.754,97108.68,-96199.09,304359.88,87789.33,85.601166,42.88116,119.73335,20.209635,16.476536,68.35936,9.064658,47.559544,8.930924,172.09778,102.95091,0.0,6.2566915,3.30577,61.308796,35.8886,1.0,0.0,13.484875,111.08076,-64.93329,2.0,2.18843,0.0,0.0,1.0,0.0,1.0,1.0,0.0,1.0,0.0,1.0,0.0,1.0,0.0,1.0,0.0,0.0,0.0,0.0,0.0,1.0,0.0,0.0,0.0,0.0,0.0,0.0,0.0,0.0,1.0,1.0,0.0,1.0,0.0,0.0,1.0,0.0,0.0,0.0,0.0,0.0,1.0,0.0,0.0,0.0,0.0,0.0,0.0,0.0,0.0,0.0,-884.9643,140.57463,86.93952,9.634611,13.787061,50.897804,10.181201,8.631105,50.22325,22.779024,15.866831,18.927988,2.5167196,4.3084903,5.034994,65.38342,107.92116,36.112705,77.71735,7.067209,64.49425,0.77737004,0.8623277,2.2850473,2.0535903,0.8194386,284.72018,459.74753,3.73037,4.508029,0.0,1.0,0.0,0.0,0.0,1.0,0.0
68.07301,2.9942908,37.499554,8.730157,4.525871,0.3184152,0.07704584,0.040625032,0.022662932,-0.026642704,5189.4766,0.007111504,2347.1516,0.016183468,-1465.9966,-0.049821146,103017.55,-209823.0,-1163187.8,192233.16,94226.76,86.76652,35.353233,91.93407,66.9269,28.071783,27.703217,6.2501855,48.75831,-0.3491559,155.26712,69.92269,0.0,0.8432403,1.0892028,51.756355,30.656837,1.0,0.0,11.315222,135.84923,89.3074,3.0,1.7280191,0.0,0.0,1.0,0.0,0.0,1.0,0.0,1.0,0.0,1.0,1.0,1.0,0.0,0.0,0.0,0.0,0.0,0.0,0.0,0.0,0.0,0.0,1.0,0.0,0.0,0.0,0.0,0.0,1.0,0.0,0.0,1.0,0.0,0.0,1.0,0.0,0.0,0.0,0.0,0.0,0.0,1.0,0.0,0.0,0.0,0.0,0.0,0.0,0.0,0.0,99.36496,120.31466,65.36105,2.9744527,4.3489895,32.479954,4.32299,0.65555763,27.750566,10.304862,6.9020205,8.36431,2.4470289,4.1623225,4.982076,63.658756,68.3072,-9.319364,55.838276,-9.940776,62.44845,0.9519181,1.1760751,1.8829397,0.98545915,1.3936813,195.43655,306.3726,3.720526,2.3840973,0.0,1.0,0.0,0.0,0.0,1.0,0.0
67.06778,0.81401783,8.8038845,9.21301,1.2289039,0.9459318,0.12694289,0.04226506,0.08170286,0.13270305,22237.584,0.016285984,5219.577,0.057684273,47668.914,0.039842136,38701.266,-78246.69,-796625.06,99089.125,48115.02,91.77764,42.10132,96.50902,71.56487,33.765553,39.9777,17.530455,55.989582,15.8046055,159.72673,102.41672,0.0,13.935508,-4.0089984,56.859604,39.276493,1.0,0.0,13.175478,166.5915,224.77328,1.0,2.1136062,1.0,0.0,0.0,0.0,1.0,1.0,0.0,0.0,0.0,1.0,1.0,1.0,0.0,0.0,0.0,0.0,0.0,0.0,0.0,0.0,1.0,0.0,0.0,0.0,0.0,0.0,0.0,0.0,1.0,0.0,1.0,0.0,0.0,0.0,0.0,1.0,0.0,0.0,0.0,0.0,1.0,0.0,0.0,0.0,0.0,0.0,0.0,0.0,0.0,0.0,850.3497,146.42885,83.00121,15.073322,16.89082,55.86343,17.690012,15.348046,49.650345,29.121483,26.424603,27.5953,1.8899935,3.6525488,3.9803545,61.845955,80.728645,9.20546,22.43138,-24.689583,38.153877,1.1075131,1.3015996,2.0519788,-0.26183075,0.034837805,217.3013,494.24152,3.871973,4.5176673,0.0,0.0,1.0,0.0,0.0,0.0,1.0
79.89335,6.760748,15.711569,-0.63535434,1.868707,1.2206783,0.14812697,0.17010449,0.0064057307,0.08891398,23935.021,0.020609224,1256.5483,0.02827812,64216.426,0.089153886,68040.914,429451.8,248759.56,103307.586,41382.152,112.78784,50.76994,129.22653,38.565105,19.298565,62.73118,47.309944,76.55148,7.927375,165.22646,53.66101,0.0,54.10948,-1.2321534,57.75782,21.4902,1.0,0.0,11.510131,114.376015,159.59146,1.0,1.5948268,1.0,0.0,0.0,0.0,1.0,1.0,0.0,1.0,0.0,1.0,1.0,0.0,0.0,0.0,1.0,0.0,1.0,0.0,1.0,0.0,0.0,0.0,1.0,1.0,0.0,0.0,0.0,0.0,1.0,0.0,0.0,0.0,0.0,0.0,0.0,1.0,0.0,0.0,0.0,0.0,0.0,0.0,0.0,0.0,0.0,0.0,0.0,0.0,0.0,0.0,720.98914,94.54291,56.964764,11.508821,12.9341,36.857674,12.756503,11.556246,33.234356,22.136274,17.88191,17.879519,4.3095922,5.2146564,3.1840274,36.3889,170.653,139.08745,78.3718,44.019424,35.62012,0.56349844,0.56168765,1.9359559,0.820204,1.1308632,188.64445,746.5259,3.9049966,-0.08844039,1.0,0.0,1.0,0.0,0.0,0.0,1.0
61.56533,-1.8828408,8.538873,2.3663857,1.2324708,2.235341,0.21077828,0.37608346,0.13660099,0.19498245,24452.479,0.0137484735,-4768.332,-0.00079338637,37664.645,0.15065946,-102984.62,-135866.5,381278.28,15874.866,91533.08,130.05545,38.197227,134.01448,95.077095,26.327679,71.71989,91.697235,144.05925,11.339531,138.1382,54.29102,0.0,104.895195,-7.419241,46.21121,32.375347,1.0,0.0,13.514211,6.8885365,-103.93786,2.0,1.4138689,0.0,0.0,0.0,0.0,1.0,1.0,1.0,0.0,1.0,1.0,0.0,1.0,0.0,0.0,0.0,0.0,0.0,0.0,0.0,1.0,1.0,0.0,0.0,0.0,0.0,0.0,0.0,1.0,1.0,0.0,0.0,0.0,0.0,0.0,0.0,0.0,0.0,1.0,0.0,0.0,1.0,1.0,0.0,0.0,0.0,0.0,0.0,0.0,0.0,0.0,2503.901,171.11478,95.243004,13.716524,15.439723,70.71492,16.366796,14.034195,71.917465,31.837345,25.957474,27.219706,4.5220757,5.690951,2.0097556,34.299183,167.22389,116.09564,40.347637,37.98563,31.547232,1.0381418,1.2728198,2.6308787,-0.6121893,1.4561989,681.56903,1032.1251,5.434052,8.21347,0.0,0.0,1.0,0.0,0.0,0.0,1.0
79.52102,7.410762,29.5952,5.3373384,1.2807665,0.63950276,0.11728208,-0.009414786,-0.017497767,0.036411095,31930.934,0.01059651,9221.851,0.038180515,142911.58,-0.01679162,61209.246,138336.72,-1175265.9,251605.67,49127.324,95.73333,46.311977,136.44139,51.195736,26.851152,68.694305,-20.609558,28.25766,8.6553955,163.55228,112.0971,0.0,-32.555935,-1.737215,56.791016,42.84906,0.0,0.0,11.744025,178.02036,16.261728,1.0,2.2265697,1.0,0.0,0.0,0.0,0.0,1.0,0.0,1.0,0.0,1.0,0.0,0.0,0.0,0.0,1.0,0.0,0.0,0.0,0.0,0.0,0.0,0.0,0.0,0.0,0.0,0.0,0.0,0.0,1.0,0.0,0.0,0.0,0.0,0.0,1.0,0.0,0.0,0.0,0.0,1.0,1.0,0.0,0.0,0.0,0.0,0.0,0.0,0.0,0.0,0.0,-83.97933,94.35538,50.17794,11.126725,12.390108,21.96596,11.542034,7.6865892,18.15682,17.667295,21.66919,26.441856,2.4356973,4.5361233,4.7827625,78.59188,126.85252,31.326595,99.75584,17.175009,94.57813,0.7707978,1.2158053,4.0544767,1.945423,0.8877126,-195.46053,97.896675,3.8159592,-2.5552487,0.0,1.0,0.0,0.0,0.0,1.0,0.0
81.994286,3.6519165,33.66612,4.8692775,2.4455326,1.0240611,0.14018463,0.07082522,0.027347118,0.031246362,14240.446,0.003916537,4742.4185,0.022654017,29682.074,-0.013225638,41507.383,255318.86,-592132.44,234445.28,61732.77,79.82892,36.024265,73.6058,33.914234,18.015478,21.90739,7.279316,41.7051,5.1843615,158.62628,61.85037,0.0,0.73950344,-0.91394365,69.827225,26.89999,1.0,0.0,11.310576,171.32646,15.940204,0.0,1.6645546,0.0,0.0,1.0,0.0,0.0,1.0,0.0,1.0,0.0,1.0,0.0,1.0,0.0,0.0,0.0,0.0,0.0,0.0,0.0,0.0,0.0,0.0,0.0,0.0,0.0,0.0,0.0,0.0,1.0,0.0,0.0,1.0,0.0,0.0,1.0,1.0,0.0,0.0,0.0,0.0,1.0,0.0,0.0,0.0,0.0,0.0,0.0,0.0,0.0,0.0,-65.798546,123.00481,68.290886,9.588285,9.645381,28.41813,9.659941,7.2551312,25.26877,14.071905,17.274076,20.916187,3.1020832,4.56334,3.4525497,49.398952,79.09154,28.346146,-1.8871952,-46.379265,66.04701,0.6493335,0.82494974,1.9027514,0.92503536,1.3039186,112.05699,162.78658,3.4985645,1.3534263,0.0,1.0,0.0,0.0,0.0,1.0,0.0
86.66488,-3.0086317,32.43053,13.748916,2.2488866,0.9350785,0.09518983,0.033625178,-0.00018980469,0.003142318,52543.4,-0.010329425,3668.5645,0.0071175927,62966.004,0.0034803306,156167.12,29809.795,-1889130.4,274604.75,57883.484,129.92796,61.553192,53.0679,62.074284,34.07464,5.6833344,48.803352,90.423836,-3.578348,139.59123,54.969276,0.0,49.979343,-0.5973457,57.682835,30.77208,1.0,0.0,12.918176,149.72995,74.42489,2.0,1.4419106,1.0,0.0,0.0,0.0,1.0,1.0,0.0,1.0,0.0,1.0,1.0,1.0,0.0,0.0,0.0,0.0,0.0,1.0,1.0,0.0,1.0,0.0,0.0,0.0,0.0,0.0,0.0,0.0,1.0,1.0,0.0,1.0,0.0,0.0,0.0,1.0,0.0,1.0,0.0,1.0,0.0,0.0,0.0,0.0,0.0,0.0,0.0,0.0,0.0,0.0,-174.38412,141.31854,77.86573,0.34611574,-1.4004123,30.705887,0.80044085,2.3257809,32.177555,18.659595,16.83567,18.641176,4.423241,5.774148,4.236357,45.502197,209.34854,150.24971,-55.60788,-78.039665,62.5275,0.702502,0.958691,2.6374607,0.04206139,1.6915488,313.90982,729.6291,4.56181,3.0714228,0.0,0.0,1.0,0.0,0.0,1.0,0.0
75.36128,-3.5475936,15.625739,24.70094,0.85374177,2.1676414,0.2952313,0.086539775,0.16216534,0.24807003,90344.875,0.008277074,5638.389,0.027439322,185976.02,0.12896001,72821.86,-147906.31,-2621259.5,222609.52,-37988.414,86.26863,41.612007,27.364355,-43.46699,-7.977907,-14.072946,66.98407,84.11917,4.6006756,127.36981,53.6331,0.0,71.272736,-6.8773437,63.950375,34.687542,0.0,1.0,14.277264,123.950966,85.72481,1.0,1.3324368,1.0,0.0,0.0,0.0,0.0,0.0,0.0,0.0,0.0,1.0,1.0,0.0,0.0,0.0,0.0,0.0,0.0,0.0,0.0,0.0,0.0,0.0,0.0,0.0,0.0,0.0,0.0,0.0,1.0,0.0,0.0,0.0,0.0,0.0,0.0,1.0,0.0,0.0,0.0,0.0,0.0,0.0,0.0,0.0,0.0,0.0,0.0,0.0,0.0,0.0,591.8678,110.29682,43.123444,9.706834,6.6825337,23.483068,7.4614716,11.475682,21.655182,15.224561,27.489002,29.395283,5.5278916,6.413785,2.0177984,22.348969,154.05246,151.7975,-75.04083,-54.652416,14.509858,-0.03023804,0.10797521,3.4342568,0.7161324,1.5062804,8.9235325,662.6002,4.3416457,3.3209453,0.0,0.0,1.0,0.0,0.0,0.0,0.0
87.84962,-2.8081918,48.1308,21.451582,4.0930114,2.165471,0.16443199,-0.032376643,-0.041303035,0.0754248,24880.01,0.0014192834,4517.578,0.05245776,68273.44,0.027516205,109428.14,38683.082,-1084386.2,283484.88,-26113.648,125.8665,66.618904,80.246315,49.056316,35.02991,17.345037,9.61517,14.5315275,5.445261,160.17352,43.430912,1.0,7.7542934,1.6430634,66.49927,18.916916,1.0,1.0,13.408605,128.33052,-0.9262891,1.0,1.4348557,1.0,0.0,0.0,0.0,1.0,0.0,0.0,1.0,0.0,1.0,0.0,0.0,0.0,0.0,0.0,1.0,1.0,0.0,1.0,1.0,0.0,0.0,0.0,0.0,0.0,0.0,0.0,0.0,1.0,1.0,0.0,0.0,0.0,0.0,0.0,1.0,0.0,0.0,1.0,0.0,0.0,0.0,0.0,0.0,0.0,0.0,0.0,0.0,0.0,0.0,791.53253,144.78104,82.69931,8.915493,6.851398,0.35627306,5.399962,7.0859356,0.56563675,7.4868517,12.399974,11.41062,5.64209,6.0512586,3.3672855,17.713573,209.95808,199.91574,20.661232,-1.5119884,57.999424,0.610358,0.66717386,1.0564443,1.6447108,-0.35296473,54.85238,314.3098,3.0528638,4.386951,0.0,0.0,1.0,0.0,1.0,0.0,0.0
48.384266,-7.2514863,27.538837,16.64841,-0.8238093,1.3946981,0.17400332,0.19331717,0.15243489,0.11876531,102351.984,-0.018249998,15178.373,-0.00643261,267367.53,-0.015445142,56401.848,71345.03,-662001.4,400617.2,132291.53,160.73376,76.047714,93.099846,101.06051,54.11458,23.754215,70.98791,145.65237,11.566724,150.40038,130.29424,0.0,75.22894,-7.65391,61.22466,54.633156,0.0,0.0,17.631685,14.834513,-156.53159,0.0,2.3480604,1.0,0.0,0.0,0.0,0.0,0.0,0.0,0.0,0.0,0.0,0.0,0.0,0.0,0.0,0.0,0.0,0.0,0.0,0.0,1.0,0.0,0.0,0.0,0.0,0.0,0.0,1.0,0.0,0.0,0.0,0.0,0.0,0.0,0.0,0.0,0.0,0.0,1.0,0.0,0.0,1.0,0.0,0.0,0.0,0.0,0.0,0.0,0.0,1.0,0.0,-1414.5045,217.01703,116.67465,16.100487,15.538931,81.91768,18.333416,16.342495,81.06317,42.9163,43.674496,52.894722,4.5429053,6.6807227,4.618525,59.593243,288.13513,188.84422,-25.657438,-61.43723,91.24802,0.839641,1.3337419,2.8112936,-1.7962978,2.4105234,482.11682,1214.3016,5.7740374,0.9633694,0.0,0.0,0.0,0.0,0.0,0.0,1.0
68.81891,3.657145,15.341161,3.496397,1.8222721,1.4252661,0.17896904,0.26760903,0.13912092,0.12197323,17629.672,0.01143498,2969.6453,0.030621305,47754.266,0.08678471,35934.703,-75810.95,-268899.47,229698.16,96744.56,57.16067,28.504885,67.8739,-14.553105,2.5974333,9.19441,23.21387,53.733284,8.945778,150.93367,68.090225,0.0,20.249683,-1.7196192,63.516544,32.105637,1.0,0.0,13.475447,109.15611,-20.626064,2.0,1.6703628,0.0,0.0,0.0,0.0,0.0,0.0,0.0,0.0,0.0,1.0,0.0,1.0,1.0,0.0,0.0,0.0,0.0,0.0,0.0,1.0,0.0,0.0,0.0,0.0,0.0,0.0,0.0,0.0,1.0,0.0,0.0,1.0,0.0,0.0,0.0,0.0,0.0,1.0,0.0,0.0,0.0,0.0,0.0,0.0,0.0,0.0,0.0,0.0,0.0,0.0,-1489.2351,106.920074,61.35657,10.206924,13.630845,48.325314,11.896776,11.562413,46.982433,21.451855,18.180069,20.423765,3.098042,4.757503,2.8558948,57.125706,43.878498,5.5229626,-0.018733934,-29.12379,57.169952,0.44482496,0.6001427,2.7819464,0.8021103,1.4200515,356.99655,370.29858,3.7455187,1.572678,0.0,0.0,0.0,0.0,0.0,1.0,0.0
50.19898,2.0017319,25.520756,6.214631,1.7407646,1.3738356,0.14464284,0.112827405,0.0067992555,0.021361787,8285.506,0.0042559057,513.0468,0.035462532,38705.85,0.004491113,49533.508,91568.586,-1366478.9,149270.0,23088.525,154.64037,72.86304,154.29297,112.62388,53.85995,97.37277,47.826374,97.688675,9.519349,159.15341,42.184635,0.0,52.634457,-1.2952827,82.97752,19.474365,0.0,0.0,11.403072,139.99248,-10.911024,1.0,1.4261087,1.0,0.0,0.0,0.0,1.0,1.0,0.0,1.0,1.0,1.0,0.0,1.0,0.0,0.0,0.0,0.0,1.0,0.0,0.0,1.0,0.0,0.0,1.0,1.0,0.0,0.0,0.0,1.0,1.0,1.0,0.0,1.0,0.0,0.0,0.0,1.0,0.0,1.0,0.0,0.0,1.0,0.0,0.0,0.0,0.0,0.0,0.0,0.0,0.0,0.0,753.7005,128.16592,66.74987,10.335599,13.674769,34.558533,10.660191,8.18815,29.9885,14.947942,16.223438,19.766266,4.8372164,6.058648,3.2888474,40.379604,241.65909,162.13428,95.42961,30.390789,73.29224,0.9469785,1.4304241,2.856431,2.1503494,0.26579857,194.4429,812.8788,4.631986,3.0571792,0.0,1.0,1.0,0.0,1.0,0.0,0.0
82.26102,7.2274656,17.344278,3.1925678,1.6510323,2.548319,0.07379508,0.2528546,-0.11978136,-0.08030133,1020.5182,-0.0009024504,-2876.002,0.03263568,-46960.254,-0.0069083613,52723.4,874354.44,181477.06,58403.16,-30665.084,219.60582,87.43653,207.38194,161.18979,61.435146,168.66403,55.288864,82.845085,8.696703,162.81505,50.578068,0.0,62.288803,2.8121395,69.33182,19.748781,1.0,1.0,12.3733015,150.10945,-79.611,1.0,1.5300267,1.0,0.0,0.0,0.0,1.0,1.0,0.0,1.0,1.0,1.0,0.0,1.0,0.0,1.0,0.0,0.0,1.0,0.0,1.0,1.0,0.0,0.0,1.0,1.0,0.0,0.0,1.0,1.0,1.0,1.0,0.0,0.0,0.0,0.0,0.0,1.0,0.0,1.0,0.0,1.0,0.0,0.0,0.0,0.0,0.0,0.0,0.0,0.0,0.0,0.0,772.33936,111.884445,82.640884,13.6351,17.00161,21.956,12.498165,11.066817,25.044226,20.379267,20.490671,21.057285,6.5554647,6.730796,0.96475244,13.31609,377.5182,349.08258,140.10796,99.845436,36.176445,0.98994374,1.2834175,3.140447,3.699963,1.0843465,272.04752,737.4036,4.3959985,0.730855,0.0,0.0,1.0,0.0,1.0,0.0,0.0
59.069435,2.832804,21.90658,6.5462966,1.9552697,1.2798623,0.26629505,0.12677392,0.17764737,0.16937992,73340.055,-0.0036538856,14169.867,0.01239135,266248.53,0.0868331,49369.137,28522.19,975691.5,378116.03,148291.62,145.39613,53.9338,38.278286,48.649635,19.220755,-37.691727,37.130463,89.005936,12.465532,139.59555,80.93653,0.0,33.398888,-0.77170974,81.10013,41.987545,0.0,0.0,11.007634,117.3436,-189.55298,2.0,1.7357081,1.0,0.0,0.0,0.0,0.0,0.0,0.0,0.0,0.0,0.0,0.0,0.0,0.0,0.0,1.0,0.0,0.0,0.0,0.0,0.0,0.0,0.0,0.0,0.0,0.0,0.0,0.0,0.0,1.0,0.0,0.0,0.0,0.0,0.0,1.0,0.0,0.0,1.0,0.0,1.0,0.0,0.0,0.0,0.0,0.0,0.0,0.0,0.0,1.0,0.0,-1621.6937,144.76776,60.68041,9.315559,13.377631,43.20229,9.225317,9.376283,41.280426,14.40715,22.164244,25.882269,5.884661,7.1318574,4.617811,47.0457,258.6237,188.67839,-107.12182,-140.96715,68.21661,0.56394506,0.6989071,3.0641646,0.07375312,1.3386288,118.43443,877.52246,4.9513297,6.9852314,0.0,1.0,0.0,0.0,0.0,1.0,0.0
79.50447,2.1723635,49.240143,5.257233,3.8033652,0.34883934,0.079966374,-0.01534743,-0.010007987,0.027576301,5515.819,-0.0007936156,8568.03,0.012626522,80249.23,0.016089587,32327.8,67717.96,-2381900.2,124912.664,23822.863,107.83559,64.679756,98.15911,90.70335,52.219707,53.434826,9.384017,51.92741,-2.3215406,154.61418,49.786366,0.0,2.1659272,1.3565385,58.396206,24.958754,1.0,0.0,11.169252,188.75464,1.8470536,2.0,1.4948081,0.0,0.0,0.0,0.0,1.0,1.0,0.0,1.0,1.0,1.0,0.0,0.0,0.0,0.0,0.0,1.0,0.0,1.0,0.0,0.0,0.0,0.0,1.0,0.0,0.0,0.0,0.0,0.0,0.0,0.0,0.0,1.0,0.0,0.0,1.0,0.0,0.0,1.0,0.0,1.0,1.0,0.0,0.0,0.0,0.0,0.0,0.0,0.0,0.0,0.0,728.396,104.43678,61.373474,-1.4155573,0.3697804,25.102316,-1.3762147,-3.0099182,23.513676,11.976926,10.883249,13.235177,2.78993,4.4063797,3.4957163,57.025505,150.34996,80.69998,12.320709,-37.405327,88.578,1.2409227,1.4758917,2.2031138,1.4006914,1.6398549,266.087,444.66928,4.1848507,2.284379,0.0,0.0,0.0,0.0,0.0,0.0,1.0
62.304756,3.5620859,42.378124,11.824703,3.251946,0.9744543,0.18289314,0.011304238,0.02844078,0.09787528,20013.021,0.0029367127,3240.9868,0.015667189,-1395.5592,0.06249404,31471.043,65382.535,-1338588.1,191694.36,32933.098,123.128944,62.17759,80.30045,62.70288,36.07082,10.338686,22.697855,67.33203,-1.1529443,156.63795,69.982445,0.0,19.621927,-0.99015814,69.81574,30.098595,0.0,0.0,13.942327,126.65977,-31.996359,0.0,1.7394415,0.0,0.0,0.0,0.0,0.0,1.0,0.0,0.0,0.0,1.0,1.0,1.0,0.0,0.0,0.0,0.0,0.0,1.0,0.0,0.0,1.0,0.0,0.0,0.0,0.0,0.0,1.0,0.0,0.0,0.0,0.0,1.0,0.0,0.0,1.0,0.0,0.0,1.0,0.0,1.0,1.0,0.0,0.0,0.0,0.0,0.0,0.0,0.0,1.0,0.0,198.71436,100.967224,48.62082,2.0605435,2.234987,10.472185,0.2600382,2.832136,9.097462,7.2827144,13.907939,16.45111,4.2845154,5.6297603,3.8009193,37.45321,196.37369,130.898,-17.324924,-44.319126,47.538322,0.83930486,1.1160266,2.918544,1.2432668,1.701441,51.0765,221.71115,4.3308573,2.3161528,0.0,0.0,1.0,1.0,0.0,0.0,0.0
76.64647,2.2119844,32.80603,9.981466,2.0971477,0.84775907,0.12803444,0.061455373,0.052742977,0.07249013,23506.828,0.0041873166,7349.2656,0.025707727,53411.895,0.039637603,98725.82,155737.34,-2043177.6,247739.25,31280.678,81.99475,59.01155,71.41375,16.80673,28.967752,35.717995,16.868124,54.295456,3.7102726,155.32011,76.404205,0.0,10.498729,-0.24592292,60.135376,33.282074,0.0,0.0,13.085748,151.77167,26.66424,1.0,1.7872071,0.0,0.0,0.0,0.0,0.0,1.0,1.0,1.0,0.0,1.0,0.0,0.0,0.0,0.0,0.0,0.0,0.0,1.0,0.0,0.0,0.0,0.0,1.0,0.0,0.0,0.0,0.0,0.0,0.0,0.0,0.0,1.0,0.0,0.0,1.0,0.0,0.0,0.0,0.0,1.0,1.0,0.0,0.0,0.0,0.0,0.0,0.0,0.0,0.0,0.0,-318.3825,104.24387,58.89463,6.73404,8.35268,32.327057,6.5301037,5.1251802,29.156698,16.943233,21.130663,28.04625,3.4210825,5.0525103,3.5173786,53.30371,122.517006,55.219383,-12.456815,-55.62155,70.19897,0.650506,0.9361765,3.8363867,1.8370934,1.9439341,74.16035,161.63293,4.1530666,1.757864,0.0,1.0,0.0,0.0,0.0,1.0,0.0
73.51278,-3.0912669,20.638407,3.0926993,0.6757518,2.2153373,0.18004346,0.3215307,0.20027329,0.1782226,-2475.0378,-0.0038982865,2810.787,0.024439488,63461.426,0.057269078,114280.37,134203.16,663253.7,265634.75,98880.39,145.77309,59.802868,173.64644,93.0006,42.209553,113.7335,43.300575,97.64949,13.885245,164.81305,48.706387,0.0,45.968018,-0.8521221,88.917755,19.33445,1.0,0.0,11.161527,85.54667,119.767136,2.0,1.5286433,1.0,0.0,1.0,0.0,1.0,1.0,0.0,1.0,0.0,0.0,0.0,1.0,0.0,1.0,0.0,0.0,0.0,0.0,0.0,0.0,0.0,0.0,0.0,0.0,0.0,0.0,0.0,0.0,1.0,1.0,0.0,0.0,0.0,0.0,0.0,0.0,0.0,0.0,0.0,0.0,0.0,0.0,0.0,0.0,0.0,0.0,0.0,0.0,0.0,0.0,2158.3867,204.55966,114.959946,14.160883,18.89138,78.47312,17.987654,10.611752,76.502106,31.995028,27.311882,36.700745,4.5606723,5.8764625,3.8136752,35.08409,223.00035,154.16754,134.72084,74.65432,50.914078,0.94874656,1.0275503,2.4156694,1.240829,0.62021285,371.48645,1213.2789,5.2203984,4.4229403,0.0,0.0,1.0,0.0,0.0,1.0,0.0
38.75653,-7.0452247,72.77251,43.092506,4.6211853,-0.40436366,0.021646596,-0.17128937,-0.077303745,-0.05302933,91826.84,-0.055562377,14680.405,-0.04453696,313549.12,-0.21943882,224419.34,-295499.56,-3647209.8,376839.66,2440.146,314.8248,116.5065,192.62358,270.50946,97.86388,129.4019,166.35625,278.41852,-1.713163,177.12354,220.02567,0.0,195.76543,-0.33648723,41.085426,76.01635,0.0,1.0,17.961182,4.7377806,39.683605,1.0,3.5155833,1.0,0.0,0.0,0.0,0.0,0.0,0.0,0.0,0.0,1.0,0.0,0.0,0.0,0.0,1.0,0.0,0.0,0.0,0.0,0.0,1.0,0.0,0.0,0.0,0.0,0.0,0.0,0.0,1.0,0.0,0.0,0.0,0.0,0.0,0.0,1.0,0.0,1.0,0.0,0.0,1.0,0.0,0.0,0.0,0.0,0.0,0.0,0.0,0.0,0.0,-597.1092,186.43584,91.63149,4.282275,4.2590394,34.58326,5.6461854,-1.6425967,33.796513,25.823019,27.714426,36.375908,7.004107,9.357006,9.555342,66.94894,575.5511,406.3624,111.80543,25.489063,66.41146,1.3284992,2.0000367,2.0978432,-0.64768744,3.3317072,-116.33824,1087.12,8.3098545,-0.04199805,0.0,0.0,1.0,0.0,0.0,1.0,0.0
88.07687,6.7802444,41.360924,14.425062,6.104295,1.0595572,0.05387248,0.19431047,-0.028510306,0.030272616,23484.842,-0.0027904843,903.9416,0.016721308,37369.29,0.005508473,127062.85,-148934.77,-2025960.6,152529.28,27781.484,174.14275,68.74138,163.6298,103.33197,40.32949,108.01734,36.675877,74.339836,0.7118888,174.45596,142.21515,1.0,39.905052,1.4567773,29.761724,48.14779,1.0,1.0,13.115564,161.03769,77.56444,1.0,2.5966234,1.0,0.0,0.0,0.0,0.0,1.0,0.0,1.0,0.0,1.0,0.0,0.0,0.0,0.0,0.0,0.0,1.0,0.0,0.0,1.0,0.0,0.0,1.0,0.0,0.0,0.0,0.0,0.0,1.0,0.0,0.0,0.0,0.0,0.0,0.0,1.0,0.0,1.0,0.0,0.0,0.0,0.0,0.0,0.0,0.0,0.0,0.0,0.0,0.0,0.0,-10.436516,102.775536,68.863846,2.782979,2.886214,31.943842,3.6146069,3.354185,35.676884,23.305656,8.8498955,5.6846714,5.495245,6.6390877,6.1482296,47.991714,304.63004,240.2829,121.83261,69.086845,52.146008,0.797498,0.78910834,2.057199,1.9058282,0.51399475,309.95258,725.61304,4.1919947,2.7594097,1.0,0.0,1.0,0.0,0.0,0.0,1.0
79.49495,0.85691434,49.844524,10.458102,3.9826715,1.5668566,0.15962344,0.099932246,0.023999391,0.11227536,-163.9123,0.007575795,6108.206,0.03774602,71231.17,0.040559012,-28629.982,52738.14,-1592790.8,194894.78,11974.18,84.22674,48.824722,111.6701,46.08453,30.53255,47.233105,-7.1758885,21.14812,-0.07743641,163.82826,48.562145,0.0,-15.303152,0.3290553,73.59008,20.605743,1.0,0.0,12.920136,166.12637,-35.492416,2.0,1.5348505,0.0,0.0,0.0,0.0,0.0,1.0,0.0,0.0,0.0,1.0,0.0,1.0,0.0,0.0,1.0,0.0,1.0,1.0,0.0,0.0,0.0,0.0,0.0,0.0,0.0,0.0,0.0,0.0,1.0,0.0,0.0,0.0,0.0,0.0,1.0,0.0,0.0,0.0,0.0,1.0,0.0,0.0,0.0,0.0,0.0,0.0,0.0,0.0,0.0,0.0,933.7515,129.79274,75.05041,2.1422708,3.6393428,20.901321,0.8683847,0.77499604,20.103624,11.880093,8.999672,10.274645,2.6369953,4.120647,3.0002532,52.672718,111.674385,63.29775,57.305134,15.924911,59.44408,0.95414686,1.0986623,2.07022,2.0107007,0.84463185,235.73717,315.49637,3.5684972,2.3201036,0.0,1.0,0.0,0.0,0.0,0.0,1.0
68.75064,8.718563,30.27309,2.11053,4.3121233,2.048601,0.15663962,0.24320307,0.048826594,0.067348845,20893.467,0.014268927,1800.0093,0.0258587,33627.387,0.011337621,69945.37,293937.3,727824.9,170029.05,40244.586,86.20885,31.292923,108.083855,21.214134,7.6502404,35.8767,24.30227,50.157032,8.371449,172.0509,70.807976,1.0,27.197432,2.8921897,65.78647,25.268454,1.0,0.0,12.230571,121.8531,92.50419,2.0,1.8325015,1.0,0.0,0.0,0.0,0.0,1.0,0.0,0.0,0.0,1.0,0.0,1.0,0.0,0.0,0.0,0.0,0.0,0.0,0.0,0.0,0.0,0.0,0.0,0.0,0.0,0.0,0.0,0.0,1.0,1.0,0.0,1.0,1.0,0.0,1.0,0.0,0.0,0.0,0.0,0.0,0.0,0.0,0.0,0.0,0.0,0.0,0.0,0.0,0.0,0.0,45.9303,114.68622,71.23916,11.822112,14.011262,30.527172,10.575519,6.61516,28.253298,12.510036,12.463478,13.719087,3.7528534,4.885411,2.6139016,40.164726,92.49706,57.3948,66.290726,13.979387,50.148346,0.57507056,0.5305356,1.1899108,1.5690243,1.0290401,174.85727,380.30786,3.9990022,0.98600656,1.0,1.0,0.0,0.0,1.0,0.0,0.0
58.69103,-5.78162,56.335052,19.542934,3.13217,0.44663984,0.09075149,0.015812902,0.034529306,0.008032934,45513.797,-0.025093546,10833.392,0.010121894,179078.19,-0.10574198,138419.34,-130667.664,-3601417.0,212760.6,27017.756,184.85541,71.87384,98.04262,173.33617,66.58315,57.30765,94.00539,155.44391,-3.4702227,160.00395,82.20647,0.0,107.579704,-2.642109,71.745384,34.53997,1.0,0.0,11.798065,124.26956,70.0122,1.0,1.8773427,1.0,0.0,0.0,0.0,0.0,0.0,0.0,1.0,0.0,1.0,1.0,1.0,0.0,0.0,1.0,0.0,0.0,0.0,0.0,0.0,1.0,0.0,0.0,0.0,0.0,0.0,0.0,0.0,1.0,1.0,0.0,0.0,0.0,0.0,0.0,1.0,0.0,0.0,0.0,0.0,1.0,0.0,0.0,0.0,0.0,0.0,0.0,0.0,0.0,0.0,1752.3622,175.26138,88.64699,0.54222023,-0.27321932,50.369156,2.0593212,-2.9411306,47.278072,21.940357,21.237032,29.398273,4.6858816,6.212129,5.7630377,57.603027,271.55615,172.03572,-0.4346895,-57.800926,75.2258,1.2518189,1.6118766,1.6719437,-0.45798945,1.3372071,150.37762,1312.9349,6.0443044,2.8425467,0.0,0.0,1.0,0.0,1.0,0.0,0.0
69.274445,1.7258881,39.79283,15.0691,5.314671,1.6681005,0.13152045,0.29565567,0.069748774,0.11193089,-25356.855,0.0027243155,3720.784,0.030147154,-1283.3368,0.028800005,38951.074,-129913.47,-1703280.1,114043.18,42197.527,114.1441,52.925346,115.18919,90.69036,42.438416,57.81946,15.964465,51.74329,1.13158,165.34471,89.33942,0.0,15.530903,2.3543007,58.916676,33.46352,1.0,0.0,14.863443,164.37495,-24.887295,1.0,2.0007257,0.0,0.0,0.0,0.0,1.0,1.0,0.0,1.0,1.0,1.0,0.0,0.0,0.0,1.0,1.0,0.0,1.0,0.0,0.0,0.0,0.0,0.0,0.0,0.0,0.0,0.0,0.0,0.0,1.0,0.0,0.0,1.0,0.0,0.0,1.0,1.0,0.0,1.0,0.0,1.0,1.0,0.0,0.0,0.0,0.0,0.0,0.0,0.0,0.0,0.0,15.465698,133.24936,83.06094,0.4565404,4.124158,41.961376,1.5727991,0.6075592,43.52637,22.501106,7.301745,5.2343497,2.8527064,4.324342,2.703561,58.495956,147.6649,91.647644,48.095314,12.348179,54.259624,1.1868076,1.3331217,2.5824533,2.1940207,1.0894005,470.17667,719.78174,3.9533303,1.8438619,1.0,0.0,1.0,0.0,0.0,0.0,1.0
79.99248,-1.1649377,52.01042,17.701597,4.983383,-0.3538924,0.073810905,0.011954777,0.023917418,0.02682793,21646.086,0.0013903909,8353.905,0.030553017,121982.66,-0.05189026,195489.14,-487193.78,-3934482.5,337667.6,106356.77,49.938793,45.473846,104.775986,29.36332,33.958584,43.17864,-14.947439,28.059559,-5.181362,154.7674,82.84664,0.0,-26.764797,1.1594833,42.39957,35.866127,0.0,0.0,13.051676,142.08357,137.67683,2.0,1.8584249,0.0,0.0,0.0,0.0,0.0,0.0,1.0,0.0,0.0,1.0,1.0,0.0,0.0,0.0,0.0,0.0,0.0,1.0,0.0,0.0,0.0,0.0,1.0,0.0,0.0,0.0,0.0,0.0,1.0,0.0,0.0,0.0,0.0,0.0,1.0,0.0,0.0,0.0,0.0,1.0,1.0,0.0,0.0,0.0,0.0,0.0,0.0,0.0,1.0,0.0,416.75055,116.02672,54.2974,-2.3970566,-2.5657716,37.426975,-0.14072303,-4.095791,34.523384,17.42111,4.109708,5.644353,0.67081213,3.100032,7.305952,88.58074,19.486307,-68.92065,105.12717,27.664366,66.87111,0.90847814,1.4223359,2.4978971,2.0570388,1.1177545,216.86923,325.86987,3.7180827,-0.1566827,0.0,1.0,0.0,0.0,0.0,1.0,0.0
88.60772,5.7703543,6.1813617,1.1260711,1.7582444,1.8588184,0.085122615,0.27254644,0.061613265,0.07434509,-1845.4211,0.014974058,946.0536,0.021451883,10933.3125,0.054725565,26269.098,459220.4,693336.1,117606.29,53707.414,129.16295,51.908314,176.18459,53.232967,21.606895,109.844246,34.08571,62.673706,13.53782,167.89145,73.935356,0.0,38.48018,0.10833804,41.222805,25.688314,1.0,0.0,11.478975,149.19626,156.6044,2.0,1.8290305,1.0,0.0,0.0,0.0,1.0,1.0,1.0,1.0,0.0,1.0,1.0,0.0,0.0,1.0,1.0,0.0,1.0,0.0,0.0,0.0,1.0,0.0,1.0,0.0,0.0,0.0,0.0,0.0,1.0,0.0,0.0,0.0,0.0,0.0,0.0,1.0,1.0,0.0,0.0,1.0,0.0,0.0,0.0,0.0,0.0,0.0,0.0,0.0,0.0,0.0,938.28723,118.87524,86.129974,14.750447,18.40722,49.46631,17.639732,14.065273,46.7446,29.544813,23.123936,26.02383,4.208971,5.160246,2.2588384,29.767405,200.0106,172.96855,147.98283,113.429405,28.829573,0.6809174,0.67533183,2.4614077,2.0193064,1.9083332,323.6446,353.26477,3.7365186,2.693607,1.0,0.0,1.0,0.0,0.0,0.0,1.0
69.454704,-6.8601017,36.382854,20.34662,1.4801207,1.0483541,0.24473168,0.1657447,0.1460789,0.1794101,115062.164,-0.007548223,14828.497,0.009854093,339330.66,0.05194438,177420.75,-314413.44,-2202587.8,558145.56,125977.23,66.327995,56.93507,57.71747,-32.97304,18.891994,-18.440453,28.258205,67.61009,4.0311303,144.36194,70.11918,0.0,23.448296,-3.1004894,62.091476,36.200306,0.0,1.0,15.9601145,66.71459,-73.29281,1.0,1.6121855,1.0,0.0,0.0,0.0,0.0,0.0,0.0,0.0,0.0,0.0,0.0,0.0,0.0,0.0,0.0,0.0,0.0,0.0,0.0,1.0,0.0,0.0,0.0,0.0,0.0,0.0,0.0,0.0,0.0,0.0,0.0,0.0,0.0,0.0,0.0,0.0,0.0,0.0,0.0,1.0,1.0,0.0,0.0,0.0,0.0,0.0,0.0,0.0,1.0,0.0,-2391.577,164.8752,72.3942,8.00496,6.1557026,53.596226,7.6850166,9.241918,53.12599,27.368563,23.275381,25.816263,3.4307728,5.4049344,6.505597,65.14304,121.20194,67.619995,-5.4202294,-39.700756,73.931305,0.22087184,0.7212273,2.8718424,0.22579932,1.50016,446.92648,1031.977,4.270062,0.22916938,0.0,0.0,0.0,0.0,0.0,1.0,0.0
34.98565,-2.9362743,26.22677,10.699121,0.090110295,1.7676152,0.1944008,0.17880982,0.14440002,0.19094378,3330.0935,-0.02389743,12735.142,0.003224754,226162.77,-0.0023176388,80722.09,-246663.67,-3426856.0,396004.72,57101.605,110.560936,56.36957,90.667625,127.05518,61.682022,62.302776,82.53242,191.66815,7.2445617,139.90137,102.40816,0.0,85.874504,-0.2069681,99.57403,48.381897,0.0,0.0,11.090741,190.30983,-164.09277,1.0,1.9801164,0.0,0.0,0.0,0.0,1.0,1.0,0.0,1.0,1.0,1.0,0.0,0.0,0.0,0.0,0.0,0.0,1.0,1.0,0.0,0.0,0.0,0.0,1.0,0.0,0.0,0.0,1.0,0.0,1.0,1.0,0.0,1.0,0.0,0.0,1.0,1.0,0.0,1.0,0.0,1.0,1.0,0.0,0.0,0.0,0.0,0.0,0.0,0.0,0.0,0.0,424.06693,197.64061,95.36365,5.1322103,10.468659,48.48778,3.7354894,1.3708414,50.512043,23.575132,25.854156,33.97419,1.8338702,4.7857924,4.829112,102.77936,114.55781,-29.169312,-28.350872,-125.435745,194.16428,1.4703194,2.6992118,6.2305517,3.9310164,1.2321156,126.55674,1453.5632,7.530263,-3.7974262,0.0,0.0,0.0,0.0,0.0,0.0,0.0
86.25815,0.08384354,52.349625,17.415865,3.9369469,0.5082201,0.082656085,-0.12791221,-0.06824194,-0.030928005,27000.555,-0.0073102466,4728.7827,0.013244707,95035.66,-0.10009369,124766.8,-215857.44,-1224134.1,318140.78,71633.484,119.32511,31.086145,87.93602,97.37315,27.67113,13.060728,13.112642,60.545162,0.27046537,157.46815,101.944534,0.0,8.350718,0.8428452,55.490665,40.973812,1.0,1.0,11.494777,144.66129,57.04811,0.0,2.0945592,1.0,0.0,0.0,0.0,0.0,0.0,0.0,0.0,0.0,1.0,1.0,0.0,0.0,0.0,0.0,0.0,0.0,0.0,0.0,0.0,0.0,0.0,0.0,0.0,0.0,0.0,0.0,0.0,0.0,0.0,0.0,0.0,0.0,0.0,0.0,1.0,0.0,0.0,0.0,0.0,1.0,0.0,0.0,0.0,0.0,0.0,0.0,0.0,0.0,0.0,-383.25244,152.40515,81.38964,5.130046,2.6969173,12.010967,3.9908574,1.6192602,9.66284,10.376809,13.692771,13.436365,2.919642,4.9845943,6.654614,66.93756,123.987114,44.86276,41.740204,-24.411222,77.16359,0.897968,1.1817758,1.2809716,0.6991602,1.1017758,-92.455635,282.55798,4.1376605,-0.566808,0.0,1.0,0.0,0.0,0.0,1.0,0.0
76.33878,-4.330215,53.023064,17.100925,4.726329,2.079038,0.16257975,0.12990186,0.077008225,0.14306168,19342.93,-0.0010960026,3856.8882,0.018447928,71967.15,0.040464062,73864.73,-213217.77,-411942.9,337053.0,77341.195,96.11603,40.54786,68.671555,53.796844,26.367224,-18.297024,50.926117,101.10281,5.400426,153.16615,87.5382,0.0,54.771923,1.7946721,79.70781,37.650444,0.0,0.0,12.772694,158.01627,5.54414,2.0,1.9074153,1.0,0.0,1.0,0.0,1.0,1.0,0.0,1.0,0.0,1.0,0.0,1.0,0.0,0.0,1.0,0.0,0.0,0.0,0.0,0.0,0.0,0.0,1.0,0.0,1.0,0.0,0.0,0.0,1.0,1.0,1.0,1.0,1.0,0.0,0.0,0.0,0.0,0.0,0.0,0.0,1.0,0.0,0.0,0.0,0.0,0.0,0.0,0.0,0.0,0.0,55.021328,198.20569,114.45305,5.5961795,7.0760264,34.98654,4.3820047,4.718697,33.640434,13.5702305,12.20351,17.628344,3.4947433,5.245552,5.312284,45.90499,97.25259,31.268044,4.368948,-46.70309,46.460945,0.8765108,0.9539747,2.8378434,1.380743,0.79111487,97.346344,499.8525,4.660901,4.5958605,0.0,0.0,1.0,0.0,0.0,0.0,0.0
38.418236,5.2519245,54.99405,9.735167,6.148261,1.4758867,0.15473863,0.17072578,0.106885076,0.05933942,9388.157,0.000327659,3945.4055,0.02641873,954.3498,0.015871022,54586.793,-92422.73,-1221647.4,231484.22,64254.984,132.38017,63.532955,103.48273,90.884186,46.20899,24.919691,27.257565,82.577126,0.6870039,167.06125,83.76941,0.0,27.270884,1.4998178,71.52317,31.388264,0.0,0.0,14.986813,98.83729,-19.293238,1.0,1.955507,0.0,0.0,1.0,0.0,0.0,0.0,0.0,0.0,0.0,1.0,0.0,1.0,0.0,0.0,0.0,0.0,0.0,1.0,0.0,0.0,1.0,0.0,0.0,0.0,0.0,0.0,1.0,0.0,1.0,1.0,1.0,1.0,0.0,0.0,1.0,1.0,0.0,1.0,0.0,0.0,1.0,0.0,0.0,0.0,0.0,0.0,0.0,0.0,1.0,0.0,56.1143,130.84514,68.12452,0.6901402,3.632838,26.841396,0.52215105,0.19768357,23.477766,4.879985,3.2193794,4.131545,4.1681175,5.7077465,4.118225,52.020706,201.84016,111.835304,18.585363,-38.593727,76.583336,0.9755812,1.2957045,2.0040722,1.4641203,0.41033337,207.45932,405.81296,4.5552845,3.855027,0.0,1.0,0.0,0.0,1.0,0.0,0.0
78.40761,-0.08694412,61.70106,15.969124,5.2606134,0.71795607,0.10913874,-0.050802737,-0.016236056,0.031839766,17957.326,-0.005954415,2985.8015,0.0035034632,-10778.999,-0.024045093,89310.414,18770.916,-1263151.1,302595.44,49598.91,121.957596,54.058544,77.03431,70.00831,33.06205,5.2039785,31.441114,81.55982,-7.6816654,156.03558,87.8367,0.0,31.22501,1.2461336,55.135464,36.62725,0.0,0.0,13.057594,133.07858,64.862526,2.0,1.9289811,1.0,0.0,1.0,0.0,0.0,1.0,1.0,1.0,0.0,1.0,1.0,1.0,0.0,0.0,1.0,0.0,0.0,1.0,0.0,0.0,1.0,0.0,0.0,0.0,0.0,0.0,0.0,0.0,1.0,1.0,0.0,1.0,0.0,0.0,0.0,1.0,0.0,0.0,0.0,1.0,1.0,0.0,0.0,0.0,0.0,0.0,0.0,0.0,0.0,0.0,-62.02354,148.16373,76.153305,-1.5622553,-3.6778264,13.155046,-3.439114,-2.7662067,11.548206,4.927667,9.484964,12.471364,3.8577106,5.3441215,6.2028494,51.624985,167.06244,91.91319,0.19155192,-53.01541,67.02689,0.8237294,0.9505268,2.231015,0.56881404,1.559174,13.015709,405.64212,4.2961392,3.9542239,0.0,0.0,1.0,0.0,0.0,0.0,0.0
98.76271,4.491898,21.929956,1.5651134,0.6036202,0.5913571,0.10643747,0.0132252835,-0.0054210084,-0.006713907,5679.194,-0.0063291905,4102.8613,0.0148620065,29386.982,-0.005218104,82515.89,368943.97,-781408.5,230453.22,27664.434,119.85864,48.452957,114.56891,64.581924,26.783062,90.61286,23.686472,65.49845,8.221434,159.37125,55.98549,0.0,21.39245,-1.0139692,72.99703,24.341085,0.0,0.0,8.10767,162.56601,172.72987,2.0,1.5890247,1.0,0.0,1.0,0.0,1.0,1.0,1.0,1.0,0.0,0.0,1.0,1.0,0.0,0.0,0.0,0.0,0.0,0.0,0.0,0.0,0.0,0.0,0.0,0.0,0.0,0.0,0.0,0.0,0.0,1.0,0.0,0.0,1.0,0.0,1.0,0.0,0.0,0.0,0.0,0.0,0.0,0.0,0.0,0.0,0.0,0.0,0.0,0.0,0.0,0.0,1110.9521,111.54027,61.78714,12.990762,14.489831,35.24136,13.726677,9.540206,34.053722,20.34673,27.597506,35.053314,4.233015,5.6670837,4.8612566,40.869644,158.79593,90.69761,39.989307,-12.477105,72.84484,0.64219916,0.9074968,2.8411272,1.1905555,1.8435236,-42.862396,676.8015,4.3432336,0.020054327,1.0,0.0,1.0,0.0,0.0,1.0,0.0
32.43068,2.3352947,52.098576,5.9917183,2.623768,2.4061513,0.22928411,0.29165316,0.14259589,0.03604176,48640.945,-0.028900012,16650.766,0.0012036316,231819.8,0.025887622,133612.75,215747.72,-44216.055,371019.4,120930.1,200.83054,80.06289,13.576504,183.18408,78.53634,-57.63645,105.3872,182.7839,9.3955,176.47287,85.47634,1.0,124.64584,2.6661277,123.7497,30.547844,0.0,1.0,12.950781,45.087433,-130.9964,1.0,2.0188568,1.0,0.0,0.0,0.0,0.0,0.0,0.0,0.0,0.0,0.0,0.0,0.0,1.0,0.0,1.0,0.0,0.0,0.0,0.0,0.0,0.0,0.0,0.0,0.0,0.0,0.0,0.0,0.0,0.0,0.0,0.0,0.0,0.0,0.0,0.0,0.0,0.0,0.0,0.0,0.0,1.0,0.0,0.0,0.0,0.0,0.0,0.0,0.0,0.0,0.0,-2004.204,210.73196,109.435905,8.761247,12.704278,49.692326,8.108361,7.3474903,51.932396,19.178116,28.735666,34.124023,6.590238,7.9464583,4.110859,41.534313,327.88602,232.44577,-179.14345,-231.57214,135.13841,1.2665856,1.629084,2.6936557,-0.11012,1.6027406,202.2939,1697.9163,7.0309267,0.19431452,0.0,1.0,0.0,0.0,1.0,0.0,0.0
89.6355,-0.3278526,47.960114,14.05015,4.8223405,1.1114458,0.13207018,0.15512243,0.001190592,0.08066718,7999.649,0.019146916,4493.9365,0.0159006,73546.29,0.016069429,33941.13,-1353.119,-1058495.2,238326.45,90586.26,91.21604,55.279915,150.02554,24.407454,24.396664,52.3976,5.336285,23.575157,-3.5105643,156.76021,52.94659,0.0,-0.06030581,1.1108462,34.38924,24.865948,1.0,0.0,12.332559,100.75731,-68.190544,0.0,1.5270467,1.0,0.0,0.0,0.0,0.0,0.0,0.0,0.0,1.0,0.0,0.0,0.0,1.0,1.0,0.0,0.0,0.0,0.0,0.0,1.0,0.0,0.0,1.0,1.0,0.0,0.0,0.0,0.0,1.0,0.0,0.0,0.0,0.0,0.0,0.0,0.0,0.0,1.0,0.0,0.0,1.0,0.0,0.0,0.0,0.0,0.0,0.0,0.0,0.0,0.0,-29.13313,116.676704,68.475845,0.16458184,1.1283351,31.546255,1.3076031,0.64309883,26.18996,14.893125,3.0777452,2.7190368,3.6199737,4.677746,5.102831,40.767143,132.58612,100.635086,154.96986,120.091484,13.183682,0.6664108,0.7666317,2.3276634,1.5783802,1.8457481,375.2481,327.50134,2.8225036,1.7406887,0.0,0.0,0.0,0.0,0.0,1.0,1.0
79.875755,7.27987,26.405907,10.49312,4.544606,0.7351623,0.0639531,0.07021768,-0.037629355,-0.055935595,32300.635,0.0040014368,4805.629,0.0038302941,43632.215,-0.0143484315,130343.76,318431.75,168226.03,139668.47,43367.758,139.96257,62.475525,134.9658,91.067635,42.631516,67.6898,16.699839,49.446674,8.185246,164.17896,94.69401,0.0,13.484296,3.0195398,40.127335,35.261295,1.0,1.0,11.872139,184.56905,139.52399,2.0,2.0474036,0.0,0.0,0.0,0.0,0.0,1.0,0.0,1.0,0.0,1.0,1.0,0.0,0.0,0.0,0.0,0.0,0.0,0.0,0.0,0.0,1.0,0.0,0.0,0.0,0.0,0.0,0.0,0.0,0.0,0.0,1.0,0.0,0.0,0.0,0.0,0.0,0.0,0.0,0.0,0.0,0.0,0.0,0.0,0.0,0.0,0.0,0.0,0.0,0.0,0.0,-67.105515,89.436165,59.60231,12.33777,14.162555,19.860497,12.67879,8.263004,18.835104,15.043932,12.397853,9.99843,4.1109257,4.9491186,4.070773,31.875069,201.66576,158.61104,84.60923,39.239388,32.43065,0.9314749,1.0612352,1.6308442,1.8910164,2.490652,184.84842,103.283005,3.7385757,1.7208303,0.0,0.0,1.0,0.0,0.0,0.0,0.0
65.413475,-6.838511,54.60752,24.816654,3.690096,0.4995792,0.08512106,-0.102436155,-0.040833972,0.055034034,72548.2,-0.01759292,12056.439,-0.02584519,223923.31,-0.10000027,180801.6,-177668.17,-1491419.8,90508.24,58520.387,225.26996,83.82409,113.515915,268.1946,101.74482,39.152317,82.807655,149.72734,-4.2958255,158.56723,115.90714,1.0,94.01352,-1.6701055,36.00481,46.706753,1.0,1.0,10.479466,126.54122,150.89978,1.0,2.2241635,1.0,0.0,0.0,0.0,0.0,0.0,0.0,1.0,0.0,1.0,0.0,1.0,0.0,0.0,1.0,0.0,0.0,0.0,0.0,0.0,0.0,0.0,0.0,0.0,0.0,0.0,0.0,0.0,1.0,1.0,0.0,0.0,0.0,0.0,0.0,0.0,0.0,0.0,0.0,0.0,0.0,0.0,0.0,0.0,0.0,0.0,0.0,0.0,0.0,0.0,2578.3208,201.58612,103.84372,0.84348845,-2.1524978,45.947296,2.13347,-2.9695663,43.78396,23.84536,25.053448,28.750782,4.96844,6.2263765,7.0988665,53.041134,331.29178,228.03532,29.70069,-35.788807,52.248413,1.8793322,2.1803412,0.51278436,-1.4534649,2.2217596,138.95677,1787.9382,6.2235627,3.980919,0.0,0.0,1.0,0.0,0.0,0.0,1.0
97.30649,-2.7629302,35.5514,18.69227,1.8193204,1.490018,0.123518534,0.10846019,-0.015390677,0.036844417,47030.902,0.0017298923,9117.514,0.017465636,130852.05,0.012454825,15937.619,535951.6,-712455.3,320628.25,43452.65,114.82046,61.840176,114.83968,44.628063,30.611782,59.994087,17.423466,48.63796,7.7670507,160.69363,79.378044,0.0,16.210115,-1.0406286,66.19345,32.20174,0.0,0.0,13.556651,169.26828,-62.030643,2.0,1.8563703,0.0,0.0,0.0,0.0,0.0,1.0,0.0,0.0,0.0,0.0,0.0,0.0,0.0,1.0,1.0,0.0,0.0,0.0,0.0,0.0,0.0,0.0,0.0,0.0,0.0,0.0,0.0,0.0,0.0,1.0,0.0,0.0,0.0,0.0,0.0,0.0,0.0,0.0,0.0,0.0,0.0,0.0,0.0,0.0,0.0,0.0,0.0,0.0,0.0,0.0,255.25394,146.38118,89.27961,13.168581,13.314499,35.43666,13.73292,11.469009,37.668613,29.371265,24.563492,26.964352,3.6378343,4.825947,3.8527486,37.945328,196.50424,154.79367,55.47377,18.244673,41.030888,0.7304415,0.90384877,1.5958519,1.3738881,2.1889863,332.1859,278.71832,3.991728,2.6112819,0.0,1.0,0.0,0.0,0.0,0.0,1.0
79.2346,0.29726323,43.307087,15.79289,4.2452083,1.6676682,0.13692808,-0.0047040386,0.016399639,0.048904907,10512.562,0.011761449,4541.1846,0.029566068,31734.762,-0.013370153,67506.91,140121.39,-745206.2,245906.05,20025.684,83.78312,49.43,79.26394,41.839844,29.986708,9.867175,-10.588379,8.4709835,0.672501,160.6657,41.99323,0.0,-18.874868,3.4337206,61.479282,18.03755,1.0,0.0,9.694018,150.74442,107.42513,2.0,1.4546311,0.0,0.0,1.0,0.0,1.0,1.0,0.0,1.0,1.0,1.0,1.0,1.0,0.0,1.0,0.0,0.0,0.0,1.0,0.0,0.0,0.0,0.0,1.0,0.0,0.0,0.0,0.0,0.0,0.0,0.0,0.0,1.0,0.0,0.0,1.0,1.0,0.0,1.0,0.0,0.0,1.0,0.0,0.0,0.0,0.0,0.0,0.0,0.0,0.0,0.0,461.00552,130.76733,74.97967,5.391899,5.767159,6.7305493,3.860877,2.4212227,3.8993297,3.7551956,7.6244125,10.197196,3.3433309,4.411505,3.3412023,40.489002,104.85992,63.14541,32.72646,-10.536448,51.995476,0.8399671,1.0205458,1.7878144,2.2573564,1.3514993,71.08029,79.288,3.086322,2.1070995,0.0,0.0,0.0,1.0,0.0,1.0,0.0
90.97657,8.207997,27.7855,-4.0186887,2.5397933,1.0924535,0.08767061,0.09357462,0.035705198,0.022495218,-19804.49,0.01210947,-200.63882,0.0149284145,-44047.332,0.048796564,98666.695,288228.6,-81893.54,71001.29,65183.754,118.77361,39.596546,98.49282,63.537323,17.52098,36.272068,15.448363,39.386505,-2.6410997,158.3347,16.159117,0.0,15.680778,2.0075765,43.870968,11.031061,1.0,1.0,9.708497,83.76639,-38.12782,0.0,1.1451739,1.0,0.0,0.0,0.0,0.0,1.0,0.0,1.0,0.0,1.0,1.0,1.0,0.0,0.0,0.0,0.0,0.0,0.0,0.0,1.0,1.0,0.0,1.0,0.0,1.0,0.0,0.0,0.0,1.0,0.0,0.0,0.0,0.0,0.0,1.0,0.0,0.0,0.0,0.0,0.0,0.0,0.0,0.0,0.0,0.0,0.0,0.0,0.0,0.0,0.0,1539.0074,71.171616,49.953106,0.6951823,2.6417403,19.336206,2.039,-0.40923667,15.04637,8.91114,13.6123085,20.60111,4.3137784,5.135712,2.3250704,28.764057,155.05914,116.10291,41.174534,11.458838,44.942368,0.82444066,0.7875263,3.005035,1.6980729,2.6887236,16.407045,215.78432,3.2328353,3.480581,0.0,0.0,1.0,0.0,0.0,0.0,1.0
63.264496,-17.744827,19.567019,26.128277,-2.4587803,3.16315,0.35620597,0.35817719,0.23026682,0.34756926,102995.15,-0.03476514,4800.827,-0.0033412462,322584.84,0.14726797,29336.658,-698030.2,-4337237.0,410194.1,-16982.42,87.10723,27.01068,12.081256,-7.0874114,-2.7086418,10.300205,131.70738,186.42815,2.0000787,102.8043,3.0165968,0.0,145.67128,-10.064274,76.41077,27.172544,0.0,0.0,17.467743,81.24005,-203.63835,1.0,0.6184862,1.0,0.0,0.0,0.0,0.0,0.0,0.0,0.0,0.0,0.0,0.0,0.0,0.0,0.0,0.0,0.0,0.0,0.0,0.0,1.0,0.0,0.0,0.0,0.0,0.0,0.0,1.0,0.0,0.0,0.0,0.0,1.0,0.0,0.0,0.0,0.0,0.0,1.0,0.0,1.0,0.0,0.0,0.0,0.0,0.0,0.0,0.0,0.0,1.0,0.0,981.85364,214.9699,105.45964,7.7045703,6.105266,55.299366,4.3563704,9.082422,62.948677,32.597744,36.985165,45.582283,4.46053,6.620072,0.66087306,49.66915,133.88812,90.75106,-179.50453,-136.13231,58.227818,0.22049363,1.0036131,5.9369555,1.8667316,2.4779193,491.2734,1502.0135,5.99876,0.8383734,0.0,0.0,1.0,0.0,0.0,0.0,1.0
59.567257,-3.682426,46.395363,23.106127,1.0036198,0.09606677,0.1291055,-0.13922967,0.026169568,0.021660924,94039.27,-0.019709203,22893.156,0.0004301807,425417.97,-0.030187437,126433.75,-315064.56,-2023674.5,549633.44,155299.88,158.3835,69.09534,87.67531,118.655426,55.84093,-0.52884656,61.79819,154.07971,10.083617,156.8294,170.99678,0.0,63.787872,-2.8162317,71.87648,67.022316,0.0,0.0,13.453236,131.90054,-78.18511,2.0,2.835848,1.0,0.0,0.0,0.0,0.0,0.0,0.0,0.0,0.0,0.0,0.0,0.0,0.0,0.0,0.0,0.0,0.0,0.0,0.0,0.0,0.0,0.0,0.0,0.0,0.0,0.0,0.0,0.0,1.0,0.0,0.0,0.0,0.0,0.0,0.0,0.0,0.0,1.0,0.0,0.0,1.0,0.0,0.0,0.0,0.0,0.0,0.0,0.0,0.0,0.0,-2685.3372,187.20372,86.30436,9.663731,10.618064,43.854015,10.646164,9.197234,41.052147,25.48158,32.911522,39.595066,3.6039293,6.5710607,8.480909,90.453224,261.67828,118.45832,3.249177,-84.42343,110.03708,0.9586325,1.619031,4.0369205,-0.48572224,2.4833133,-142.60677,717.9504,6.269605,0.07382135,0.0,1.0,0.0,0.0,0.0,1.0,0.0
93.11812,-0.5405312,29.135118,7.277956,1.0473399,0.50360346,0.07465306,0.0015402768,-0.005894162,-0.016578754,38906.516,-0.003680397,4074.9438,0.008667571,113941.3,0.025165841,43373.363,-179139.23,-1395266.5,319794.25,88673.414,108.66414,40.758636,101.78193,61.73685,23.735205,31.327347,43.25023,91.65906,0.8951199,149.86266,55.942142,0.0,43.592445,-2.5190217,51.03347,27.065495,1.0,0.0,10.123634,139.37068,72.34531,2.0,1.5105352,1.0,0.0,0.0,0.0,0.0,0.0,0.0,1.0,0.0,0.0,1.0,1.0,0.0,0.0,0.0,0.0,0.0,0.0,0.0,0.0,0.0,0.0,0.0,0.0,0.0,0.0,0.0,0.0,1.0,0.0,0.0,0.0,0.0,0.0,0.0,0.0,0.0,0.0,0.0,0.0,0.0,0.0,0.0,0.0,0.0,0.0,0.0,0.0,0.0,0.0,328.41238,129.85298,75.402596,5.6912236,6.0172048,31.453682,6.6584797,6.9219356,30.418423,18.056442,20.088717,25.874735,3.5797238,5.5080047,6.0531397,59.074463,140.24634,61.870064,55.41397,5.776088,59.144524,0.69364303,0.9775364,3.3391643,0.24316752,2.0868134,60.21483,578.33075,3.989224,1.3232938,0.0,1.0,1.0,0.0,0.0,0.0,1.0
61.750027,1.5226891,54.83418,20.601006,7.1543064,1.3933724,0.11833194,0.04048496,-0.015078816,0.030118706,42771.652,-0.00056860456,2060.4373,0.02750166,100200.33,-0.07262032,138397.47,-239717.27,-1622429.4,244412.02,26700.28,122.7991,52.778168,105.61519,68.543884,31.240618,23.549227,40.22667,78.45496,-5.1467867,155.93379,89.11038,0.0,43.222374,2.3271837,53.906845,37.16511,0.0,1.0,14.0611315,108.85704,60.92666,2.0,1.9328276,1.0,0.0,0.0,0.0,1.0,1.0,0.0,1.0,0.0,1.0,0.0,0.0,0.0,0.0,0.0,0.0,1.0,0.0,0.0,1.0,0.0,0.0,0.0,0.0,0.0,0.0,0.0,1.0,1.0,1.0,0.0,1.0,0.0,0.0,0.0,1.0,0.0,0.0,0.0,0.0,0.0,0.0,0.0,0.0,0.0,0.0,0.0,0.0,0.0,0.0,-223.74104,140.49603,71.962234,-0.3795663,-1.6707033,8.954401,-2.0849595,-2.0574727,7.919671,2.2658334,-2.867083,-7.3669252,4.119174,5.3093104,5.365369,46.0955,168.98817,110.83548,63.512478,12.991018,46.572693,0.7149338,0.9495533,1.4861792,1.2354178,-0.0011858605,176.74547,396.23526,3.938906,0.46951318,0.0,0.0,1.0,0.0,0.0,0.0,0.0
82.653725,0.009255207,48.298058,16.167727,5.068873,1.7550095,0.07361596,0.14190765,-0.051568195,-0.045823317,21339.504,-0.00534923,-942.28186,0.0429938,40764.49,-0.04599454,107840.914,-300130.75,-337637.8,159037.62,61455.74,174.11195,60.64274,158.22166,164.68631,60.422523,64.09546,-4.1757936,25.690302,-1.1727364,159.06052,62.57328,1.0,-8.52398,0.9658806,68.852516,26.316988,0.0,1.0,14.046327,155.59523,-4.7168016,2.0,1.6415493,1.0,0.0,1.0,0.0,1.0,1.0,1.0,1.0,1.0,1.0,0.0,1.0,0.0,0.0,1.0,0.0,1.0,0.0,0.0,1.0,0.0,0.0,1.0,0.0,0.0,0.0,0.0,1.0,1.0,1.0,0.0,0.0,0.0,0.0,0.0,0.0,0.0,0.0,0.0,0.0,0.0,0.0,0.0,0.0,0.0,0.0,0.0,0.0,0.0,0.0,-467.45416,139.86176,87.991455,1.5697544,3.8890057,21.693247,3.2059286,2.0863128,23.590649,13.535537,2.4120567,1.320104,4.0981903,5.3065305,4.2768087,47.34288,252.17107,192.48642,127.88487,74.2678,22.955587,1.2758727,1.4565988,2.2520764,2.1047983,0.010583324,275.4264,561.4485,3.7751024,2.081339,0.0,1.0,0.0,0.0,0.0,1.0,0.0
61.902325,6.7041426,25.729841,0.36625996,3.033246,1.1989096,0.14784063,0.1481653,0.039797157,0.06713058,465.60742,0.019187456,5398.7827,0.036462788,38886.12,0.006431931,61833.594,259410.3,-672177.44,115905.43,76226.555,118.91314,59.377937,169.29321,94.59421,46.47886,93.99806,-17.747395,27.561962,4.337586,155.61931,80.581604,0.0,-30.416838,0.86918515,66.25344,34.180164,1.0,0.0,8.228964,204.4872,223.46718,2.0,1.8338432,1.0,0.0,0.0,0.0,1.0,1.0,0.0,1.0,0.0,1.0,0.0,0.0,0.0,1.0,1.0,0.0,1.0,1.0,0.0,0.0,0.0,0.0,1.0,0.0,0.0,0.0,1.0,0.0,1.0,0.0,1.0,1.0,0.0,1.0,0.0,1.0,0.0,0.0,0.0,1.0,0.0,0.0,0.0,0.0,0.0,0.0,0.0,0.0,0.0,0.0,337.8148,130.17131,63.092476,4.758313,7.403741,46.695103,5.979849,3.3922553,41.37635,16.9155,12.471882,14.877186,2.8398175,4.193031,4.6537237,59.17735,156.07346,79.02159,142.61282,59.284252,69.09178,1.1165885,1.3243307,3.0047889,2.1185076,0.7916065,260.72458,1238.0735,3.9834607,1.4379402,1.0,1.0,1.0,0.0,1.0,0.0,0.0
77.90931,5.041056,44.602745,8.252406,4.9410286,1.0600967,0.09700768,0.046833444,0.008600109,0.026222687,8716.792,0.009606158,1657.1985,0.019970357,-11588.108,-0.035404656,35910.582,-8141.8413,-959638.1,155878.89,66778.47,88.08707,38.244446,96.02915,45.38938,21.33464,16.972582,-9.041928,24.841558,-4.623863,157.03041,69.53355,0.0,-17.769096,-0.42824474,46.47823,29.667856,1.0,0.0,12.119677,183.83844,75.86371,2.0,1.7414197,1.0,0.0,0.0,0.0,1.0,1.0,0.0,0.0,0.0,1.0,1.0,1.0,0.0,0.0,0.0,0.0,0.0,0.0,0.0,0.0,0.0,0.0,1.0,0.0,0.0,0.0,0.0,0.0,0.0,1.0,1.0,1.0,1.0,0.0,0.0,1.0,0.0,1.0,0.0,0.0,0.0,0.0,0.0,0.0,0.0,0.0,0.0,0.0,0.0,0.0,-102.664734,108.314964,64.30701,0.2570124,-0.5769368,15.119894,0.20557512,-0.48034573,12.178893,5.74653,3.5534353,3.0684307,3.0024986,4.2408476,3.7607589,44.796352,96.763275,44.48415,54.907352,9.62476,46.46183,0.78523606,0.80180174,1.9032243,1.2811545,1.1205417,174.17572,6.1421766,2.971591,0.28102967,0.0,1.0,0.0,0.0,0.0,1.0,0.0
80.68102,8.911052,52.47831,3.6626728,5.0960984,1.3463777,0.085854195,0.13038,-0.05762808,-0.0097488435,53415.215,0.006798238,3693.2942,0.010475927,113870.766,0.032499693,162409.1,-13731.247,185099.83,93800.14,83187.43,134.10434,18.525692,107.360275,135.33502,26.778969,22.5457,35.175457,72.35756,2.532622,178.65878,154.10509,1.0,39.67141,0.49873227,42.71352,50.9328,1.0,0.0,9.942473,166.10876,226.54709,0.0,2.776253,1.0,0.0,0.0,0.0,0.0,0.0,0.0,1.0,1.0,1.0,0.0,0.0,0.0,0.0,1.0,0.0,0.0,0.0,0.0,0.0,0.0,1.0,0.0,0.0,0.0,0.0,0.0,0.0,1.0,0.0,0.0,0.0,0.0,0.0,0.0,0.0,0.0,0.0,0.0,0.0,0.0,0.0,0.0,0.0,0.0,0.0,0.0,0.0,0.0,0.0,711.73816,147.54951,90.46075,7.3322153,5.785793,35.02766,7.857845,6.3552217,33.417442,20.462738,17.917986,20.911594,3.6739109,5.051182,7.4467373,57.68223,124.21734,57.236557,53.850716,-4.9800806,56.033615,1.1111343,1.186977,0.6851936,0.10733616,1.7191635,103.380356,1042.8378,4.420929,4.7964807,0.0,1.0,0.0,0.0,0.0,0.0,1.0
77.80722,-4.9315643,28.886625,21.821009,2.7103262,0.8833774,0.15316778,-0.012738301,-0.034966197,0.088386156,52482.22,0.004462591,2841.8103,0.04705323,144395.69,-0.014903757,107221.29,-235773.36,-1594918.2,142392.86,19767.645,115.58033,45.510853,111.61523,108.26853,46.896587,43.608864,-1.2069045,24.685024,0.52275985,146.41576,44.6,0.0,-8.742334,-2.876757,52.58953,24.333672,1.0,0.0,11.655999,172.86394,98.19285,1.0,1.373887,1.0,0.0,0.0,0.0,1.0,1.0,0.0,0.0,0.0,1.0,1.0,1.0,0.0,0.0,1.0,0.0,0.0,1.0,0.0,0.0,0.0,0.0,0.0,0.0,0.0,0.0,0.0,0.0,1.0,1.0,0.0,0.0,0.0,0.0,0.0,0.0,0.0,0.0,0.0,0.0,0.0,0.0,0.0,0.0,0.0,0.0,0.0,0.0,0.0,0.0,1741.2804,156.51868,79.93547,5.869565,5.2333846,26.947996,5.5756254,3.8418462,25.554796,18.675264,12.677805,10.021697,2.2485158,3.6313407,5.0465264,57.862926,129.41254,67.501656,49.785378,4.3834467,32.334236,1.1844671,1.5245111,1.5898983,1.8960457,-0.18838722,128.76184,797.73096,3.182318,1.0731246,0.0,0.0,1.0,0.0,0.0,0.0,1.0
76.0352,7.1682706,38.554947,2.5008094,5.334999,0.778867,0.053907275,0.16468753,0.042532895,-0.004151484,-14050.159,0.0075504407,-925.7229,0.023043618,-7739.576,0.010300306,45691.58,-57815.273,-1488043.1,77747.555,26889.898,126.28161,59.680077,172.926,56.167244,28.589445,116.216194,32.764904,60.102997,-0.41720375,164.35556,35.53333,0.0,37.151093,1.5352848,38.49719,15.306068,1.0,0.0,12.340262,84.13177,-28.764412,2.0,1.3895785,1.0,0.0,0.0,0.0,1.0,0.0,0.0,1.0,0.0,1.0,0.0,1.0,0.0,0.0,0.0,0.0,0.0,0.0,0.0,1.0,0.0,0.0,1.0,1.0,0.0,0.0,0.0,0.0,1.0,0.0,0.0,0.0,0.0,0.0,0.0,0.0,0.0,0.0,0.0,0.0,0.0,0.0,0.0,0.0,0.0,0.0,0.0,0.0,0.0,0.0,1511.9459,64.70538,46.44723,1.9177207,5.0829053,26.712229,3.6878648,0.19619942,22.821886,9.272855,1.4645456,1.7142102,4.680559,5.491167,3.3479385,27.742771,195.58502,154.65004,159.57745,117.41564,41.024574,0.6763706,0.72415686,1.7113645,1.9842222,1.1522698,287.3034,101.56345,3.3814244,2.929903,0.0,0.0,1.0,0.0,0.0,0.0,1.0
79.13975,8.664966,58.168087,1.7950379,2.776319,-0.07154921,0.0658168,-0.19069195,-0.048716974,-0.038930185,31344.355,0.0069724787,12690.1875,0.011594169,159638.19,0.18207192,151408.94,-1576.2222,-149013.34,252552.44,115346.08,196.01501,56.68704,109.94857,230.74501,74.84632,40.03088,2.14531,68.08494,0.1748789,184.29622,98.34006,1.0,2.6158187,2.2829053,72.19264,31.498812,1.0,1.0,8.36443,127.65217,87.14815,0.0,2.2194006,1.0,0.0,0.0,0.0,0.0,0.0,0.0,1.0,0.0,0.0,0.0,1.0,0.0,0.0,1.0,0.0,0.0,0.0,0.0,0.0,0.0,1.0,0.0,0.0,0.0,0.0,0.0,0.0,0.0,0.0,0.0,0.0,0.0,0.0,0.0,0.0,0.0,0.0,0.0,0.0,0.0,0.0,0.0,0.0,0.0,0.0,0.0,0.0,0.0,0.0,-759.8771,116.2969,61.094173,2.579122,2.342608,19.92528,2.3401728,-0.460356,17.174131,9.697119,23.658424,31.393047,3.5389483,5.8231688,7.989089,81.55742,261.41962,124.36099,18.818216,-81.098885,100.66927,1.6068021,2.0131605,2.4921715,0.23612994,2.3660944,-314.72833,803.67523,5.207022,1.6764024,1.0,1.0,0.0,0.0,0.0,1.0,0.0
72.229774,8.32561,24.981943,-0.9198363,1.3278122,0.833599,0.14849861,0.07269039,0.059787642,0.084308095,-9121.548,0.0061661904,10395.514,0.044190478,95009.8,0.06468731,35055.61,242993.02,-2017929.5,116323.836,29866.746,70.721375,36.39435,12.012574,57.93608,30.436035,-12.749923,-3.876235,19.899054,7.013051,175.61247,48.64361,1.0,-6.4411726,-0.82153225,81.08041,17.02527,0.0,0.0,10.840542,175.04659,-94.49296,1.0,1.6169969,1.0,0.0,0.0,0.0,0.0,1.0,0.0,1.0,1.0,1.0,0.0,0.0,0.0,0.0,1.0,0.0,0.0,0.0,0.0,0.0,0.0,0.0,0.0,0.0,0.0,0.0,0.0,0.0,1.0,0.0,0.0,1.0,0.0,0.0,0.0,1.0,0.0,0.0,0.0,0.0,1.0,0.0,0.0,1.0,0.0,0.0,0.0,0.0,0.0,0.0,-230.5034,80.93479,45.741585,6.4925466,10.139142,28.908792,6.1326776,5.760556,24.445122,15.613803,25.769342,32.848164,2.6418023,4.155598,2.3752358,61.273808,49.849903,-8.99718,-114.31405,-160.3191,118.59233,0.94600445,1.3466041,2.6951747,1.6205724,1.3685853,-18.167673,672.72107,3.6650627,4.809831,1.0,1.0,0.0,0.0,1.0,0.0,0.0
79.48128,2.4921565,10.979781,13.71109,2.7454705,2.0241668,0.19832829,0.2971498,0.07978831,0.15831959,9902.096,0.011259827,2488.7654,0.0345632,36778.137,0.053702205,121688.39,-36606.574,862336.3,245666.05,78648.24,54.312683,8.59476,65.84098,10.314914,-2.6469786,2.6470125,10.154642,32.984734,10.7025175,152.7782,111.76582,0.0,3.4662538,2.340399,48.578094,45.17954,1.0,0.0,14.591433,165.45465,84.80765,1.0,2.1654863,0.0,0.0,0.0,0.0,0.0,1.0,0.0,1.0,1.0,1.0,0.0,0.0,0.0,0.0,0.0,0.0,0.0,0.0,0.0,0.0,0.0,0.0,0.0,0.0,0.0,0.0,0.0,0.0,1.0,0.0,0.0,0.0,0.0,0.0,0.0,1.0,0.0,1.0,0.0,1.0,0.0,0.0,0.0,0.0,0.0,0.0,0.0,0.0,0.0,0.0,-1730.6199,140.52858,83.01393,13.00649,15.835984,41.59026,13.232055,11.57713,42.626564,26.626968,17.529856,16.03976,1.9050976,3.6560106,3.5712402,73.76208,1.0316252,-27.401802,14.810148,-23.303295,51.71228,0.7018572,0.72513187,2.1002822,1.7176466,1.4198838,329.12195,569.11,3.630783,1.1336391,0.0,0.0,0.0,0.0,0.0,1.0,0.0
91.4177,1.0399284,26.75525,11.205456,2.4037185,1.1840215,0.1882901,0.15786022,0.09525589,0.18971576,15156.01,0.008137813,4476.456,0.022882598,71853.69,0.101573646,82309.93,-64952.97,-1585581.0,189080.77,43568.844,105.680954,51.768936,106.09963,14.986363,14.665152,56.339912,23.575968,41.318787,5.718168,157.14539,55.559155,0.0,21.775408,-1.3549261,49.766308,25.278465,1.0,0.0,12.668612,140.61179,75.03306,1.0,1.5495939,1.0,0.0,0.0,0.0,0.0,0.0,0.0,1.0,0.0,1.0,1.0,0.0,0.0,0.0,0.0,0.0,0.0,0.0,0.0,0.0,0.0,0.0,1.0,0.0,0.0,0.0,0.0,0.0,1.0,0.0,0.0,0.0,0.0,0.0,0.0,1.0,0.0,0.0,0.0,1.0,0.0,0.0,0.0,0.0,0.0,0.0,0.0,0.0,0.0,0.0,11.441475,93.71772,49.860504,6.5932736,6.9463077,39.77383,7.446547,6.9580765,38.4443,22.643963,19.465755,21.2789,4.56255,5.5876656,3.409951,37.508564,178.47244,157.5976,53.396652,36.011215,23.870403,0.52076274,0.47978398,2.1442041,1.3599992,1.6953961,289.09116,709.22424,4.1060624,4.158761,1.0,0.0,1.0,0.0,1.0,0.0,0.0
63.135178,-2.1049004,5.6231923,5.3384643,-2.1809328,-0.45938918,0.18420705,0.08527173,0.06721734,0.09929172,16090.399,0.00245399,-1031.1367,0.010247291,38403.77,0.06773196,-13530.092,-74076.64,-3575012.0,28854.014,22823.998,129.96191,49.483013,152.8501,79.94307,27.920383,144.75517,78.280266,141.69232,4.1627254,126.909615,53.069374,0.0,81.66954,-10.656632,62.53096,35.29135,1.0,0.0,7.9691076,154.15816,38.874336,1.0,1.3490361,1.0,0.0,0.0,0.0,0.0,1.0,0.0,1.0,0.0,1.0,1.0,0.0,0.0,0.0,0.0,0.0,1.0,1.0,0.0,1.0,1.0,0.0,1.0,0.0,0.0,0.0,0.0,0.0,1.0,0.0,0.0,0.0,0.0,0.0,0.0,0.0,0.0,0.0,0.0,0.0,0.0,0.0,0.0,0.0,0.0,0.0,0.0,0.0,0.0,0.0,2868.6965,108.821144,36.39733,10.512962,10.430574,70.33157,13.512532,9.688793,65.425476,33.686554,35.490967,45.07101,3.9201767,5.490532,5.13219,46.760857,172.55759,78.78458,65.93882,27.005438,58.919033,0.75489295,1.2593677,3.9908602,0.71320355,2.281728,230.77301,1428.8119,5.1393433,1.1467062,0.0,0.0,1.0,0.0,0.0,0.0,1.0
56.825714,0.46049413,68.47433,20.409264,5.9311824,0.7919865,0.05146815,-0.05510345,-0.091579944,-0.05309874,18283.156,-0.012329669,12851.77,0.018168813,177259.02,-0.12611392,77278.414,-365380.34,-2028074.4,146935.14,30509.018,202.2046,77.39487,180.70305,244.0569,95.11273,81.42833,9.073524,73.670685,-2.8099592,182.26103,111.332794,0.0,9.466266,0.14583254,49.359985,35.841057,1.0,0.0,12.170292,142.75325,60.990093,2.0,2.328112,0.0,0.0,0.0,0.0,0.0,0.0,0.0,0.0,0.0,1.0,0.0,1.0,0.0,0.0,1.0,0.0,1.0,1.0,0.0,0.0,0.0,1.0,0.0,0.0,0.0,0.0,0.0,0.0,1.0,0.0,0.0,0.0,0.0,0.0,0.0,0.0,0.0,0.0,0.0,1.0,0.0,0.0,0.0,0.0,0.0,0.0,0.0,0.0,0.0,0.0,1452.1937,168.67389,97.003975,-0.35601255,0.5097683,17.372183,0.10801512,-4.4301925,15.107371,11.594179,6.7213516,7.7863173,3.1270425,4.9471626,6.023964,73.75136,292.93283,160.17197,138.9951,39.499065,86.27409,1.8991054,2.2847366,2.627603,1.2610406,0.716998,-65.72954,666.279,4.497217,-0.30161113,0.0,0.0,0.0,0.0,0.0,0.0,1.0
79.45545,0.46591768,41.69058,3.0309374,2.620576,0.62683725,0.056037366,0.018756928,0.040858395,0.032088187,9806.27,-0.006230671,4991.4014,0.0022803678,70531.11,-0.039088015,45319.766,-114195.98,-1400489.8,243420.33,61580.438,126.78007,50.34617,120.66131,96.778496,38.93455,74.13038,11.426541,63.635048,1.8602567,168.02028,39.42963,0.0,8.464223,-0.19243617,51.973515,15.778427,1.0,1.0,8.586574,121.89823,129.19359,2.0,1.4368224,0.0,0.0,0.0,0.0,0.0,1.0,0.0,1.0,0.0,0.0,0.0,0.0,0.0,0.0,0.0,0.0,0.0,0.0,0.0,1.0,0.0,0.0,0.0,0.0,0.0,0.0,0.0,0.0,1.0,0.0,0.0,0.0,0.0,0.0,0.0,1.0,0.0,1.0,0.0,0.0,0.0,1.0,0.0,0.0,0.0,0.0,0.0,0.0,0.0,0.0,1567.7079,141.80318,84.28121,3.6814885,4.7174034,37.26678,4.4414372,-0.07075572,34.76489,14.98807,17.501963,24.617151,3.6669748,5.4951825,5.1800885,59.009186,175.979,83.60266,67.22675,-4.2754874,81.21586,0.9651617,1.1558478,2.2293704,0.9960814,1.709488,128.4214,844.60535,4.369817,1.4828277,1.0,1.0,0.0,0.0,0.0,0.0,0.0
70.10974,2.7325912,60.323322,19.230373,4.736305,0.6322131,0.16036488,-0.17707735,0.01231598,0.08557929,46081.055,-0.00665347,19913.096,0.027249755,327311.94,-0.04348644,127414.586,-195917.89,-2484720.8,385890.34,16588.377,100.95612,60.146187,101.415085,56.48398,40.914997,34.448906,33.756603,90.02707,2.086863,168.34068,134.9609,0.0,33.317875,2.6817567,57.657505,49.44803,1.0,0.0,8.221642,176.94594,65.1895,2.0,2.512061,0.0,0.0,0.0,0.0,0.0,0.0,0.0,0.0,0.0,1.0,0.0,1.0,0.0,0.0,1.0,0.0,0.0,1.0,0.0,0.0,0.0,0.0,0.0,0.0,0.0,0.0,0.0,0.0,1.0,0.0,0.0,1.0,0.0,0.0,0.0,1.0,0.0,1.0,0.0,0.0,1.0,0.0,0.0,0.0,0.0,0.0,0.0,0.0,0.0,0.0,-482.01028,144.23032,61.309605,3.5996754,2.7315342,7.7858,1.3626742,0.3658259,0.61672324,4.819903,11.59334,15.075672,3.0065882,5.0413857,7.964827,79.467094,146.7528,47.22191,50.282566,-39.118736,126.42026,0.8371198,1.2759532,2.442909,1.5518013,1.0085932,-333.2226,257.52396,4.6171165,1.3186737,1.0,1.0,0.0,0.0,0.0,1.0,0.0
38.574245,-5.0289493,37.649246,13.4862385,1.3630526,2.2269385,0.2419897,0.08078414,0.18722735,0.18042731,61433.246,-0.0045069843,12208.563,0.020152478,167550.83,0.02048275,129951.02,71351.984,1149922.8,472043.9,169107.19,141.43399,66.70399,-4.5679626,73.281136,43.39274,-107.25053,69.168434,140.43062,14.381104,155.85663,106.069374,0.0,73.88763,-2.447992,94.21577,44.42611,0.0,0.0,15.215244,-15.77778,-143.77412,1.0,2.1138835,1.0,0.0,1.0,0.0,0.0,0.0,0.0,0.0,0.0,0.0,0.0,0.0,0.0,0.0,0.0,0.0,0.0,0.0,0.0,1.0,0.0,0.0,0.0,0.0,0.0,0.0,0.0,0.0,0.0,0.0,0.0,0.0,0.0,0.0,0.0,0.0,0.0,0.0,0.0,0.0,1.0,0.0,0.0,0.0,0.0,0.0,0.0,0.0,1.0,0.0,-1593.0851,240.96527,123.43018,12.53885,12.67494,57.829643,13.238933,15.479255,54.967785,23.959127,33.292088,37.179276,5.2770395,7.1360116,4.8258862,51.874607,248.71965,153.10277,-152.7737,-195.98315,116.40077,0.8244194,1.0428551,1.7022475,-2.4980588,0.44682565,266.60275,1159.5908,5.614713,3.7722952,0.0,1.0,0.0,0.0,0.0,1.0,0.0
88.65753,3.4491425,24.528503,2.779276,3.1531663,0.95037144,0.07518952,0.2963498,0.080836006,-0.018884383,8735.708,-0.0015209981,1235.8718,0.024225412,26652.82,0.00019185514,79590.77,67389.49,-652702.8,181438.8,83026.85,104.09353,40.97547,147.48003,39.49798,17.082417,107.48336,11.1157875,35.165073,6.89368,160.76479,52.579967,0.0,8.386118,-0.22723138,53.909203,22.240665,1.0,0.0,11.142635,151.45636,60.626747,2.0,1.5563956,0.0,0.0,0.0,0.0,1.0,1.0,0.0,1.0,1.0,1.0,1.0,1.0,0.0,0.0,0.0,0.0,0.0,0.0,0.0,0.0,0.0,0.0,0.0,0.0,0.0,0.0,0.0,0.0,1.0,0.0,0.0,0.0,0.0,0.0,0.0,1.0,0.0,0.0,0.0,0.0,0.0,0.0,0.0,0.0,0.0,0.0,0.0,0.0,0.0,0.0,125.175865,113.47354,74.0582,9.341099,12.569663,58.467567,13.010776,8.173588,56.71402,26.34668,13.039016,13.56921,3.7122796,4.9567604,3.898085,44.538902,133.00455,92.90389,111.220184,72.4812,38.98052,0.5335788,0.69702417,1.7758217,1.7391937,1.3578784,496.52048,413.18875,3.4756126,3.634276,0.0,0.0,1.0,0.0,0.0,1.0,0.0
62.26354,5.3174305,31.819756,5.1258173,3.2861042,-0.48006555,0.06581537,-0.3098487,0.0030974129,-0.0042327326,47860.75,0.0069569815,12565.274,0.016251037,170135.16,-0.03508818,203627.44,-139610.94,-1074358.0,310545.97,43696.227,107.22625,71.50461,117.68504,63.0137,48.026974,35.231102,16.88048,80.62963,-1.2315183,164.39513,86.10382,0.0,10.715905,2.7887952,41.569836,32.12921,1.0,0.0,6.512337,113.97583,356.4845,2.0,1.9413149,0.0,0.0,1.0,0.0,1.0,1.0,0.0,1.0,0.0,1.0,1.0,1.0,0.0,0.0,0.0,0.0,0.0,1.0,0.0,0.0,0.0,0.0,1.0,0.0,0.0,0.0,0.0,0.0,1.0,0.0,0.0,1.0,0.0,0.0,0.0,1.0,0.0,0.0,0.0,0.0,0.0,0.0,0.0,0.0,0.0,0.0,0.0,0.0,0.0,0.0,668.45514,114.465805,46.549564,1.9127567,2.1237955,12.791127,1.7497749,0.5873964,2.7897766,0.16530733,10.008991,15.835033,2.6850843,4.613592,8.733955,81.30237,165.12608,26.36902,96.13728,-22.780722,123.98536,0.9798219,1.3887533,2.5435138,-0.6135429,1.1505184,-218.56137,601.3626,4.2439084,6.0886197,0.0,1.0,0.0,1.0,0.0,1.0,0.0
68.42599,6.660363,37.97646,7.505415,4.502337,1.0188067,0.09819026,-0.0064295526,0.052918803,0.12338922,11748.644,0.012298116,2302.3074,0.02939478,39965.816,0.035991192,68845.805,-195413.64,151769.2,170513.92,25496.297,98.91631,38.503136,105.95375,58.41939,22.886984,34.99361,5.1118503,43.912586,11.122922,178.91872,90.92929,1.0,7.0481014,2.844834,59.881065,29.582802,0.0,0.0,12.308272,49.558613,144.84879,1.0,2.0955367,1.0,0.0,0.0,0.0,0.0,1.0,0.0,0.0,0.0,1.0,0.0,0.0,0.0,0.0,0.0,0.0,0.0,0.0,0.0,1.0,0.0,0.0,0.0,0.0,1.0,0.0,0.0,0.0,0.0,0.0,0.0,0.0,0.0,0.0,1.0,1.0,0.0,0.0,0.0,0.0,1.0,0.0,0.0,0.0,0.0,0.0,0.0,0.0,0.0,0.0,56.025246,106.50073,68.11243,12.64718,14.958994,18.404171,11.710547,7.9575205,16.997255,10.140507,14.485155,14.374912,2.8798869,4.577828,5.150305,58.860733,110.56494,40.4619,82.48068,12.845113,58.30014,0.95551324,0.98311245,1.5812227,0.78719735,0.4151074,13.77626,117.18791,4.099996,0.8175601,1.0,1.0,0.0,0.0,0.0,1.0,0.0
62.287754,1.4049654,-15.1539,0.7170938,-4.7660003,-1.1694994,0.085113026,-0.053554073,0.14444767,0.20249708,118367.94,0.008846677,12741.407,-0.012636637,286163.1,0.13659422,47344.75,123389.58,1869927.8,157162.78,187744.11,244.82182,77.55445,188.38945,244.21521,80.23994,151.16106,8.349781,90.44308,26.29212,180.77248,181.47203,1.0,6.048622,-11.287214,-0.17681357,60.29435,1.0,1.0,9.571051,21.430182,146.90407,2.0,3.0851338,0.0,0.0,0.0,0.0,0.0,0.0,0.0,0.0,0.0,0.0,0.0,0.0,0.0,0.0,1.0,0.0,0.0,0.0,0.0,1.0,0.0,0.0,0.0,0.0,0.0,0.0,0.0,0.0,1.0,0.0,0.0,0.0,0.0,0.0,0.0,1.0,0.0,1.0,0.0,0.0,0.0,0.0,0.0,0.0,0.0,0.0,0.0,0.0,0.0,0.0,1505.4634,162.96422,80.71407,29.90085,30.246485,114.873886,37.569016,25.329227,113.05031,64.11468,72.85499,91.74747,4.8327303,7.152961,9.712876,79.382126,420.6619,255.69843,90.32369,-16.24054,92.01316,1.5543019,1.9480077,-0.15237275,-2.98913,2.3160644,292.717,2074.044,5.9457583,7.5427628,0.0,1.0,0.0,0.0,0.0,0.0,1.0
68.99513,1.3258759,34.19583,11.825334,3.6318102,1.640076,0.15748242,0.17761429,0.0397271,0.034190923,23547.188,0.005696387,4447.7573,0.039270993,79021.32,0.0045220377,122063.17,-184441.33,-701154.94,234082.11,73834.49,114.10822,37.57171,128.75502,85.392944,30.94923,52.254925,2.7041447,47.49173,6.663598,155.67651,85.6217,0.0,-4.613193,-0.29830143,78.570206,35.32731,1.0,0.0,11.399913,202.04077,119.401215,2.0,1.8895468,1.0,0.0,0.0,0.0,1.0,1.0,0.0,1.0,0.0,1.0,0.0,1.0,0.0,0.0,1.0,0.0,0.0,0.0,0.0,0.0,0.0,0.0,1.0,0.0,0.0,0.0,0.0,0.0,1.0,1.0,0.0,1.0,0.0,0.0,0.0,1.0,0.0,0.0,0.0,0.0,0.0,0.0,0.0,0.0,0.0,0.0,0.0,0.0,0.0,0.0,313.3037,158.2502,84.28589,7.3271337,9.335983,38.838516,7.9650016,5.752095,37.157673,17.743181,12.076462,14.480245,3.170304,4.723844,5.235175,54.137726,118.26874,33.557503,90.1403,20.539604,44.47277,0.90897155,1.1194721,3.4411016,1.6492593,0.21387531,158.58978,630.53723,4.0942826,2.6810682,0.0,0.0,1.0,0.0,0.0,0.0,1.0
81.11874,4.910869,46.089962,2.7618883,3.231247,0.9243154,0.083960325,-0.10851476,-0.034309935,0.012698892,7427.266,0.0063330377,5441.646,0.0067409184,34017.19,0.0117909135,78947.11,325602.28,112694.336,212046.33,37406.836,108.30175,42.58309,84.77396,77.648575,30.175726,4.5005584,22.312042,73.842896,-0.0018424324,164.115,73.86389,0.0,18.056871,3.1278064,69.70973,28.486433,1.0,0.0,8.669132,173.71861,132.39633,2.0,1.831343,1.0,0.0,0.0,0.0,0.0,1.0,0.0,1.0,0.0,1.0,1.0,0.0,0.0,0.0,0.0,0.0,0.0,1.0,0.0,0.0,0.0,0.0,0.0,0.0,0.0,0.0,0.0,0.0,0.0,0.0,1.0,1.0,0.0,0.0,0.0,0.0,0.0,0.0,0.0,0.0,0.0,0.0,0.0,0.0,0.0,0.0,0.0,0.0,0.0,0.0,121.60301,128.33632,76.01936,3.6320674,3.4243162,9.334954,1.8246737,1.0745893,5.3461013,4.9301605,16.272,22.715162,3.0279605,4.6966248,4.3236823,53.98842,128.33969,41.792164,26.61638,-45.564476,91.366646,1.0375798,1.1200405,2.4022193,0.45526984,2.1866488,-80.83098,277.12534,4.4104176,2.9373837,0.0,1.0,0.0,0.0,0.0,0.0,1.0
40.969498,-1.708186,7.3743486,2.1061063,-4.331364,1.559782,0.27430016,0.13778482,0.23992442,0.24527508,14601.264,0.013384642,19198.186,0.05388697,279174.94,0.11330096,28147.756,60412.55,989133.9,624796.7,309165.44,70.99941,39.675083,70.84574,66.74477,42.013706,-66.556625,70.03043,179.00768,25.075281,166.28423,135.16788,0.0,74.87622,-5.3079257,118.72501,51.194237,0.0,0.0,10.222306,70.0888,-194.38829,2.0,2.4979594,0.0,0.0,0.0,0.0,0.0,0.0,0.0,0.0,0.0,0.0,0.0,0.0,0.0,0.0,0.0,0.0,0.0,0.0,0.0,0.0,0.0,0.0,0.0,0.0,0.0,0.0,0.0,0.0,0.0,0.0,0.0,0.0,0.0,0.0,0.0,0.0,0.0,1.0,0.0,0.0,1.0,0.0,0.0,0.0,0.0,0.0,0.0,0.0,0.0,0.0,-1142.5115,236.77608,109.32474,18.787607,23.021975,94.14705,22.493713,21.296982,88.771996,45.085052,54.27923,64.3636,0.88194025,4.7381306,6.099518,122.836716,68.84,-89.14806,22.406582,-101.75291,175.27223,1.2809438,2.1095197,4.2150507,-0.2531098,0.8640217,39.304222,1046.827,7.2238393,-0.13160345,0.0,1.0,0.0,0.0,1.0,0.0,0.0
61.155968,0.42794988,22.83035,9.213214,-1.5757109,1.7630593,0.08191223,-0.097868055,-0.033090234,-0.0059012063,51552.086,-0.017185237,11254.939,-0.025034416,91964.766,0.0016088624,127233.24,612638.9,2369674.2,384388.03,159632.69,267.5024,108.171326,74.98723,238.70271,96.67207,-38.027885,84.87184,181.78375,13.233878,164.82802,149.13492,0.0,92.99096,-0.860556,70.20157,54.49935,0.0,1.0,13.2698,60.934353,-89.98527,1.0,2.6425405,1.0,0.0,0.0,0.0,0.0,1.0,0.0,0.0,0.0,0.0,0.0,0.0,0.0,0.0,0.0,0.0,0.0,1.0,0.0,1.0,0.0,0.0,0.0,0.0,0.0,0.0,1.0,0.0,0.0,0.0,0.0,0.0,0.0,0.0,0.0,1.0,0.0,1.0,0.0,0.0,1.0,0.0,0.0,0.0,0.0,0.0,0.0,0.0,0.0,0.0,-1882.5424,201.23221,121.412674,12.703256,15.734517,36.45603,13.348341,15.383649,35.81172,25.950188,46.643093,58.847897,7.311293,8.987349,5.7169304,42.025894,481.40482,339.09467,-75.44915,-145.84932,111.728134,1.4763993,1.9926624,4.6516504,-1.8750842,3.1854641,-147.13028,1281.003,6.8305697,3.8458848,0.0,1.0,0.0,0.0,1.0,0.0,0.0
64.942444,0.2947558,44.724518,10.241139,4.567623,1.3446847,0.22732392,0.15976378,0.11344341,0.26198998,-2248.8313,0.014630424,3830.156,0.053317595,67500.23,0.09488366,24627.602,-652459.9,-837359.8,244051.12,82926.93,36.169563,21.511612,81.85128,19.926746,15.062881,1.2191875,7.221908,42.708893,2.0255299,161.4632,89.99817,0.0,3.8934505,0.14940205,61.224613,36.335445,1.0,0.0,14.125308,99.52686,89.62868,1.0,1.978314,1.0,0.0,0.0,1.0,0.0,0.0,0.0,1.0,1.0,1.0,0.0,1.0,0.0,0.0,1.0,0.0,0.0,0.0,0.0,0.0,0.0,0.0,0.0,0.0,0.0,0.0,0.0,0.0,0.0,0.0,0.0,0.0,0.0,0.0,0.0,0.0,0.0,0.0,0.0,1.0,0.0,0.0,0.0,0.0,0.0,0.0,0.0,0.0,0.0,0.0,-16.66625,155.52197,79.68577,1.7265893,3.336808,42.603176,1.5733567,4.0456,42.41332,18.10728,6.863179,5.477274,1.2673059,3.6306596,5.7687745,89.08868,-19.664581,-85.05219,38.090145,-11.744007,61.48081,0.97494924,1.052199,2.072323,0.7110724,-0.4503798,303.2825,801.9797,3.376834,-0.30771717,1.0,0.0,1.0,0.0,0.0,0.0,1.0
67.15229,2.2960608,26.828442,2.3547788,2.5027595,1.2104706,0.14416426,0.05004592,0.08696758,0.039922453,-3726.2295,-0.0024207458,1080.8589,-0.004912646,31453.57,0.05419861,49346.914,-23075.75,-135208.12,275275.8,69613.766,141.21385,36.177166,113.644264,73.2357,12.183411,47.101288,68.84982,126.2944,3.850937,146.46376,34.939533,0.0,73.67926,2.6604733,71.90652,21.427027,1.0,0.0,6.1589956,115.22293,60.087955,2.0,1.2808243,1.0,0.0,0.0,0.0,0.0,1.0,0.0,0.0,0.0,0.0,0.0,0.0,1.0,0.0,0.0,1.0,0.0,0.0,0.0,0.0,0.0,0.0,1.0,0.0,0.0,0.0,0.0,0.0,1.0,0.0,0.0,0.0,1.0,0.0,0.0,0.0,0.0,1.0,0.0,0.0,0.0,0.0,0.0,0.0,0.0,0.0,0.0,1.0,0.0,0.0,88.17253,141.79344,73.34102,4.018687,8.091176,29.114178,2.942919,1.805815,24.587679,5.820336,12.188286,19.266123,5.127972,6.540619,5.4564457,35.961662,205.40108,116.04328,49.267216,-19.704481,82.49019,0.8086701,0.7888006,2.6895063,1.8309405,2.8252974,25.477135,1038.3998,4.9761896,6.0699553,0.0,1.0,0.0,0.0,0.0,0.0,1.0
90.83654,4.7819104,35.65271,7.209652,4.053418,1.8089993,0.11940306,0.18071657,0.01829986,0.053525317,-8612.032,0.011651921,-202.12872,0.026642583,-44341.098,0.014829633,61904.695,254745.2,875330.44,161700.73,64614.566,91.60657,31.27306,125.298676,45.339035,14.367559,39.217293,12.6240835,34.765182,0.88141,163.20757,71.31626,0.0,11.2836685,1.5819931,55.592445,27.896408,1.0,0.0,14.73269,122.904366,-37.9324,0.0,1.8014317,1.0,0.0,1.0,0.0,1.0,1.0,1.0,1.0,1.0,1.0,1.0,1.0,0.0,0.0,0.0,0.0,0.0,0.0,0.0,0.0,0.0,0.0,0.0,0.0,0.0,0.0,0.0,0.0,0.0,0.0,0.0,0.0,0.0,0.0,1.0,0.0,0.0,0.0,0.0,0.0,1.0,0.0,0.0,0.0,0.0,0.0,0.0,0.0,0.0,0.0,113.1608,130.24821,85.859085,5.6628733,7.414275,29.526232,5.51807,4.834424,25.594522,13.910322,12.025115,13.304077,3.169664,4.4838243,3.1000366,37.548386,84.51814,54.586205,105.79797,65.47343,18.13769,0.75749224,0.8272056,2.1311455,1.6832104,1.7194554,145.54552,138.28653,3.3700948,3.6241174,0.0,0.0,1.0,0.0,0.0,1.0,0.0
78.99413,6.9938655,35.789707,2.0658188,3.8881772,1.294095,0.10809184,0.13494292,0.009361828,0.027390383,10002.793,0.003026389,1986.1694,0.011516474,-32922.21,0.0002474377,-13282.506,289725.44,-687203.06,114248.52,7685.367,80.74358,36.182755,99.44434,47.008366,21.680597,57.120605,2.5405598,31.361952,0.87106127,157.97906,49.67229,0.0,-2.6321328,0.17624891,55.897133,22.54615,1.0,0.0,12.624049,173.73296,27.399994,2.0,1.5194815,0.0,0.0,0.0,0.0,1.0,1.0,0.0,1.0,1.0,1.0,0.0,1.0,0.0,1.0,0.0,0.0,1.0,1.0,0.0,0.0,0.0,0.0,0.0,0.0,0.0,0.0,0.0,0.0,0.0,1.0,1.0,0.0,0.0,0.0,0.0,1.0,0.0,0.0,0.0,1.0,0.0,0.0,1.0,0.0,0.0,0.0,0.0,0.0,0.0,0.0,534.3387,91.658005,59.583504,6.3813047,7.610424,18.195889,4.351958,2.7277539,16.824394,8.559521,9.87193,10.899051,2.957344,4.0116506,2.3197322,40.798893,71.442764,36.483677,29.869946,-6.8304586,58.442253,0.8179416,0.9533614,1.8547609,1.9920745,1.7489603,156.93208,230.50856,3.394964,0.11955034,0.0,1.0,0.0,0.0,0.0,0.0,1.0
58.479645,-5.731922,17.594515,20.545172,0.19216922,-0.015671879,0.13033172,0.07097526,0.09348426,0.12402097,82168.76,-0.0125317825,8683.119,0.0058399593,252526.84,-0.07090492,145340.92,-280511.84,-4883343.5,171579.48,-6245.051,176.91579,89.02642,162.73102,89.09647,50.886677,145.13593,85.15186,149.75745,4.2051497,143.95093,93.422714,0.0,92.57964,-9.166774,37.82281,44.037796,1.0,1.0,13.062727,89.700485,107.842766,1.0,1.869222,1.0,0.0,0.0,0.0,0.0,0.0,0.0,0.0,0.0,1.0,1.0,0.0,0.0,0.0,0.0,0.0,0.0,0.0,0.0,0.0,0.0,0.0,1.0,0.0,0.0,0.0,0.0,0.0,0.0,0.0,0.0,0.0,0.0,0.0,0.0,1.0,0.0,0.0,1.0,0.0,0.0,0.0,0.0,0.0,0.0,0.0,0.0,0.0,0.0,0.0,506.86615,135.87115,57.546265,9.352808,7.2591825,71.69224,12.641384,7.0919366,66.85448,36.094006,31.736843,36.834007,5.2997813,6.89053,5.3515506,50.180466,339.3571,241.82323,87.74238,33.698,68.507416,0.5834403,1.0428284,3.349969,0.10529733,1.3256501,301.6049,1729.7155,5.6974897,-1.9632983,0.0,0.0,1.0,0.0,1.0,0.0,0.0
70.22366,3.2406468,56.977715,8.288738,2.84438,1.2840298,0.1529579,-0.07168075,-0.007442275,0.05374956,-3238.198,0.0050835065,5239.4663,0.03396534,22741.186,0.07131989,52794.04,221361.2,-420953.44,304121.8,43670.87,140.14197,44.929646,95.20025,96.083954,30.538677,34.72142,27.757298,81.05401,6.178252,171.6587,75.9713,0.0,30.556093,0.3346798,89.8245,27.767752,0.0,0.0,11.455838,120.41272,49.54782,1.0,1.9028443,1.0,0.0,0.0,0.0,1.0,0.0,0.0,1.0,0.0,1.0,0.0,1.0,0.0,0.0,1.0,0.0,0.0,0.0,0.0,0.0,0.0,0.0,0.0,0.0,0.0,0.0,0.0,0.0,0.0,1.0,0.0,0.0,0.0,0.0,1.0,1.0,0.0,0.0,0.0,0.0,1.0,0.0,0.0,0.0,0.0,0.0,0.0,0.0,0.0,0.0,-319.27158,139.97891,73.74041,8.850906,8.092384,15.967691,6.8914666,4.583679,12.529161,8.558404,20.925913,28.053211,3.9572685,5.8384748,4.20177,54.805836,193.41718,106.36133,8.855196,-57.890465,92.739494,0.9145077,0.9923315,1.771816,0.9220553,1.0578812,-186.08002,215.06825,4.832288,0.6481598,1.0,1.0,0.0,0.0,0.0,1.0,0.0
77.37827,-8.033168,27.47022,29.949345,0.7269482,0.40097922,0.17050278,-0.13854133,0.033183653,0.118323214,99729.84,-0.0072911633,10375.854,0.03366464,278211.03,-0.029800737,97724.55,-370522.2,-3068012.2,359119.9,25084.314,87.12294,47.556904,63.75704,27.154158,25.888456,14.854851,27.99287,65.38822,4.9156094,137.95686,97.641495,0.0,22.11662,-6.096053,42.00731,46.555416,0.0,0.0,15.706474,115.33938,17.97223,0.0,1.9097385,1.0,0.0,0.0,0.0,0.0,0.0,1.0,0.0,0.0,1.0,1.0,0.0,0.0,0.0,0.0,1.0,0.0,0.0,0.0,0.0,0.0,0.0,0.0,0.0,0.0,0.0,1.0,0.0,0.0,0.0,0.0,1.0,0.0,0.0,1.0,0.0,0.0,1.0,0.0,1.0,0.0,0.0,0.0,0.0,0.0,0.0,0.0,0.0,1.0,0.0,308.9948,161.39,75.274956,13.012128,8.1369915,32.11616,11.6519575,10.598724,33.172813,25.857803,30.995987,32.06033,2.318006,4.4890637,4.8494616,65.4946,128.05707,59.381237,-17.447826,-51.328743,72.84131,0.67010725,1.1845485,1.2976053,-0.08243799,0.96151984,205.998,347.69333,4.1624975,0.8850308,0.0,0.0,0.0,1.0,0.0,0.0,1.0
57.345104,-1.7159635,37.61509,16.193935,3.6811116,-0.5241857,0.11699133,-0.08942203,0.012898597,0.022714205,44123.7,0.0057608453,1436.0885,0.053572584,168864.12,-0.015587929,213663.61,-740491.7,-2211925.2,231981.56,84496.47,186.7344,71.32562,179.9464,111.48556,43.104023,98.05981,31.40514,79.6446,-0.08272453,159.6502,54.504177,0.0,33.617596,-3.5949492,62.481556,23.805643,1.0,1.0,11.61591,61.501537,131.59785,1.0,1.5465343,1.0,0.0,0.0,0.0,0.0,0.0,0.0,1.0,0.0,1.0,1.0,0.0,0.0,0.0,0.0,0.0,0.0,0.0,0.0,1.0,0.0,0.0,1.0,0.0,0.0,0.0,0.0,0.0,1.0,0.0,0.0,0.0,0.0,0.0,0.0,0.0,0.0,0.0,0.0,0.0,0.0,0.0,0.0,0.0,0.0,0.0,0.0,0.0,0.0,0.0,514.45233,119.37953,42.892994,1.42881,1.9123372,41.21076,4.928322,1.8786409,36.192955,15.240285,6.9550056,6.1168165,5.1800137,6.711309,8.391307,56.72308,321.37738,209.2912,171.39166,84.36793,34.396923,0.7554925,0.89967144,1.8247118,-0.3996632,-1.2165267,189.40659,1092.6759,4.1697526,4.2641554,0.0,0.0,1.0,0.0,0.0,0.0,1.0
52.54086,4.3080416,53.821373,4.761016,3.9738002,0.84970415,0.06684608,0.018372666,0.08423371,-0.006079271,-23869.361,-0.014185492,8009.062,0.02801547,69461.93,-0.06467159,122059.11,-150968.78,-272323.72,389706.16,106456.82,173.95116,62.73646,165.36636,136.08876,49.541832,83.13955,43.02035,124.50724,4.652365,173.5832,96.97547,0.0,48.17144,5.1729813,79.17242,33.370697,0.0,0.0,7.289854,137.70879,-18.48682,2.0,2.1185987,0.0,0.0,0.0,0.0,0.0,1.0,0.0,1.0,0.0,1.0,0.0,1.0,0.0,0.0,1.0,0.0,1.0,1.0,0.0,0.0,1.0,0.0,0.0,0.0,0.0,0.0,0.0,0.0,1.0,1.0,1.0,1.0,0.0,0.0,1.0,0.0,0.0,1.0,0.0,0.0,1.0,0.0,0.0,0.0,0.0,0.0,0.0,0.0,0.0,0.0,10.364628,161.4473,84.31278,2.46129,6.9812903,36.90162,3.3319342,-0.8551111,33.418484,9.910732,14.928822,22.87251,4.057078,6.23932,7.175955,80.46104,263.3986,121.0047,128.36807,-5.6641254,135.42918,1.2022138,1.4585826,3.3356347,2.6194928,0.92199355,-126.243324,761.8853,5.489093,2.6768227,0.0,1.0,0.0,0.0,1.0,0.0,0.0
-7.663174,-4.783571,85.07058,34.947605,6.6891627,-0.9285552,0.08516761,-0.35895467,0.06264659,-0.022154024,40717.96,-0.04913371,23333.996,-0.0046924944,362552.94,-0.22207005,126278.52,-1159663.4,-4846733.0,429094.22,48348.31,256.5554,105.44218,182.2531,271.33658,111.44165,103.56311,107.07575,258.04556,5.302549,170.75531,187.49414,0.0,121.9368,-1.7146322,92.634254,67.81683,0.0,0.0,13.922121,98.82273,-76.635376,2.0,3.1176722,0.0,0.0,1.0,0.0,0.0,0.0,0.0,0.0,0.0,1.0,0.0,1.0,0.0,0.0,1.0,0.0,0.0,1.0,0.0,0.0,1.0,0.0,0.0,0.0,0.0,0.0,1.0,0.0,1.0,1.0,0.0,1.0,0.0,0.0,1.0,1.0,0.0,1.0,0.0,1.0,1.0,0.0,0.0,0.0,0.0,0.0,0.0,0.0,0.0,0.0,351.96295,204.57443,74.629555,-0.0050861533,2.2664194,24.945486,0.7810017,-4.9547005,19.080885,3.4431484,9.802817,9.518798,3.7174678,7.131234,9.856998,114.72804,435.09256,186.90579,106.10676,-51.440094,167.09265,1.9023585,2.8950558,2.7873206,0.11099756,-0.14627895,-335.19855,559.0897,8.282429,2.5539608,0.0,1.0,0.0,0.0,0.0,0.0,0.0
45.15831,0.23851949,68.14213,21.615435,5.757247,1.2998489,-0.017609166,-0.2756716,-0.08188716,-0.12029466,-3634.0554,-0.033717502,10085.249,-0.00699339,76671.375,-0.15782356,135614.22,-23564.373,-1147324.5,356737.4,34749.895,279.5261,119.16139,114.47215,277.42178,114.1677,26.908564,105.74409,209.53705,3.7189276,173.28499,131.22658,0.0,123.48912,6.7014823,70.36513,44.952618,0.0,1.0,8.833069,115.26027,-27.096207,2.0,2.5031786,1.0,0.0,0.0,0.0,1.0,1.0,0.0,1.0,0.0,1.0,0.0,1.0,0.0,0.0,1.0,0.0,1.0,1.0,0.0,0.0,0.0,0.0,0.0,0.0,0.0,0.0,1.0,0.0,1.0,1.0,0.0,0.0,0.0,0.0,0.0,1.0,0.0,1.0,0.0,0.0,1.0,0.0,0.0,0.0,0.0,0.0,0.0,0.0,0.0,0.0,464.1908,198.59514,118.17543,1.9763304,4.765781,-5.274391,-0.94129187,-1.2602377,-6.42316,-2.323523,11.216331,13.250656,6.9034634,8.305786,7.395657,43.09553,479.32675,320.7558,-4.0692906,-109.36993,143.4441,1.797373,2.3399951,3.2484746,1.1061871,1.2908064,-375.04385,740.44586,6.6247287,1.4286084,0.0,0.0,1.0,0.0,1.0,0.0,0.0
79.97541,6.0232024,34.17965,11.814,3.8623905,1.0004449,0.11995144,0.06620611,0.026264828,0.083843455,75854.81,0.011245114,5114.263,0.007881226,89753.41,0.04804217,62469.977,202427.83,796457.56,265727.7,63785.496,67.67959,35.110443,58.309246,-8.422136,6.6861124,-33.728592,32.977062,65.96497,3.884045,161.01308,135.32524,0.0,33.28551,0.031008739,29.677736,50.526993,0.0,0.0,16.471584,150.25133,64.82999,1.0,2.472128,1.0,0.0,0.0,0.0,0.0,0.0,0.0,1.0,0.0,1.0,1.0,0.0,0.0,0.0,0.0,0.0,0.0,0.0,0.0,0.0,1.0,0.0,0.0,0.0,0.0,0.0,0.0,0.0,0.0,0.0,0.0,0.0,0.0,0.0,0.0,0.0,0.0,0.0,0.0,1.0,1.0,0.0,0.0,0.0,0.0,0.0,0.0,0.0,0.0,0.0,-1415.6588,109.58678,69.369514,9.329471,8.6619835,20.985407,7.679558,10.33134,17.768528,15.212076,20.109154,18.767586,3.2584748,4.9351416,4.7739844,57.630627,76.29116,41.720215,-3.3914382,-31.282658,39.65579,0.35427713,0.5072798,1.8011653,0.071442485,2.0992134,26.30871,-71.25252,3.5737882,1.6579412,0.0,0.0,1.0,0.0,0.0,1.0,0.0
71.24542,4.62793,13.882113,5.0241766,1.8717906,-0.9643585,0.055230703,-0.03147013,-0.012862152,0.01989298,-19485.492,0.015085465,-2319.6204,-0.013179328,3754.1724,0.03275317,103060.65,-9093.865,-1576720.6,83591.49,91967.516,223.80602,86.88061,243.19205,126.903404,42.93,186.68239,81.96793,152.39272,2.3798835,153.9408,90.97376,0.0,91.49842,-1.4634212,21.490808,39.038033,1.0,1.0,4.993324,102.38716,178.38382,1.0,1.9050537,1.0,0.0,0.0,0.0,0.0,0.0,0.0,0.0,1.0,1.0,1.0,0.0,0.0,0.0,0.0,0.0,0.0,0.0,0.0,0.0,0.0,0.0,1.0,1.0,0.0,0.0,0.0,0.0,1.0,0.0,0.0,0.0,0.0,0.0,0.0,1.0,0.0,0.0,0.0,0.0,0.0,1.0,0.0,0.0,0.0,0.0,0.0,1.0,0.0,0.0,1456.7965,86.06332,36.156174,3.4446893,7.4445195,58.025227,7.713033,3.1168573,49.73168,23.525408,19.900883,24.209938,6.5955925,7.7959595,8.6518345,41.97706,416.22235,298.64807,236.80566,143.23656,40.273945,0.8596905,0.86140186,3.4631832,1.7477906,3.1381648,124.60469,1541.8912,5.5298815,6.4776154,1.0,1.0,1.0,0.0,0.0,0.0,1.0
63.70593,3.32412,6.6752796,15.352676,0.4864463,0.8678915,0.2218859,0.20857988,0.14317614,0.1893169,23912.916,-0.009041556,3050.503,0.0047576157,59761.21,0.09388929,101633.945,-21608.164,-3019477.2,134528.95,-1566.1859,139.62555,51.780567,66.60396,46.35559,14.82362,71.14574,111.38873,169.45552,4.8533325,140.55522,126.64415,0.0,124.07598,-4.618883,57.34203,56.131237,1.0,1.0,11.470845,156.55673,156.27104,1.0,2.2377725,1.0,0.0,0.0,0.0,0.0,0.0,0.0,1.0,0.0,1.0,1.0,0.0,0.0,0.0,1.0,0.0,0.0,0.0,0.0,0.0,0.0,0.0,1.0,0.0,0.0,0.0,0.0,0.0,1.0,0.0,0.0,0.0,0.0,0.0,0.0,1.0,0.0,1.0,0.0,0.0,0.0,0.0,0.0,0.0,0.0,0.0,0.0,0.0,0.0,0.0,-137.8837,85.70174,30.071815,8.965736,9.927664,50.609657,9.145557,8.034671,51.553513,29.058603,31.923613,37.968307,5.73276,7.1256485,4.180427,50.962406,228.39285,168.02008,-56.68611,-78.98151,76.688385,0.45757398,0.604552,3.9688258,1.4354327,2.7919078,69.45037,1350.7697,6.4558887,1.1833578,1.0,0.0,1.0,0.0,1.0,0.0,0.0
89.07661,4.7461605,28.369774,5.7106895,4.376399,0.9300367,0.08235718,0.09533375,0.005979765,-0.032262463,26239.21,0.005722949,2364.046,0.015534751,30396.611,-0.009489929,103792.055,-99719.43,-62866.047,182105.58,86138.875,86.82016,21.467552,68.196365,57.36755,14.431134,0.10171988,8.104572,30.764732,4.0044556,150.25578,61.105934,0.0,3.1447232,2.0028684,44.74161,28.932764,1.0,0.0,10.115222,167.86938,43.286293,0.0,1.5898825,1.0,0.0,0.0,0.0,0.0,1.0,0.0,1.0,0.0,1.0,1.0,1.0,0.0,0.0,0.0,0.0,0.0,0.0,0.0,0.0,0.0,0.0,0.0,0.0,0.0,0.0,0.0,0.0,1.0,0.0,0.0,0.0,1.0,0.0,0.0,0.0,0.0,0.0,0.0,0.0,0.0,0.0,0.0,0.0,0.0,0.0,0.0,0.0,0.0,0.0,-170.00697,112.30894,70.57278,6.637018,7.111218,23.851513,6.8353686,5.3969316,20.431751,11.6772785,6.305328,3.4707267,3.0221186,4.2266254,4.705182,49.624332,55.043964,21.064991,6.7987247,-26.523546,44.731792,0.7971556,0.83205897,1.3572642,1.0018249,1.6015375,177.28629,316.35516,2.789333,3.0997102,0.0,0.0,1.0,0.0,0.0,0.0,1.0
84.73704,6.801303,12.525762,7.6552825,3.2477367,2.0860975,0.11032188,0.25714895,0.020087468,0.030787403,35707.605,0.009579922,1610.9354,0.014518752,27702.691,0.0018661189,122978.01,577520.75,1668636.4,94221.09,24364.941,111.701706,46.86935,126.24434,62.882416,28.983765,60.408978,59.534164,86.24527,13.56482,172.75307,98.69179,0.0,68.28199,1.7912475,48.179176,32.72661,1.0,0.0,13.91381,148.99149,145.77814,3.0,2.1517797,0.0,0.0,1.0,0.0,1.0,1.0,1.0,1.0,0.0,1.0,1.0,1.0,0.0,0.0,0.0,0.0,0.0,0.0,0.0,0.0,1.0,0.0,0.0,0.0,0.0,0.0,0.0,0.0,0.0,0.0,0.0,0.0,0.0,0.0,1.0,0.0,0.0,0.0,0.0,0.0,0.0,0.0,0.0,0.0,0.0,0.0,0.0,0.0,0.0,0.0,1081.8943,129.52002,92.15755,19.71094,21.895754,35.916664,20.760159,15.668425,35.275482,24.778288,21.39384,18.883404,4.001687,4.7944427,2.451629,24.594755,136.72404,122.90438,70.86953,42.96773,11.26653,0.7596858,0.86679476,0.85691464,1.3559886,1.5862337,227.30725,-43.466965,4.1439996,1.0220664,0.0,0.0,1.0,0.0,1.0,0.0,0.0
54.34949,4.0458055,40.62093,10.233914,5.9008718,1.0370508,0.09662521,0.10288659,0.038166888,0.009210674,13929.751,0.0016598676,1004.78845,0.004023486,62076.28,-0.009073178,112190.195,-267567.7,90525.95,239875.8,93924.85,199.0752,74.26306,193.13882,132.65054,48.35066,79.29307,46.683475,111.5658,-0.36470136,169.7065,62.955738,1.0,53.731068,2.7156,68.89308,23.127745,1.0,0.0,13.228604,32.067566,77.72466,2.0,1.7156943,1.0,0.0,0.0,0.0,0.0,0.0,0.0,0.0,0.0,0.0,0.0,1.0,0.0,0.0,0.0,0.0,0.0,0.0,0.0,0.0,0.0,0.0,1.0,0.0,1.0,0.0,0.0,0.0,1.0,1.0,0.0,0.0,1.0,0.0,0.0,0.0,0.0,0.0,0.0,0.0,0.0,0.0,0.0,0.0,0.0,0.0,0.0,1.0,0.0,0.0,759.5774,131.77942,70.36114,-0.6408399,3.7644308,25.762575,1.0714276,-2.4525876,26.099285,6.2580967,-0.9916703,-1.2836756,6.006836,7.286482,5.8665934,27.29562,349.48083,241.34335,194.7678,103.22565,43.35955,1.0655361,1.0277956,1.992677,0.6347389,0.5562982,198.84853,860.3162,5.5303397,0.9539432,1.0,0.0,1.0,0.0,0.0,1.0,1.0
92.34244,0.8064217,40.071526,16.127325,4.039314,2.1053643,0.10903963,0.2577287,-0.038753085,-0.0010004082,-1107.9711,-0.0025838788,4019.3694,0.03686712,25697.744,-0.0067066653,110846.24,186321.77,-1640191.4,195747.8,-15479.883,152.39862,59.285927,132.87672,81.97895,32.436672,91.10955,2.8906932,9.218747,5.4301524,167.67618,40.636875,0.0,-0.3530278,1.2932906,57.3872,15.926676,1.0,1.0,15.068196,119.50435,-57.66848,1.0,1.4349697,1.0,0.0,0.0,0.0,0.0,0.0,0.0,1.0,0.0,1.0,0.0,0.0,0.0,0.0,0.0,0.0,0.0,0.0,0.0,0.0,0.0,0.0,1.0,0.0,0.0,0.0,0.0,0.0,1.0,0.0,0.0,0.0,0.0,0.0,0.0,0.0,0.0,0.0,0.0,0.0,0.0,0.0,0.0,0.0,0.0,0.0,0.0,0.0,0.0,0.0,-316.8231,112.35861,79.06499,7.9048944,10.358179,25.39911,7.678882,4.4516096,25.642736,19.497799,14.462327,15.969307,5.4747405,6.1197467,1.1720295,31.523642,252.7377,217.68323,79.647484,43.709038,50.421494,0.7612644,0.880489,3.1951654,3.0165002,0.82687175,291.2261,459.33463,3.863653,3.771136,0.0,1.0,0.0,0.0,1.0,1.0,0.0
80.441246,10.712163,31.493624,-1.1196392,3.6257772,1.3420839,0.09432856,0.24459957,0.05538018,0.04835813,43909.977,0.002066355,3861.622,0.04110498,54476.094,0.06783695,29004.006,155113.61,-716865.25,121574.18,40258.035,94.51869,45.67506,90.69065,40.860905,22.570196,43.610165,32.24522,61.846455,9.259259,168.6662,112.066826,0.0,34.641747,-0.6300452,69.367065,41.041172,0.0,0.0,14.870472,106.11703,-6.8303523,2.0,2.2480817,1.0,0.0,0.0,0.0,0.0,0.0,0.0,1.0,0.0,1.0,0.0,1.0,0.0,1.0,0.0,0.0,0.0,0.0,0.0,0.0,0.0,1.0,0.0,0.0,0.0,0.0,0.0,0.0,1.0,0.0,0.0,0.0,0.0,0.0,0.0,0.0,0.0,0.0,0.0,1.0,0.0,0.0,0.0,0.0,0.0,0.0,0.0,0.0,0.0,0.0,-913.5729,81.98023,59.521225,11.23905,13.347715,40.980328,11.831569,11.827177,43.314453,22.174908,16.920515,15.714737,3.6219163,5.018634,3.0743546,56.739185,132.12138,88.01917,16.590658,-15.353201,63.60048,0.700709,0.8518655,1.9586273,0.19498664,0.37019837,234.06932,338.6691,4.4270716,-0.48145285,1.0,1.0,0.0,0.0,0.0,1.0,0.0
65.65101,1.9460052,44.479836,9.222908,5.2364836,0.50530356,0.09698732,0.20602673,0.079694875,0.048189875,11954.954,0.019224744,2228.3625,0.031915925,31073.99,-0.024884613,123546.48,-390560.47,-2116354.8,211035.17,114925.57,56.00546,40.319187,142.17197,32.280376,30.723919,69.37401,-26.443857,10.542815,0.42542535,166.68312,64.93611,0.0,-38.029427,-0.11459654,47.556442,24.682539,1.0,0.0,13.691341,120.59344,100.710625,0.0,1.7309482,0.0,0.0,0.0,0.0,0.0,1.0,0.0,1.0,0.0,1.0,1.0,1.0,0.0,0.0,0.0,0.0,0.0,0.0,0.0,0.0,0.0,0.0,1.0,1.0,0.0,0.0,0.0,0.0,1.0,0.0,0.0,0.0,0.0,0.0,0.0,0.0,0.0,0.0,0.0,0.0,1.0,1.0,0.0,0.0,0.0,0.0,0.0,0.0,0.0,0.0,560.5993,116.401924,64.502975,2.1423118,3.6235495,51.364143,5.481361,0.49875402,47.34649,19.79469,3.7526593,3.9303715,1.3789808,3.4160058,5.279307,71.687775,34.647457,-41.796833,153.65207,80.24415,39.11047,0.8392568,1.1129192,1.7630842,1.6595235,0.48086405,477.08484,361.67218,3.2888308,-0.07407213,1.0,1.0,0.0,0.0,0.0,0.0,1.0
74.77236,2.7107604,36.781918,4.0831304,3.1877265,1.1720896,0.12079866,0.12580103,0.07136414,0.058243558,1824.3756,0.0011662198,1322.5721,0.042339727,-8953.434,0.017179376,54486.79,-63756.652,-1225737.4,182383.73,64884.66,93.288414,42.613525,84.962234,45.22742,24.103508,30.216967,-2.399898,30.7403,2.817463,158.6544,36.271996,0.0,-8.634165,-2.0053728,73.54568,18.213282,0.0,0.0,13.453302,100.96068,23.770826,2.0,1.370731,1.0,0.0,0.0,0.0,1.0,0.0,0.0,1.0,0.0,1.0,0.0,1.0,0.0,0.0,0.0,0.0,0.0,0.0,0.0,1.0,0.0,0.0,0.0,0.0,1.0,0.0,0.0,0.0,1.0,1.0,0.0,0.0,1.0,0.0,0.0,0.0,0.0,0.0,0.0,0.0,1.0,0.0,0.0,0.0,0.0,0.0,0.0,0.0,0.0,0.0,611.78815,113.9009,66.234856,4.4207287,5.893456,31.871315,5.709924,3.7422228,30.438387,13.331619,10.463065,12.786282,3.470374,4.8616486,2.904017,41.13455,112.636795,57.113525,19.716053,-18.874996,61.352352,0.7899141,0.899252,2.1711307,1.1589472,0.18505742,196.00563,293.3674,3.806744,0.4894347,1.0,0.0,1.0,0.0,0.0,1.0,0.0
71.30196,3.48947,42.89619,10.355904,4.1346083,0.8349281,0.13479522,-0.07730611,-0.027054457,0.050388895,28363.594,0.015604313,4515.2153,0.03891026,22952.93,0.031539407,50237.906,172913.84,-900955.56,160148.97,31764.959,108.07026,64.57326,96.45825,54.649666,38.476795,16.87534,-8.246099,27.26236,-1.5505735,157.36537,79.97035,0.0,-18.336456,-0.5562873,64.43909,33.078876,1.0,0.0,11.179871,197.24603,208.38162,2.0,1.8533881,0.0,0.0,0.0,1.0,1.0,1.0,0.0,0.0,0.0,1.0,1.0,0.0,0.0,0.0,0.0,0.0,1.0,1.0,0.0,0.0,0.0,0.0,0.0,0.0,0.0,0.0,0.0,0.0,0.0,0.0,1.0,1.0,0.0,0.0,0.0,1.0,0.0,0.0,0.0,1.0,0.0,0.0,0.0,0.0,0.0,0.0,0.0,0.0,0.0,0.0,57.724083,120.065834,61.2394,1.8051062,1.0355955,14.813975,0.83396333,2.9461532,11.820926,7.4475284,8.530738,8.587994,3.554068,4.7410865,4.8463397,41.86486,166.97443,96.72433,27.880552,-22.685886,54.070335,0.89610165,0.9701781,2.1447015,0.67836344,0.49613684,112.588234,359.02136,3.4840348,2.273137,0.0,0.0,1.0,1.0,0.0,0.0,1.0
54.693176,-2.974261,45.407734,14.072908,2.5203142,2.4858112,0.18609104,0.2880576,0.13431571,0.16735573,-28821.201,-0.0044216756,2050.9727,0.029332243,-9575.111,0.078895174,114612.27,-372176.34,-1812047.2,314313.3,68538.34,91.10053,27.289595,98.93232,71.841606,24.51705,45.45772,54.05177,115.68825,0.66877717,150.06273,76.181694,0.0,56.831165,1.723606,77.62729,34.33208,0.0,0.0,16.40463,104.95327,-38.872505,1.0,1.7612814,0.0,0.0,0.0,0.0,0.0,1.0,1.0,1.0,0.0,1.0,0.0,1.0,0.0,0.0,0.0,0.0,0.0,1.0,0.0,0.0,0.0,0.0,1.0,0.0,0.0,0.0,1.0,0.0,1.0,0.0,0.0,0.0,0.0,0.0,1.0,0.0,0.0,1.0,0.0,1.0,1.0,0.0,0.0,0.0,0.0,0.0,0.0,0.0,1.0,0.0,1328.0881,175.00462,101.40601,1.4310523,5.1982636,45.662903,0.0055025364,-0.62334275,46.966354,20.448418,18.639837,27.045542,1.8073995,4.424938,2.8391354,84.673256,66.914375,-14.689357,36.011044,-11.881184,62.17747,1.0962645,1.4944454,4.9521227,3.1829205,2.4831803,195.80994,746.0921,5.461918,2.4561794,0.0,0.0,1.0,0.0,0.0,0.0,1.0
50.60905,-4.5039487,53.602528,20.12935,2.653372,1.1850547,0.20773949,-0.25656155,-0.016879572,0.103388876,-23927.066,0.02641523,5180.9697,0.039486706,-15963.569,0.26656607,88403.34,-57477.055,-357766.12,509981.72,163695.62,184.48123,54.536037,57.270485,171.76457,51.191914,-63.502174,51.96702,140.82643,3.0470948,149.95589,76.37462,0.0,54.2041,1.1364491,100.104355,35.621445,0.0,0.0,10.488729,55.253155,-7.150825,2.0,1.7753974,1.0,0.0,0.0,0.0,0.0,0.0,0.0,0.0,0.0,0.0,0.0,0.0,0.0,0.0,0.0,0.0,0.0,1.0,0.0,0.0,0.0,1.0,0.0,0.0,0.0,0.0,0.0,0.0,1.0,0.0,0.0,0.0,0.0,0.0,0.0,1.0,0.0,1.0,1.0,0.0,1.0,0.0,0.0,0.0,0.0,0.0,0.0,0.0,1.0,0.0,-193.81465,209.45479,95.89319,0.3211693,0.1206208,13.735131,-1.4132208,1.2469575,11.074921,3.765988,14.873614,17.08976,3.947432,6.595384,7.480115,74.87774,267.9432,113.31863,-45.355797,-136.05016,116.201744,1.5525861,1.8926201,2.7727473,0.0044257045,0.44835132,-287.11316,777.86285,5.902608,1.1196187,0.0,1.0,0.0,0.0,0.0,1.0,0.0
55.015633,0.7770699,50.114983,14.341673,4.7178206,1.1428527,0.17558765,0.06524793,0.027867531,0.026827602,10204.812,-0.0017653715,3701.533,0.020765424,16939.025,-0.038807668,96952.5,-244307.92,-894137.56,359819.7,87191.125,117.11629,36.07851,91.076744,68.02318,21.654852,2.4272807,33.10949,86.6993,0.89382356,157.3238,86.01021,0.0,32.167366,0.085022874,72.95887,35.68124,1.0,0.0,13.269458,91.1451,70.88276,0.0,1.9057409,1.0,0.0,0.0,0.0,0.0,0.0,0.0,0.0,0.0,0.0,0.0,1.0,0.0,0.0,0.0,0.0,0.0,0.0,0.0,0.0,0.0,0.0,0.0,0.0,0.0,0.0,0.0,0.0,1.0,0.0,0.0,0.0,1.0,0.0,0.0,0.0,0.0,0.0,0.0,0.0,0.0,0.0,0.0,0.0,0.0,0.0,0.0,0.0,0.0,0.0,-392.08792,168.74498,82.73273,4.6954923,4.51771,24.587135,2.9069965,2.3973126,19.938911,6.947388,8.10168,7.9004736,3.6583178,5.4718146,5.88235,63.238167,135.92184,50.991634,36.357018,-28.948198,78.2337,0.7812136,0.9801083,2.4409475,0.76044214,0.57687587,40.6178,474.1873,4.4714003,2.2014902,0.0,1.0,0.0,0.0,0.0,1.0,0.0
59.039318,1.9667503,26.301186,-1.0569327,0.8304927,0.30501437,0.06628994,0.22929005,0.14118718,0.057668593,-8647.339,-0.017055765,9466.015,-0.011113165,42759.98,-0.0026850116,66761.19,23632.223,-2498003.5,217028.52,113444.91,101.374275,57.565796,87.71586,117.40699,61.830254,69.28325,37.955437,114.1449,5.690715,156.69044,79.81851,0.0,35.38021,0.13759588,58.29358,33.920456,0.0,0.0,10.918555,171.00885,14.556399,2.0,1.841216,0.0,0.0,0.0,0.0,0.0,1.0,0.0,1.0,0.0,1.0,0.0,0.0,0.0,0.0,0.0,0.0,0.0,1.0,0.0,0.0,0.0,0.0,0.0,0.0,0.0,0.0,1.0,0.0,1.0,0.0,0.0,1.0,0.0,0.0,0.0,1.0,0.0,1.0,0.0,1.0,1.0,0.0,0.0,0.0,0.0,0.0,0.0,0.0,0.0,0.0,-116.44519,129.8465,76.538994,4.392893,9.563598,71.946335,7.375763,2.949716,69.73865,30.832756,28.069067,37.449917,1.7796545,4.2360616,4.076576,88.82493,102.396805,-5.9927716,-15.376251,-81.880905,117.89766,1.3299327,2.0093377,3.980504,1.4911189,3.2005723,411.50278,1172.6438,5.5717087,1.3911604,0.0,1.0,0.0,0.0,1.0,0.0,0.0
50.873222,-3.6590974,-3.408152,10.572392,-3.3423598,1.9056342,0.17694461,0.24217974,0.12560858,0.11390086,-519.7849,-0.027544906,2689.606,0.011036893,55736.19,-0.013664162,30719.24,-80744.71,-2807205.5,223013.6,-910.1949,171.27667,54.76013,117.43717,134.40697,43.76547,123.99433,63.66315,142.8053,15.143364,137.0925,40.053856,0.0,66.40463,-6.320474,82.51026,26.51869,0.0,1.0,13.542722,151.99886,-120.99594,1.0,1.2585175,1.0,0.0,0.0,0.0,1.0,1.0,0.0,1.0,0.0,1.0,0.0,0.0,0.0,0.0,0.0,0.0,0.0,1.0,0.0,1.0,1.0,0.0,1.0,0.0,0.0,0.0,1.0,0.0,0.0,0.0,0.0,1.0,0.0,0.0,0.0,1.0,0.0,1.0,0.0,0.0,1.0,0.0,0.0,0.0,0.0,0.0,0.0,0.0,0.0,0.0,185.37354,141.54971,73.688545,15.486253,20.323524,49.974167,16.645922,11.13343,52.835236,30.26593,39.704823,51.02423,4.509843,6.4417453,0.30334026,58.486057,260.72995,143.9103,-18.527414,-79.754944,118.82239,1.0328473,1.8409015,6.447895,3.3537717,1.7731743,124.18388,1174.1769,6.377412,-1.3414773,0.0,0.0,1.0,0.0,1.0,0.0,0.0
66.23327,9.61755,48.256207,5.5635657,6.53072,2.2111287,0.15598002,0.27641323,0.034206714,0.10012173,-20560.045,0.00609725,-2686.437,0.0053256215,-63135.37,0.04811544,76485.5,52146.67,-235478.89,83110.2,18703.055,95.90539,16.488935,80.27314,59.10881,5.144394,22.985052,43.57058,81.00946,3.1388395,166.9743,100.21723,0.0,48.532978,4.148869,54.08264,37.234615,1.0,0.0,11.95197,126.0344,66.82729,2.0,2.1240165,0.0,0.0,0.0,0.0,0.0,1.0,0.0,1.0,1.0,0.0,0.0,0.0,0.0,0.0,1.0,0.0,0.0,0.0,0.0,1.0,0.0,0.0,0.0,0.0,0.0,0.0,0.0,0.0,0.0,0.0,0.0,0.0,0.0,0.0,0.0,0.0,0.0,0.0,0.0,1.0,0.0,0.0,0.0,0.0,0.0,0.0,0.0,0.0,0.0,0.0,395.77963,101.770546,68.649025,5.7986746,8.992412,15.736623,3.940799,1.7434721,16.747799,8.19989,3.4025187,2.0301614,3.477509,4.5837545,3.0618455,49.41485,81.00975,45.161358,0.2290577,-27.173096,60.77341,0.9034999,0.8869734,1.827046,2.6100922,2.1808925,136.08769,431.86426,4.35282,0.43292424,0.0,1.0,0.0,0.0,0.0,0.0,1.0
80.16683,-1.2100046,29.292536,10.705249,1.7481468,1.45559,0.17774488,0.1003203,0.07061356,0.1321311,11117.328,0.0055774697,4064.1895,0.03301727,77661.49,0.056088243,72244.94,-383837.0,-1074264.1,278550.97,74738.12,59.74974,10.080055,67.70367,37.473896,6.502803,17.818476,23.436066,60.094868,11.197173,156.20006,88.2196,0.0,21.470167,-1.1813805,64.58093,36.569557,1.0,0.0,9.8707285,187.37453,122.731285,2.0,1.9205953,1.0,0.0,0.0,0.0,0.0,0.0,0.0,1.0,1.0,1.0,0.0,0.0,0.0,0.0,0.0,0.0,0.0,0.0,0.0,0.0,0.0,0.0,0.0,0.0,0.0,0.0,0.0,0.0,1.0,0.0,0.0,0.0,0.0,0.0,0.0,0.0,0.0,0.0,0.0,1.0,0.0,0.0,0.0,0.0,0.0,0.0,0.0,0.0,0.0,0.0,108.9919,167.72134,92.667244,12.129059,12.449082,42.943424,11.886422,11.108295,41.613575,23.220299,22.71563,26.464228,2.2481337,4.3883944,5.5246015,72.0891,7.1868405,-51.731792,6.2523794,-42.874596,62.834946,0.79493475,0.9325734,2.465357,1.8278589,1.496498,97.874306,729.89996,3.7818224,2.3344464,0.0,0.0,0.0,0.0,0.0,0.0,1.0
54.970806,3.1264806,32.863297,8.450719,2.173919,1.5274687,0.13938789,0.25612193,0.13897586,0.07717844,85447.02,-0.037557825,10590.88,-0.01381943,143620.97,0.036409173,59442.12,187640.97,-623071.94,106663.23,-5781.8335,213.31807,90.57257,27.96225,149.95836,67.3733,19.160217,76.37996,131.06688,9.0313835,162.51952,94.12832,0.0,85.21761,-3.235305,65.58406,37.06865,0.0,0.0,19.680733,84.674736,-161.04533,1.0,2.0280697,1.0,0.0,1.0,0.0,0.0,0.0,0.0,0.0,0.0,1.0,1.0,1.0,0.0,0.0,0.0,0.0,0.0,1.0,0.0,0.0,1.0,0.0,0.0,0.0,0.0,0.0,0.0,0.0,0.0,0.0,0.0,1.0,0.0,0.0,1.0,1.0,0.0,1.0,0.0,1.0,0.0,0.0,0.0,0.0,0.0,0.0,0.0,0.0,0.0,0.0,-2025.7837,118.91255,76.02008,10.201863,14.791857,44.220432,11.858302,11.247527,48.625366,24.151772,34.159958,40.255432,7.459768,8.367774,0.94470775,28.785778,411.0211,339.29788,-209.49707,-206.30498,70.08498,0.90601975,1.203187,2.9943297,-0.29609132,1.8030323,327.48013,791.7176,5.7902346,5.6881533,0.0,0.0,1.0,0.0,1.0,0.0,0.0
60.686188,8.584666,21.371471,4.388241,2.9132226,3.2089248,0.23029324,0.1510176,0.032514945,0.11011465,31468.178,0.029303424,1151.5831,0.025582774,10909.442,0.08963975,137620.3,656742.7,3364420.0,220944.31,28915.734,179.57805,72.98937,173.69766,55.01306,22.993952,45.887856,19.095032,46.11558,8.29824,170.7929,71.71793,0.0,19.019684,3.852708,70.73869,24.555746,1.0,0.0,10.032186,87.53665,121.121284,1.0,1.8120195,0.0,0.0,0.0,0.0,1.0,1.0,1.0,0.0,0.0,1.0,1.0,0.0,0.0,0.0,0.0,0.0,0.0,0.0,0.0,0.0,0.0,0.0,1.0,0.0,0.0,0.0,0.0,0.0,0.0,0.0,0.0,1.0,0.0,0.0,0.0,0.0,0.0,0.0,0.0,0.0,0.0,1.0,0.0,0.0,0.0,0.0,0.0,0.0,0.0,0.0,-612.5884,138.02852,77.692726,11.62679,14.649699,15.8642845,8.6675415,10.01494,10.146934,5.547709,18.021868,21.647377,7.082604,7.4755645,3.5993114,15.6957035,344.0934,296.47375,140.54721,73.2364,38.884514,0.5102706,0.4596639,3.5655832,2.7753315,1.2984136,-100.06271,726.0308,4.3682504,6.919414,0.0,0.0,1.0,0.0,1.0,0.0,0.0
63.095932,3.4380116,52.663284,11.539545,5.986617,0.9451117,0.05475406,0.07806797,-0.028982671,-0.052770205,-13511.781,0.005485775,-706.38214,0.020258306,-17985.352,-0.07329711,162004.19,-233612.98,188915.19,302198.7,115408.6,145.00253,42.78826,174.8864,118.95614,37.31805,76.31169,18.938028,77.16123,2.9649215,163.92322,115.85513,0.0,15.667959,5.834354,56.19858,42.306263,1.0,1.0,11.798378,128.17654,25.351204,0.0,2.2774293,1.0,0.0,0.0,0.0,0.0,1.0,0.0,1.0,0.0,1.0,0.0,1.0,0.0,0.0,0.0,0.0,0.0,0.0,0.0,0.0,0.0,0.0,1.0,0.0,0.0,0.0,0.0,0.0,1.0,1.0,0.0,0.0,0.0,0.0,0.0,0.0,0.0,1.0,0.0,0.0,0.0,1.0,0.0,0.0,0.0,0.0,0.0,0.0,1.0,0.0,-108.562294,158.86731,90.80928,4.2610264,6.925403,29.328949,5.034443,-0.22551513,26.69323,10.388877,3.4225419,4.0098267,3.2952313,5.2009673,7.0434628,69.68206,173.52972,76.26815,186.89018,80.079475,75.79118,1.0772288,1.2390039,1.7758824,2.1165957,0.63419265,138.3378,412.20383,4.289937,0.8839264,0.0,1.0,0.0,0.0,0.0,1.0,0.0
68.81141,1.2855885,28.849323,10.18862,2.767836,1.0842541,0.15001611,0.113012545,0.013780255,0.009075449,13561.7705,0.001145413,2382.629,0.021464765,22000.29,-0.033012733,107156.586,57880.79,-683813.44,316007.0,85150.82,118.10981,43.40699,137.47104,70.46587,27.087124,66.745895,16.696049,68.94696,4.994572,155.56381,68.48827,0.0,12.334817,-0.39512962,72.61516,29.50483,1.0,0.0,10.968462,142.11148,168.94539,0.0,1.7083873,1.0,0.0,1.0,0.0,1.0,1.0,0.0,1.0,0.0,0.0,0.0,1.0,0.0,0.0,0.0,0.0,0.0,0.0,0.0,0.0,0.0,0.0,0.0,0.0,0.0,0.0,0.0,0.0,1.0,1.0,0.0,0.0,1.0,0.0,0.0,1.0,0.0,0.0,0.0,0.0,0.0,0.0,0.0,0.0,0.0,0.0,0.0,0.0,0.0,0.0,804.8271,157.84006,79.73657,8.179463,9.858002,37.535656,8.388096,5.129011,34.31425,16.600996,12.158739,14.54546,3.354101,5.065079,6.0706053,51.83895,139.43948,52.543846,100.122955,22.172018,55.74555,0.7504609,1.0414864,2.8028271,1.6031907,0.88040394,96.855034,745.8697,4.314554,0.2985437,1.0,1.0,0.0,0.0,0.0,1.0,0.0
107.40489,4.7770634,34.376354,7.047958,1.3863118,0.6528477,0.060246594,-0.108264014,-0.07578324,0.034892734,41527.13,0.010014126,4713.265,0.0067356657,80135.85,0.165652,54846.992,552963.56,353203.44,228356.1,36723.477,183.50673,74.19877,139.34273,137.45288,54.035038,82.524,26.14174,67.34133,8.720174,170.82115,82.653755,1.0,27.52386,2.6221573,52.886345,28.979588,1.0,0.0,7.247671,163.68109,139.44432,2.0,1.9375526,1.0,0.0,0.0,0.0,0.0,1.0,0.0,1.0,0.0,1.0,0.0,1.0,0.0,0.0,0.0,0.0,0.0,0.0,0.0,1.0,0.0,1.0,0.0,0.0,0.0,0.0,0.0,0.0,1.0,0.0,0.0,0.0,0.0,0.0,0.0,0.0,0.0,0.0,0.0,0.0,0.0,0.0,0.0,0.0,0.0,0.0,0.0,0.0,0.0,0.0,433.39328,113.7389,76.76162,13.101375,13.535987,18.298319,11.729181,9.06299,21.024256,18.76925,28.822247,33.08573,5.230603,6.501804,6.8962865,33.003468,307.51923,239.54869,70.558815,8.079019,41.180214,1.0686347,1.1438664,2.026764,1.599006,2.3425505,-162.07152,542.83734,4.864303,-1.8887603,1.0,1.0,0.0,0.0,0.0,1.0,0.0
55.933727,1.3809513,58.554337,13.940749,4.9556804,1.7859135,0.13290471,0.02408576,0.04856416,0.051074333,18724.566,-0.012136038,5738.7593,0.013141214,38053.863,-0.030207051,58261.754,-61688.676,-1169435.8,225441.34,6482.792,130.31189,57.49091,44.833523,99.37858,44.971504,-22.315796,72.74271,125.7529,-1.2810725,164.41843,78.200714,0.0,82.189644,1.5127447,71.76012,29.852215,0.0,0.0,12.929286,114.22135,32.7596,2.0,1.8836209,1.0,0.0,1.0,0.0,0.0,1.0,0.0,1.0,0.0,1.0,1.0,1.0,0.0,0.0,1.0,0.0,1.0,1.0,0.0,0.0,1.0,0.0,0.0,0.0,0.0,0.0,0.0,0.0,1.0,0.0,0.0,1.0,0.0,0.0,0.0,1.0,0.0,0.0,0.0,0.0,1.0,0.0,0.0,0.0,0.0,0.0,0.0,0.0,0.0,0.0,661.2582,152.68552,88.4536,2.1978507,2.877775,7.3769064,0.21597849,1.2648784,4.990832,1.0018036,10.372923,14.901467,4.8216276,6.036609,3.9575057,38.10191,176.49443,105.80337,-72.476845,-103.655716,61.421833,0.93392015,1.1594344,2.6864035,0.6433356,1.3535151,-99.37748,244.09012,4.535519,0.4757557,0.0,0.0,1.0,0.0,0.0,1.0,0.0
34.42726,-5.6394725,32.349327,18.633585,-0.3700748,1.2686055,0.2550174,-0.021887923,0.13401969,0.15562564,-12417.789,-0.001890715,6371.8867,0.041531533,16905.227,0.12011741,67624.08,-4112.724,-2297343.2,444738.97,83731.23,164.50774,62.60772,76.60378,111.99673,43.069557,42.130314,79.75052,170.33665,15.398893,156.91757,95.58068,0.0,85.88483,-5.0649257,116.62318,39.631664,0.0,0.0,14.005906,24.446602,-0.43495134,1.0,2.0440247,0.0,0.0,1.0,0.0,0.0,1.0,0.0,0.0,0.0,0.0,0.0,0.0,0.0,0.0,0.0,0.0,0.0,1.0,0.0,0.0,0.0,0.0,0.0,0.0,0.0,0.0,1.0,0.0,0.0,1.0,0.0,0.0,0.0,0.0,1.0,1.0,0.0,1.0,1.0,0.0,1.0,0.0,0.0,0.0,0.0,0.0,0.0,0.0,1.0,0.0,743.10815,207.57663,91.63197,14.533998,15.530165,57.338684,15.287281,12.616573,56.344807,27.325647,37.23237,45.658455,4.1350327,6.989407,4.455753,71.59256,275.68405,131.19298,-71.45605,-135.05197,120.43489,1.0078022,1.5788233,2.6344395,-0.060894668,0.5813786,68.864624,811.5669,6.758444,1.9841721,0.0,1.0,0.0,0.0,0.0,0.0,0.0
70.10993,5.345197,44.829758,7.146397,4.948045,0.59741783,0.0856894,-0.025815042,0.002256435,-0.024584766,-7473.2275,0.004769977,2207.6458,0.018828351,4867.793,-0.04398717,96021.195,-119363.78,-1300222.8,225503.61,66295.84,96.38396,33.358532,86.04146,55.59476,19.023567,21.983677,9.159314,52.344246,0.55879325,158.78882,74.533134,0.0,3.6288593,2.7008471,55.077755,30.711645,1.0,0.0,8.1116905,172.84882,155.71065,2.0,1.8004855,0.0,0.0,0.0,0.0,0.0,1.0,0.0,1.0,0.0,1.0,1.0,1.0,0.0,0.0,0.0,0.0,0.0,0.0,0.0,0.0,0.0,0.0,1.0,0.0,0.0,0.0,0.0,0.0,1.0,0.0,0.0,1.0,1.0,0.0,1.0,1.0,0.0,1.0,0.0,0.0,0.0,0.0,0.0,0.0,0.0,0.0,0.0,0.0,0.0,0.0,4.231276,117.14473,63.480812,3.0309508,3.7947657,15.316751,2.4485238,-0.2912488,10.466129,2.9049778,5.417643,7.7423353,3.1676223,4.7763767,5.3656297,54.87124,94.2566,18.180456,34.666622,-32.86422,82.3659,0.7832126,0.9096422,2.0702205,1.828712,1.5049585,-13.406343,180.32304,3.7683208,1.4856291,1.0,1.0,0.0,0.0,0.0,1.0,0.0
90.132805,6.594279,31.69984,9.4770355,4.720812,1.2486255,0.11089215,0.060039975,-0.06423022,-0.020970168,18440.062,0.023288064,2035.9249,0.02561258,3729.2222,0.06358982,61144.23,308463.44,207691.06,220379.84,58913.16,96.36596,43.244965,117.514084,33.29092,16.677395,29.489708,-0.507038,11.61982,3.563878,156.97748,54.60691,0.0,-6.8191733,3.597593,41.75761,24.73055,1.0,0.0,13.10961,119.94865,-71.28517,1.0,1.5629317,0.0,0.0,1.0,0.0,0.0,0.0,0.0,1.0,1.0,0.0,0.0,0.0,1.0,0.0,0.0,1.0,0.0,0.0,0.0,0.0,0.0,0.0,1.0,0.0,0.0,0.0,0.0,0.0,1.0,0.0,0.0,0.0,0.0,0.0,0.0,0.0,0.0,0.0,0.0,0.0,0.0,0.0,0.0,0.0,0.0,0.0,0.0,0.0,1.0,0.0,-731.21875,87.55177,59.333267,7.217263,9.314677,6.2935195,5.5235405,5.157735,2.772292,5.757535,3.8720315,2.1178882,3.757067,4.7528186,3.6985698,32.34669,127.145836,95.953995,87.46463,42.711494,29.210001,0.71770746,0.7404466,1.9220622,2.4935327,1.7278926,73.37299,-248.09064,2.541663,2.885323,0.0,1.0,0.0,0.0,0.0,0.0,1.0
69.55665,6.484625,27.702705,6.246579,3.6483169,1.2538754,0.14288558,0.17869325,0.068032674,0.112280376,20059.445,0.012617392,3180.239,0.04093769,34022.297,0.033089146,13395.35,-3788.2053,-753933.25,156199.89,47405.29,72.37312,37.585785,115.0404,25.344795,19.181585,53.453724,-13.110697,14.29251,6.1610475,172.4905,96.889915,0.0,-21.106989,-1.5630472,58.334484,33.144028,1.0,0.0,14.362881,145.06366,68.749695,2.0,2.1327689,0.0,0.0,0.0,0.0,1.0,1.0,0.0,0.0,1.0,1.0,0.0,1.0,0.0,1.0,0.0,0.0,0.0,0.0,0.0,0.0,0.0,0.0,0.0,0.0,0.0,0.0,0.0,0.0,1.0,0.0,1.0,1.0,1.0,0.0,0.0,1.0,0.0,1.0,0.0,0.0,1.0,0.0,0.0,0.0,0.0,0.0,0.0,0.0,0.0,0.0,-415.03345,114.30403,67.63401,9.412696,10.763156,37.34525,10.222394,8.8779545,35.687008,19.062672,12.851309,12.869197,2.487781,4.0463033,3.8063264,53.713764,77.145325,25.821527,71.512566,20.894173,52.97009,0.72508323,0.86059254,1.4805949,1.2285448,0.17934568,316.92267,243.08026,3.247851,0.5730335,1.0,0.0,0.0,1.0,0.0,1.0,0.0
81.2653,6.3001266,16.468065,-1.9418886,1.437011,0.95544696,0.12648353,0.23896249,0.07718616,0.05393528,17682.248,0.009666438,1894.6354,0.029562466,24783.426,0.059134346,45443.145,197117.08,-1519080.5,90927.64,33599.598,87.70706,44.253468,121.75309,35.301052,21.454918,97.40387,-0.694975,13.7347765,4.63493,167.66261,11.523386,1.0,-5.2997975,-2.0222182,66.5544,6.16068,1.0,0.0,11.495373,122.36447,1.197065,2.0,1.1268023,0.0,0.0,0.0,0.0,0.0,1.0,0.0,1.0,0.0,0.0,0.0,0.0,0.0,1.0,0.0,1.0,0.0,0.0,0.0,0.0,0.0,0.0,1.0,1.0,0.0,0.0,0.0,1.0,1.0,0.0,0.0,0.0,0.0,0.0,0.0,0.0,0.0,1.0,0.0,0.0,1.0,0.0,0.0,0.0,0.0,0.0,0.0,0.0,0.0,0.0,1371.1962,66.579704,41.065475,8.062756,11.406566,46.00354,10.037732,6.3387737,44.70657,21.101261,18.365965,23.892105,3.7450616,4.7995415,2.3958697,40.653267,120.629456,80.50902,71.13327,36.548298,34.094612,0.6819829,0.87658095,1.9149523,1.8958628,1.7087842,343.75598,802.56757,3.4899902,2.8709793,1.0,1.0,0.0,0.0,0.0,0.0,1.0
37.084415,5.85864,28.619156,6.68128,0.27985546,1.4626412,0.14279392,0.12694219,0.078864485,0.03989146,66896.984,-0.025845619,18315.535,-0.023447372,251034.03,-0.0039103995,125673.9,632495.8,1197027.9,347431.53,134371.75,229.31224,89.30012,58.079933,199.7639,79.69275,-20.497652,112.497696,208.05342,17.20114,179.02553,176.54013,0.0,128.64912,0.9049565,82.62453,60.490715,0.0,1.0,14.075967,38.66853,-139.94229,1.0,3.0561976,1.0,0.0,0.0,0.0,0.0,0.0,0.0,0.0,0.0,0.0,0.0,0.0,0.0,0.0,1.0,0.0,0.0,0.0,0.0,1.0,0.0,0.0,0.0,0.0,0.0,0.0,0.0,0.0,0.0,0.0,0.0,0.0,0.0,0.0,0.0,1.0,0.0,1.0,0.0,0.0,1.0,0.0,0.0,0.0,0.0,0.0,0.0,0.0,0.0,0.0,-2716.2395,173.39114,97.13671,16.00979,21.832714,52.751183,17.292446,14.300411,50.738857,30.030773,44.774593,58.230793,6.347053,8.180833,5.165798,54.71117,391.53525,262.3329,-115.76917,-176.31834,124.62,1.2650939,1.8451654,3.6287866,-1.1509471,3.5220964,-21.479782,1122.016,7.3176117,2.2058983,0.0,1.0,0.0,0.0,0.0,0.0,0.0
79.27644,2.0490723,23.258694,13.452377,2.4903061,1.6760173,0.14413804,0.08240473,0.018982291,0.09388856,13102.605,0.0108686825,823.5531,0.022623468,34863.484,-0.0026108706,19533.305,135367.72,563763.06,147780.94,63970.082,149.00613,51.03387,146.57628,107.16609,37.178238,63.03547,4.079875,33.395412,7.9518948,160.66713,64.295364,1.0,1.2130805,-0.86980426,52.913902,26.443878,0.0,0.0,11.642849,125.283295,141.70616,2.0,1.684342,1.0,0.0,0.0,0.0,0.0,1.0,0.0,1.0,0.0,1.0,0.0,1.0,0.0,0.0,1.0,0.0,0.0,0.0,0.0,0.0,0.0,0.0,0.0,0.0,0.0,0.0,0.0,0.0,1.0,0.0,0.0,0.0,0.0,0.0,0.0,1.0,0.0,0.0,0.0,0.0,0.0,0.0,0.0,0.0,0.0,0.0,0.0,0.0,0.0,0.0,1247.9448,131.26073,77.6055,10.586319,13.247849,30.36651,10.7797575,6.6816044,28.482979,16.271763,18.309656,19.019472,4.4879265,5.6950974,3.2276595,31.292871,213.4771,173.38031,111.69995,65.56128,7.504596,0.9413502,0.9603093,1.7516336,1.8156605,1.2446822,40.5339,573.78076,4.0475526,-0.04269764,1.0,0.0,1.0,0.0,0.0,1.0,0.0
70.72852,-7.283566,35.084473,26.485464,0.83017415,-0.74833536,0.03155962,-0.23749292,-0.030334529,0.024623325,138326.22,-0.030839317,12328.362,-0.03761633,330017.1,-0.11926309,267128.75,-179855.19,-1530889.5,160501.3,54209.703,270.18826,96.67412,83.854355,254.47552,91.09633,36.875687,141.31831,207.7906,3.815484,167.86879,161.38295,1.0,166.55804,-3.913703,18.252277,58.92396,1.0,1.0,13.266967,-9.69444,158.65334,1.0,2.7807698,1.0,0.0,0.0,0.0,0.0,0.0,0.0,1.0,0.0,1.0,1.0,0.0,0.0,0.0,1.0,0.0,0.0,0.0,0.0,1.0,1.0,0.0,0.0,0.0,0.0,0.0,0.0,0.0,1.0,0.0,0.0,0.0,0.0,0.0,0.0,1.0,0.0,0.0,0.0,0.0,0.0,0.0,0.0,0.0,0.0,0.0,0.0,0.0,0.0,0.0,1538.8882,188.21251,96.03136,10.27182,6.9470797,63.97955,14.275035,8.172195,60.67152,37.83416,47.960594,57.62939,7.1874504,8.742305,9.192982,51.926865,470.65668,359.84958,-42.922604,-89.532875,37.326935,1.2933726,1.6872245,-0.8393892,-4.225356,2.97633,76.96584,2015.0388,6.8884015,7.5414724,0.0,0.0,1.0,0.0,1.0,0.0,0.0
84.68885,2.0389385,33.712658,10.518732,3.3347278,1.8560793,0.1385105,0.070668064,0.008119549,0.10822744,52099.84,0.010829596,2403.0308,0.023289192,103185.95,0.05028496,78857.26,458573.12,1015365.5,222287.1,32318.643,137.15063,64.85629,115.350525,48.144314,29.303207,23.298733,17.086214,48.181293,5.649806,162.82439,76.932755,0.0,12.81346,1.5333395,54.078865,29.94934,1.0,0.0,12.250528,158.51321,138.33833,2.0,1.8318418,1.0,0.0,0.0,0.0,1.0,0.0,0.0,1.0,0.0,1.0,1.0,1.0,0.0,0.0,1.0,0.0,0.0,0.0,0.0,0.0,1.0,0.0,0.0,0.0,0.0,0.0,0.0,0.0,1.0,1.0,0.0,0.0,0.0,0.0,0.0,0.0,0.0,0.0,0.0,0.0,0.0,0.0,0.0,0.0,0.0,0.0,0.0,0.0,0.0,0.0,361.91568,141.00801,86.71435,8.948793,9.732773,19.903559,8.795696,7.1020536,19.419836,14.865257,14.59086,15.054303,5.075544,5.879857,3.5436828,25.863869,247.54823,203.62387,49.085506,13.941013,41.88367,0.6437082,0.55901206,1.5963411,1.0629869,0.7176339,169.72307,330.19177,3.594971,1.8140712,0.0,0.0,1.0,0.0,0.0,0.0,0.0
67.7447,-0.06134617,26.756355,14.452606,2.7631912,0.74453413,0.20654052,0.087933324,0.020013083,0.12787484,52727.582,0.005437938,1424.2565,0.031707346,96121.18,0.011891708,29333.828,-261369.0,-1341147.9,61860.44,6385.7,74.4618,21.338997,73.916435,64.76304,23.323132,26.172644,-6.125495,17.74244,1.9138448,142.55388,56.38622,0.0,-16.240135,-4.371741,44.81992,30.569223,1.0,0.0,13.295589,174.61716,53.75122,1.0,1.483458,1.0,0.0,0.0,0.0,0.0,0.0,0.0,1.0,0.0,1.0,1.0,1.0,0.0,0.0,0.0,0.0,0.0,0.0,0.0,0.0,1.0,0.0,0.0,0.0,0.0,0.0,0.0,0.0,0.0,0.0,0.0,0.0,0.0,0.0,0.0,0.0,0.0,0.0,0.0,1.0,0.0,0.0,0.0,0.0,0.0,0.0,0.0,0.0,0.0,0.0,1355.4457,125.09887,58.4496,8.847149,7.500114,26.971888,7.645834,4.9753113,25.823833,16.17938,15.078032,12.098048,2.1488492,3.542381,3.4017994,60.088253,38.666294,-3.61337,-11.900511,-40.538773,49.518826,0.9484195,1.1937138,1.0337654,1.4475371,0.29484904,185.19247,665.7491,3.065646,0.08015188,0.0,0.0,1.0,0.0,0.0,0.0,1.0
78.366684,4.8643317,28.75619,4.2341757,4.2747703,1.2046419,0.047525316,0.16503096,0.0324483,-0.00547343,13191.292,0.009267228,-39.513153,0.03037474,27847.97,0.023501571,90182.92,123265.71,488531.53,182369.58,93694.07,122.957214,38.21311,134.00842,67.4907,18.7266,45.613922,46.870445,78.848335,4.017553,159.12569,69.953285,0.0,50.347023,2.4437563,42.73082,27.846825,1.0,0.0,12.654953,106.00507,209.95674,2.0,1.7412602,1.0,0.0,0.0,0.0,0.0,1.0,0.0,1.0,0.0,1.0,1.0,0.0,0.0,0.0,0.0,0.0,0.0,0.0,0.0,0.0,1.0,0.0,0.0,0.0,0.0,0.0,0.0,0.0,1.0,0.0,0.0,0.0,1.0,0.0,0.0,1.0,0.0,0.0,0.0,0.0,0.0,0.0,0.0,0.0,0.0,0.0,0.0,0.0,0.0,0.0,73.70705,115.0029,79.39551,4.9598427,9.176702,39.407898,7.2659225,5.1366005,35.807503,16.9811,7.961395,7.0219765,3.380941,4.8136797,4.0816226,54.890327,150.35936,106.62668,108.71803,65.36698,21.970598,0.7701036,0.7467162,1.6720601,0.53572136,1.3295444,266.77402,377.2909,3.8651967,1.8227978,0.0,0.0,1.0,0.0,0.0,1.0,0.0
94.89216,7.0022197,27.649137,10.056735,4.9176908,1.3615408,0.035766445,0.2550259,0.0007027837,0.010376408,25213.557,0.0042173904,182.1719,-0.00052821974,15411.411,0.018187292,66706.83,303135.9,-1234509.0,130365.336,40054.793,143.1008,66.10414,144.5859,51.87848,27.110052,83.56318,59.039066,90.9488,-0.81003577,162.32542,111.90272,0.0,67.12278,1.5563594,24.52608,41.747124,1.0,1.0,12.844029,176.02348,124.55685,1.0,2.200486,1.0,0.0,0.0,0.0,1.0,1.0,0.0,1.0,1.0,1.0,1.0,0.0,0.0,0.0,1.0,0.0,1.0,0.0,1.0,1.0,0.0,0.0,0.0,0.0,0.0,0.0,0.0,1.0,1.0,0.0,1.0,0.0,0.0,0.0,0.0,1.0,0.0,1.0,0.0,0.0,0.0,0.0,0.0,0.0,0.0,0.0,0.0,0.0,0.0,0.0,263.98953,91.15507,71.17683,3.052178,3.727731,34.460785,4.247621,4.6021957,35.951424,23.160164,10.579607,7.7597456,5.0973268,6.0529294,3.6836677,35.714848,251.16443,225.97714,101.58331,81.395515,27.77271,0.51681983,0.5221264,2.408893,1.8336508,2.2895613,368.898,394.35452,4.0660243,1.6124785,1.0,0.0,1.0,0.0,1.0,1.0,1.0
69.444046,-1.9386286,43.052193,16.106745,2.569424,0.45764333,0.15593623,-0.12919681,0.016842268,0.10913494,42097.594,0.002827992,3744.2278,0.03566093,85135.12,-0.004974282,82387.67,-222170.31,-2515257.0,206305.17,27545.95,92.17078,39.424877,35.17502,49.63561,22.31722,-21.171272,48.17421,88.121666,-1.0953978,149.19179,81.721535,0.0,50.32321,-4.9247327,69.299904,37.41565,0.0,0.0,12.039779,150.2908,122.09215,1.0,1.8166387,1.0,0.0,0.0,0.0,0.0,0.0,0.0,1.0,0.0,1.0,1.0,1.0,0.0,0.0,1.0,0.0,0.0,0.0,0.0,0.0,1.0,0.0,0.0,0.0,0.0,0.0,0.0,0.0,1.0,1.0,1.0,1.0,0.0,0.0,0.0,1.0,0.0,0.0,0.0,0.0,0.0,0.0,0.0,0.0,0.0,0.0,0.0,0.0,0.0,0.0,823.8805,134.80663,59.3381,3.750757,0.39752552,24.045013,3.245405,3.727264,19.642202,11.06887,18.70953,22.792852,3.742296,5.2540092,5.6945944,48.35152,93.40938,30.419386,-50.532013,-91.63498,64.54089,0.6568885,0.87716836,1.4109247,-0.81369615,0.18565407,-63.776115,648.20166,4.374903,1.1411471,0.0,0.0,1.0,0.0,0.0,1.0,0.0
67.427216,5.8469124,32.41427,6.12474,4.3630667,0.25379297,0.044555273,-0.03110977,-0.019962268,-0.042934738,-29007.322,0.012986651,-84.583046,0.009372747,-53909.887,-0.050241813,155622.23,-85567.46,-285977.06,239526.38,109804.266,129.4306,45.420906,152.46495,85.09583,27.560211,64.06745,4.175186,55.035637,-2.124081,157.29639,64.4694,0.0,-0.799743,5.763075,33.792046,27.579046,1.0,0.0,8.645618,99.08872,180.52751,2.0,1.666375,0.0,0.0,0.0,0.0,0.0,1.0,0.0,0.0,0.0,1.0,1.0,0.0,0.0,0.0,0.0,0.0,0.0,1.0,0.0,0.0,0.0,0.0,1.0,0.0,0.0,0.0,0.0,0.0,1.0,0.0,0.0,1.0,0.0,0.0,1.0,1.0,0.0,1.0,0.0,0.0,0.0,0.0,0.0,0.0,0.0,0.0,0.0,0.0,0.0,0.0,320.18448,100.82123,55.555576,-0.19546196,3.0308623,19.60577,0.7062749,-3.5602722,14.6439495,4.9470763,3.3421376,6.310567,2.811558,4.5010176,6.0639143,68.91928,162.48102,63.519325,158.2146,58.9507,71.08649,1.0604336,1.1381359,2.8405366,2.01715,2.3665464,68.076355,475.80212,3.8519902,2.7385838,0.0,1.0,0.0,0.0,0.0,1.0,0.0
68.43929,-7.2690625,26.62857,25.612305,0.16576302,1.1564581,0.12522423,0.08057171,0.013752236,0.02191904,71555.14,-0.007905503,16487.705,-0.01833692,264057.3,-0.06457902,165939.06,2909.1514,-793062.6,477687.62,145054.5,175.00616,71.35272,151.58554,150.35759,63.129723,47.45994,37.69397,101.72679,2.226486,147.06523,109.19462,0.0,38.52774,-0.6616534,44.390892,48.409164,0.0,1.0,14.441765,66.92429,-23.383844,1.0,2.0649786,1.0,0.0,0.0,0.0,0.0,0.0,0.0,0.0,0.0,0.0,0.0,0.0,0.0,0.0,0.0,0.0,0.0,0.0,0.0,0.0,0.0,0.0,0.0,0.0,0.0,0.0,0.0,0.0,0.0,0.0,0.0,0.0,0.0,0.0,0.0,1.0,0.0,1.0,0.0,0.0,1.0,0.0,0.0,0.0,0.0,0.0,0.0,0.0,0.0,0.0,-1398.8008,200.09734,104.749146,8.300794,8.347843,56.17395,7.9593883,4.7016134,54.315212,31.393147,31.510511,37.70121,3.5215957,5.6191177,6.377592,75.913246,264.97336,161.4301,143.70546,49.93082,85.64205,1.2705562,1.8243569,4.1925554,0.5848183,3.7594764,201.78766,1735.639,5.8100343,0.170774,0.0,0.0,0.0,0.0,0.0,1.0,0.0
75.69023,0.204476,46.853233,15.104443,3.9747856,2.1329558,0.16130546,0.033934537,0.005527098,0.0809563,242.4736,-0.0009119618,5347.449,0.05271931,62136.996,0.018975908,30353.5,12159.824,-1840690.0,111472.266,-40173.33,99.42719,39.436707,17.845867,81.81955,33.916363,-25.920574,32.393845,42.594788,1.2732054,163.87201,31.645842,1.0,35.80756,-0.06255947,82.2611,14.218162,0.0,0.0,12.88447,160.49677,-66.05109,1.0,1.3602409,1.0,0.0,1.0,0.0,0.0,1.0,0.0,1.0,1.0,1.0,1.0,1.0,0.0,0.0,1.0,0.0,0.0,0.0,0.0,0.0,1.0,0.0,0.0,0.0,0.0,0.0,0.0,0.0,1.0,0.0,0.0,1.0,0.0,0.0,0.0,1.0,0.0,0.0,0.0,0.0,1.0,0.0,0.0,0.0,0.0,0.0,0.0,0.0,0.0,0.0,1015.1313,134.55563,81.55255,4.766809,5.229874,2.4710257,1.8588393,2.9870384,0.4616332,3.5965736,11.932315,13.695433,4.094538,4.7810693,1.8897538,23.184439,92.05706,78.59537,-102.47467,-115.514244,57.280296,0.9863735,1.0763155,1.3382218,1.599082,0.39348796,-22.97076,370.14255,3.633918,2.8013737,1.0,0.0,1.0,0.0,1.0,1.0,0.0
78.00163,3.1395435,47.73817,12.69882,4.547749,1.0032123,0.10182912,-0.05732728,-0.021567143,0.040190972,24320.73,-0.0019299893,818.15955,0.02020559,4893.253,-0.028394705,92721.66,35739.676,47847.0,237641.84,28650.826,132.6623,52.471516,98.48995,72.98993,29.715397,15.087096,17.066317,53.72703,-3.3576875,160.09789,76.60105,0.0,14.966889,1.1417055,55.84594,30.60766,0.0,1.0,13.407839,124.452866,-5.590938,2.0,1.8240621,1.0,0.0,1.0,0.0,0.0,1.0,0.0,1.0,0.0,1.0,1.0,1.0,0.0,0.0,1.0,0.0,1.0,0.0,0.0,1.0,1.0,0.0,0.0,0.0,0.0,0.0,0.0,0.0,0.0,1.0,0.0,1.0,0.0,0.0,0.0,0.0,0.0,0.0,0.0,0.0,1.0,0.0,0.0,0.0,0.0,0.0,0.0,0.0,0.0,0.0,322.62646,121.922966,67.93004,2.7909527,2.1821764,3.4024234,1.0406467,1.6858748,1.7395899,2.7142515,9.760254,11.1521015,4.3961577,5.4973574,5.522383,38.101646,185.34729,129.08871,37.467873,-17.503223,53.084507,0.7481229,0.84898037,1.7297833,1.0877016,0.6738715,-65.90851,225.96379,3.5488334,2.4713478,0.0,0.0,1.0,0.0,1.0,0.0,0.0
57.43469,0.16841991,46.08886,13.372324,3.6533728,2.0705435,0.20514354,0.08333804,0.062397577,0.11044043,4379.5327,0.00096230174,1835.3253,0.01962238,-25379.043,0.07676837,48014.73,84078.17,395368.2,335858.0,75566.05,141.97739,42.470123,38.173267,69.62151,18.149343,-33.248947,50.641895,102.62005,6.768393,154.70558,81.755936,0.0,52.996853,0.10270276,85.98564,35.304043,0.0,0.0,15.125354,45.637436,-128.71542,0.0,1.8627685,0.0,0.0,1.0,0.0,0.0,0.0,0.0,0.0,0.0,0.0,0.0,1.0,0.0,0.0,0.0,0.0,0.0,0.0,0.0,0.0,0.0,0.0,0.0,0.0,0.0,0.0,0.0,0.0,0.0,0.0,0.0,0.0,0.0,0.0,0.0,1.0,0.0,1.0,0.0,0.0,1.0,0.0,0.0,0.0,0.0,0.0,0.0,0.0,1.0,0.0,-938.49963,167.16557,90.49535,7.2578053,8.680953,21.860685,5.8327913,6.916905,20.50122,8.923825,16.911139,19.791943,5.2574787,6.8774986,3.183874,45.175602,216.96126,148.01395,-97.119095,-121.29086,70.79723,0.6696031,0.7986622,2.3560407,0.29456264,0.90119886,34.81909,250.53017,4.8040915,3.1147609,0.0,1.0,0.0,0.0,0.0,1.0,0.0
74.51299,2.7125032,30.615698,12.958952,4.4261627,2.19777,0.1920352,0.4161456,0.08051119,0.11737783,-36668.74,0.014516279,52.797264,0.053532336,-29156.354,0.034308523,139389.06,-281068.66,-1323660.6,116434.95,36159.074,104.81318,42.37861,193.75525,37.380154,16.20393,119.15051,15.08236,36.62392,4.5360665,171.20825,65.431465,1.0,17.499887,-0.7206832,55.403786,23.016438,1.0,0.0,15.9013,111.72545,71.40275,1.0,1.7482625,1.0,0.0,1.0,1.0,0.0,0.0,0.0,1.0,0.0,0.0,1.0,0.0,0.0,0.0,0.0,0.0,0.0,0.0,0.0,0.0,1.0,0.0,1.0,0.0,0.0,0.0,0.0,0.0,1.0,0.0,0.0,0.0,0.0,0.0,0.0,0.0,0.0,0.0,0.0,1.0,0.0,0.0,0.0,0.0,0.0,0.0,0.0,0.0,0.0,0.0,435.33334,120.72111,69.18227,5.744853,8.931751,47.677788,8.864963,5.6269393,46.039543,23.425035,5.633712,2.2291508,3.9853992,4.946622,3.0414584,44.29684,147.97273,104.20887,215.95169,165.02919,23.488436,0.6685816,0.7325824,3.1372733,2.8304849,0.12765436,318.95193,707.20636,3.698103,1.825158,1.0,0.0,1.0,0.0,1.0,1.0,0.0
83.97508,0.65798694,23.166994,6.127273,1.9350566,0.7522356,0.12233855,0.1017043,0.04867678,0.02409099,10506.427,-0.0029810139,3298.1838,0.019929068,26876.7,0.016493607,139889.66,-45940.344,-1272923.0,281612.16,88265.7,93.9131,34.333458,88.76316,47.506714,17.271362,53.287037,23.024706,71.56742,8.443283,150.97597,57.352222,0.0,19.849014,-0.08548172,76.71927,28.258547,0.0,0.0,9.742889,136.2138,119.389755,2.0,1.5564071,1.0,0.0,1.0,0.0,1.0,1.0,0.0,1.0,0.0,1.0,0.0,1.0,0.0,1.0,0.0,0.0,0.0,0.0,0.0,0.0,0.0,0.0,0.0,0.0,0.0,0.0,0.0,0.0,0.0,1.0,0.0,1.0,1.0,0.0,0.0,0.0,0.0,0.0,0.0,0.0,1.0,0.0,0.0,0.0,0.0,0.0,0.0,0.0,0.0,0.0,154.41653,130.9433,68.39979,8.890441,10.791844,45.522984,11.147077,8.006233,44.474655,22.46884,15.803152,18.49756,2.9433172,4.6921663,5.2847476,60.176197,99.292435,18.70485,22.861618,-33.931396,66.67009,0.7847356,0.9921656,2.5602095,1.0488154,1.2930976,240.23502,749.1415,4.2434125,3.2079282,0.0,1.0,0.0,0.0,0.0,0.0,1.0
77.75531,7.968196,31.581394,-7.1749616,3.2522914,1.3428828,0.087981485,0.2103623,0.073773555,0.058173496,-21101.037,0.0053117746,-1925.9939,0.028875554,-46819.703,0.06803051,46242.25,354970.47,906482.94,150244.98,60396.094,103.95211,21.198084,162.15952,62.44049,9.390429,110.508255,45.018394,82.27394,10.635246,164.04924,65.46375,0.0,48.246273,3.6943755,59.56779,24.448456,1.0,0.0,10.9756975,48.540276,46.351086,2.0,1.746015,0.0,0.0,0.0,0.0,1.0,1.0,0.0,1.0,0.0,1.0,1.0,1.0,0.0,1.0,0.0,0.0,0.0,1.0,0.0,0.0,0.0,0.0,0.0,0.0,0.0,0.0,0.0,0.0,1.0,0.0,0.0,0.0,0.0,0.0,0.0,1.0,0.0,0.0,0.0,0.0,0.0,0.0,0.0,0.0,0.0,0.0,0.0,0.0,0.0,0.0,1081.9191,127.86641,83.176186,11.795328,15.908494,48.51067,12.337557,7.81622,42.784878,19.010906,16.963058,20.59868,2.7634947,4.323137,3.4769044,49.397808,93.79912,39.948654,123.70067,61.981346,66.58834,0.86962223,0.89682883,0.81440115,1.4703363,1.1781406,200.86386,385.57413,4.2243814,3.2823226,0.0,1.0,1.0,0.0,0.0,0.0,1.0
67.922485,4.9515758,39.512512,8.820623,4.1447783,0.19560863,0.14654736,-0.036704656,-0.0017955918,-0.009991926,7123.8247,0.0049878145,4257.438,0.03563792,29670.6,-0.049837746,130403.875,-197521.47,-1201275.9,347263.12,77053.586,76.799484,28.879002,132.08682,43.909103,18.053923,71.70696,0.5151168,41.102436,6.281521,158.82979,76.18654,0.0,-5.0613465,2.5366218,57.895702,31.679186,0.0,0.0,9.773353,136.85876,284.35687,1.0,1.8227202,0.0,0.0,1.0,0.0,0.0,1.0,0.0,1.0,0.0,0.0,0.0,0.0,0.0,0.0,0.0,0.0,0.0,0.0,0.0,0.0,0.0,0.0,1.0,0.0,0.0,0.0,0.0,0.0,0.0,0.0,0.0,0.0,1.0,0.0,0.0,0.0,0.0,0.0,0.0,0.0,0.0,0.0,0.0,0.0,0.0,0.0,0.0,0.0,0.0,0.0,4.690173,118.890785,50.39897,9.354349,9.786067,25.029192,7.2598014,3.9243875,19.736242,8.665649,8.026888,7.64379,2.0103242,4.033644,7.295214,73.50454,40.583565,-41.2557,115.26429,25.1268,79.33791,0.7597894,1.0385385,1.1043751,1.6119897,0.8540914,16.852251,520.6767,3.789371,1.3154839,0.0,1.0,0.0,0.0,0.0,0.0,1.0
59.287247,7.436772,32.475044,15.700192,4.5084896,1.0426948,0.1435486,-0.04101201,-0.05471621,0.020708008,15376.564,0.01726301,4555.003,0.02260112,11890.175,-0.004909176,56006.723,184638.08,-801774.75,119096.23,11567.667,116.53487,55.845757,106.20983,96.77986,44.451523,23.017006,15.611653,53.191715,3.3686962,167.80766,116.99007,1.0,15.861615,2.1061807,57.232185,42.744595,0.0,0.0,11.464246,143.31952,128.97884,1.0,2.3129585,1.0,0.0,0.0,0.0,1.0,1.0,0.0,1.0,0.0,1.0,0.0,1.0,1.0,0.0,1.0,0.0,1.0,0.0,0.0,0.0,0.0,0.0,1.0,0.0,0.0,0.0,0.0,1.0,1.0,1.0,0.0,1.0,0.0,0.0,0.0,1.0,0.0,0.0,0.0,0.0,1.0,0.0,0.0,0.0,0.0,0.0,0.0,0.0,0.0,0.0,872.2181,105.188644,52.53975,7.6997476,9.007029,7.974741,5.4960628,4.909731,3.604331,6.226002,12.355285,12.518647,3.457727,4.6398945,4.7835593,55.31004,143.393,71.459785,70.12011,8.428314,67.5997,1.150608,1.4507121,1.9784536,1.5969756,1.391993,-105.66903,468.15973,3.870958,4.479692,0.0,1.0,0.0,0.0,0.0,0.0,0.0
64.86132,-2.2951922,54.789413,22.23156,2.9860618,1.0322627,0.08588846,-0.0832853,-0.063849084,-0.027665632,10070.03,-0.026186548,5768.85,0.00294871,54509.703,-0.080983445,89772.32,-58619.527,-768032.3,320861.16,51294.258,214.02216,65.3104,107.283165,190.1227,59.91451,37.547504,72.50911,142.87866,3.8495724,163.40738,126.91033,0.0,80.09145,1.4809482,72.374504,47.41272,0.0,0.0,14.1194105,86.93522,-82.27054,0.0,2.4109573,1.0,0.0,0.0,0.0,0.0,0.0,0.0,0.0,0.0,1.0,0.0,1.0,0.0,0.0,0.0,0.0,0.0,0.0,0.0,0.0,1.0,0.0,0.0,0.0,0.0,0.0,0.0,0.0,1.0,0.0,0.0,0.0,0.0,0.0,0.0,1.0,0.0,1.0,0.0,0.0,1.0,0.0,0.0,0.0,0.0,0.0,0.0,0.0,1.0,0.0,-366.82935,174.54465,98.763565,7.2687135,8.449538,15.599838,6.0743113,3.412661,16.575876,14.795999,23.193052,29.145884,5.192758,7.0636573,5.6384945,57.89794,328.5138,228.0235,9.257276,-44.705956,73.92245,1.29722,1.5895088,2.540237,0.95136863,2.1526964,-137.79266,413.9577,5.679837,1.2908983,0.0,0.0,0.0,0.0,0.0,1.0,0.0
68.890976,1.405623,50.809345,14.240032,5.8019633,0.9739216,0.15198983,0.008052024,0.008507365,0.1342959,-21619.168,0.010414812,4494.369,0.004707387,48291.457,-0.009004985,97778.81,-299663.53,-400273.1,284227.72,99239.96,113.84542,44.381264,136.34442,83.50222,31.463814,21.207191,20.111605,75.620415,-6.569543,154.3202,90.64636,0.0,16.477762,4.6914754,45.126717,38.481075,1.0,0.0,9.827018,146.40997,76.550316,1.0,1.9456187,1.0,0.0,0.0,0.0,0.0,1.0,0.0,0.0,0.0,0.0,0.0,0.0,0.0,0.0,1.0,0.0,0.0,1.0,0.0,0.0,0.0,0.0,0.0,0.0,0.0,0.0,0.0,0.0,1.0,0.0,0.0,0.0,0.0,0.0,0.0,1.0,0.0,0.0,0.0,0.0,1.0,0.0,0.0,0.0,0.0,0.0,0.0,0.0,0.0,0.0,-80.65364,152.10101,75.71552,-5.5679846,-3.5254097,19.375637,-7.0673947,-6.6763086,13.82715,3.908235,-2.263957,-3.4829528,2.7929945,4.5617604,7.70783,70.82131,126.11073,40.297493,129.87378,48.00535,61.765423,1.1149672,1.2319022,2.9715533,1.691447,1.690954,23.19798,1043.6971,3.982666,1.0339986,1.0,0.0,0.0,0.0,0.0,1.0,0.0
63.449818,4.070156,28.318464,4.374716,2.9082243,1.0297922,0.12328581,0.17623813,0.15446861,0.07939561,1848.4182,-0.0018158805,722.88525,0.04456963,17615.812,0.05730352,92414.84,-248194.84,-1217386.9,178034.1,68536.39,100.4882,33.115837,94.06688,40.440598,12.365893,55.945854,18.50444,52.054214,3.7098868,151.00096,58.212627,0.0,14.686816,0.30373406,55.45099,27.184095,1.0,0.0,12.41804,114.93176,211.32518,2.0,1.5696473,0.0,0.0,0.0,0.0,0.0,0.0,0.0,1.0,0.0,1.0,1.0,1.0,0.0,0.0,0.0,0.0,0.0,1.0,0.0,0.0,1.0,0.0,0.0,0.0,0.0,0.0,0.0,0.0,1.0,0.0,0.0,0.0,0.0,0.0,0.0,1.0,0.0,0.0,0.0,0.0,0.0,0.0,0.0,0.0,0.0,0.0,0.0,0.0,0.0,0.0,-423.6183,96.05011,53.183598,3.4175904,8.126897,43.06252,5.822931,3.3278258,42.059456,15.794022,11.971168,15.347659,3.1544116,4.91162,3.6140728,64.99322,119.39598,61.164707,18.630577,-22.242342,58.157806,0.6590469,0.7247974,2.495787,1.4691309,0.9973633,248.00499,441.3703,4.0086346,1.638234,1.0,0.0,1.0,0.0,0.0,1.0,0.0
66.54953,-4.735141,54.962242,24.931202,4.904978,2.2793233,0.2291992,0.15588358,0.07205037,0.15068193,-2589.0503,0.002575524,5777.351,0.06647679,62365.844,-0.008802333,93373.43,-262204.44,-2130204.0,315115.38,36734.465,90.19184,51.96727,79.84599,53.495808,37.845417,4.7906523,-1.3400575,24.82667,1.7482128,167.76207,64.527626,0.0,-7.06183,0.8028118,89.00036,24.119333,1.0,0.0,13.232946,144.23549,12.868709,2.0,1.7380563,0.0,0.0,1.0,0.0,1.0,1.0,0.0,1.0,0.0,1.0,0.0,1.0,0.0,1.0,1.0,0.0,0.0,0.0,0.0,0.0,0.0,0.0,0.0,0.0,0.0,0.0,0.0,0.0,1.0,1.0,0.0,1.0,0.0,0.0,0.0,1.0,0.0,1.0,0.0,1.0,1.0,0.0,0.0,0.0,0.0,0.0,0.0,0.0,0.0,0.0,178.57945,185.51778,96.02508,2.4400673,3.2724288,28.515577,1.8665606,2.7559373,27.413984,14.616016,6.5343833,7.4266243,3.1392088,4.614734,4.6839786,51.557545,114.462776,51.945652,17.899254,-23.809223,46.83448,0.9191931,1.1278421,2.2287636,2.1147141,-0.6340984,217.27742,618.32935,3.4596014,1.5246092,1.0,1.0,0.0,0.0,0.0,1.0,0.0
67.98829,6.0119996,29.954803,1.9530265,5.1278152,1.7233336,0.20961054,0.4468933,0.17991328,0.17645903,7102.25,0.0060231285,6694.795,0.053590663,107428.29,0.0689916,66706.82,-257963.66,-1358693.1,158658.83,90598.21,-1.5841554,2.7391696,7.3959312,-16.926258,1.3033233,-31.774893,-0.48654532,12.187525,6.9696236,156.54366,77.76237,0.0,-8.149052,1.9996785,65.15959,33.8948,0.0,0.0,13.371482,132.93591,-77.91281,1.0,1.8164582,1.0,0.0,0.0,0.0,0.0,0.0,0.0,0.0,0.0,0.0,0.0,0.0,0.0,1.0,1.0,0.0,0.0,0.0,0.0,1.0,0.0,0.0,0.0,0.0,0.0,0.0,0.0,0.0,1.0,0.0,0.0,1.0,0.0,0.0,1.0,0.0,0.0,1.0,0.0,1.0,1.0,0.0,0.0,0.0,0.0,0.0,0.0,0.0,0.0,0.0,-1064.6049,123.905235,70.75703,5.832426,9.684583,57.36661,6.6836996,6.1135855,56.028835,22.68253,7.643548,5.3460927,0.88051236,2.579096,2.906947,80.65129,-118.47986,-134.17476,-87.68581,-99.32949,83.42304,0.7144647,0.9598149,1.3905994,1.5224093,0.1894091,567.2035,757.36115,2.9929845,2.925486,1.0,1.0,0.0,0.0,0.0,1.0,0.0
60.163467,4.1116357,5.579457,3.698678,0.58187836,1.4814739,0.1734854,0.25569382,0.05402734,0.039390463,1455.7433,0.012145723,-2454.7065,0.03794638,-5790.1816,0.040818077,122191.66,83632.29,-834068.5,145945.34,59068.45,93.83733,26.024122,118.69036,52.08028,12.457237,70.42634,38.446182,70.06857,6.6510653,145.23738,18.907192,0.0,40.614742,0.5026719,71.981316,16.28853,0.0,1.0,14.459975,85.78004,-23.250778,1.0,1.0918504,0.0,0.0,0.0,0.0,1.0,1.0,1.0,1.0,0.0,1.0,1.0,0.0,0.0,0.0,0.0,0.0,0.0,1.0,0.0,1.0,1.0,0.0,1.0,0.0,0.0,0.0,1.0,1.0,1.0,0.0,0.0,1.0,0.0,0.0,1.0,0.0,0.0,1.0,0.0,0.0,1.0,0.0,0.0,0.0,0.0,0.0,0.0,0.0,1.0,0.0,455.0412,92.390945,47.827576,9.058187,13.466094,40.68964,10.1635895,6.6166935,38.78259,19.668495,19.113289,23.805407,2.5114377,4.20326,1.2617294,59.75392,81.02164,25.395874,75.38008,24.587856,42.350105,0.80207604,1.2503664,3.2256145,2.3296447,1.7558503,305.38193,634.69055,4.4893665,2.1655278,0.0,0.0,0.0,0.0,1.0,0.0,0.0
70.14637,3.6341705,34.6617,6.2330437,3.893182,0.17911795,0.01709553,-0.036024537,-0.02205008,-0.021977985,9152.662,0.015009564,1508.262,0.0128961345,-6659.403,-0.07499726,88572.07,-133261.67,572457.44,221314.73,149740.3,143.9388,47.085835,165.75072,123.038315,40.40658,57.039684,-7.948299,39.494648,3.7070754,167.34615,102.87729,1.0,-13.793606,-0.47401488,24.995823,37.266224,1.0,1.0,11.845843,81.83631,22.71577,1.0,2.1429234,1.0,0.0,0.0,0.0,0.0,1.0,0.0,1.0,1.0,1.0,0.0,0.0,0.0,0.0,0.0,1.0,0.0,0.0,0.0,1.0,0.0,0.0,0.0,0.0,0.0,0.0,0.0,0.0,1.0,0.0,0.0,0.0,0.0,0.0,0.0,1.0,0.0,0.0,1.0,0.0,1.0,0.0,0.0,0.0,0.0,0.0,0.0,0.0,0.0,0.0,363.18423,144.02025,85.78046,5.1757636,6.017335,44.410378,7.383366,4.6889763,36.600414,17.739782,14.741858,15.991964,3.2260423,5.0136023,7.0985146,66.68547,188.03017,85.88017,174.67087,71.8825,70.315994,1.1299074,1.3081057,0.9589961,-0.029103518,1.0702454,201.67915,821.44745,3.493845,5.696803,0.0,1.0,0.0,0.0,0.0,0.0,1.0
27.68518,-3.8724673,-7.5511,2.6611977,-5.0521374,3.9605377,0.26998085,0.47759885,0.2587082,0.22986397,16390.883,-0.04286468,5103.935,0.012039589,102033.42,0.0751933,-8434.335,73580.266,-1206101.9,248629.52,1432.142,180.45541,51.166943,30.321943,148.0958,46.434334,41.19338,118.93488,202.21278,21.904253,145.07367,33.883205,0.0,134.65857,-8.417315,115.08625,21.71118,0.0,0.0,17.755291,44.218338,-261.28262,1.0,1.2489262,1.0,0.0,0.0,0.0,0.0,1.0,0.0,1.0,0.0,1.0,0.0,0.0,0.0,0.0,0.0,0.0,0.0,1.0,0.0,1.0,1.0,0.0,0.0,0.0,0.0,0.0,1.0,0.0,0.0,0.0,0.0,0.0,0.0,0.0,0.0,1.0,0.0,1.0,0.0,0.0,1.0,0.0,0.0,0.0,0.0,0.0,0.0,0.0,0.0,0.0,-496.36148,187.57385,109.84242,20.072123,27.933666,61.854134,20.696947,18.805908,67.13249,35.50051,52.918953,71.35813,6.007891,7.864609,-2.5566745,45.019104,279.09525,182.01953,-212.34016,-224.767,143.99779,1.0211365,1.9318986,6.854024,2.0256734,1.7090095,270.54132,1372.8805,7.5697765,0.9639577,0.0,0.0,1.0,0.0,1.0,0.0,0.0
70.22484,10.752588,24.900042,3.4966667,2.7275827,-0.4915562,0.010145984,-0.09099712,-0.042925507,-0.07313436,4048.334,0.0010859104,4900.6743,-0.005957278,42439.516,-0.070754744,17628.49,80083.46,-474868.53,154474.58,31632.578,180.7018,65.96569,250.61862,142.04167,47.639847,188.72531,4.744048,69.25614,11.332737,186.42812,110.87058,1.0,5.1065345,0.49195954,45.22416,33.10356,1.0,0.0,8.195552,151.41252,128.92302,2.0,2.352515,1.0,0.0,0.0,0.0,1.0,1.0,0.0,1.0,0.0,0.0,0.0,0.0,0.0,0.0,1.0,0.0,1.0,0.0,0.0,0.0,0.0,0.0,0.0,0.0,0.0,0.0,0.0,0.0,1.0,1.0,1.0,0.0,0.0,0.0,0.0,0.0,0.0,1.0,1.0,0.0,0.0,0.0,0.0,0.0,0.0,0.0,0.0,0.0,0.0,0.0,1176.8494,75.38577,45.662582,14.706996,18.598747,30.54338,15.681388,7.938033,26.85989,16.70984,20.872341,25.810013,3.7011285,5.457072,6.748407,60.963524,289.41934,163.28128,271.86084,153.5605,58.660576,1.1115949,1.4522299,2.5967944,2.0584972,2.84969,-108.57104,404.93283,4.3170547,2.277411,0.0,1.0,0.0,0.0,0.0,0.0,1.0
70.15253,8.847011,16.518862,-1.3825475,0.8901456,1.0608782,0.21708524,0.12698995,0.09288029,0.097514406,31951.242,0.00389402,9906.782,0.014568152,131235.88,0.05490753,-7329.089,702964.3,-238339.4,194016.5,29278.986,88.20631,55.139973,72.682106,14.5731945,22.917126,49.950653,33.466427,66.8236,17.686659,161.04842,64.229904,0.0,31.0611,0.032708313,77.958565,27.493671,0.0,0.0,8.778836,187.41814,-92.49773,2.0,1.7066883,0.0,0.0,1.0,0.0,0.0,0.0,0.0,1.0,0.0,1.0,0.0,1.0,0.0,0.0,1.0,0.0,0.0,0.0,0.0,0.0,0.0,0.0,0.0,0.0,0.0,0.0,0.0,0.0,0.0,0.0,1.0,1.0,0.0,0.0,1.0,0.0,0.0,1.0,0.0,0.0,1.0,0.0,0.0,0.0,0.0,0.0,0.0,0.0,0.0,0.0,-111.444466,84.47831,40.17148,19.524942,22.97839,32.03429,18.99028,14.755457,28.154274,16.900566,27.347824,31.367336,4.448286,5.401552,2.468126,34.175854,136.1447,107.19609,-56.862568,-82.00008,79.861496,0.469108,0.80819845,1.5693054,2.01776,1.916882,78.46134,73.91213,4.0091424,1.9177955,0.0,1.0,0.0,0.0,1.0,1.0,0.0
88.94898,4.404533,31.609583,7.295591,1.5226685,1.0703706,0.17495683,0.09422974,0.018393198,0.04567628,17937.707,-0.0023862235,1821.5935,-0.009028102,59211.996,0.050563,85913.99,529115.4,-203756.95,214805.38,62773.95,151.60124,41.615643,111.74975,73.82986,13.286357,53.91686,71.147514,110.031784,-0.43243137,148.24365,81.72409,0.0,76.2887,2.0056417,75.563614,37.370968,1.0,0.0,7.9285526,97.61673,64.86497,2.0,1.8132567,1.0,0.0,0.0,0.0,0.0,0.0,0.0,0.0,0.0,1.0,1.0,1.0,0.0,0.0,0.0,0.0,0.0,0.0,0.0,0.0,0.0,0.0,0.0,0.0,0.0,0.0,0.0,0.0,1.0,0.0,0.0,0.0,0.0,0.0,0.0,1.0,0.0,1.0,0.0,0.0,0.0,0.0,0.0,0.0,0.0,0.0,0.0,0.0,0.0,0.0,472.90262,112.38237,54.7553,6.0054,7.0293903,30.557642,6.3953648,3.6564317,30.968325,18.07948,22.469667,29.000977,5.029163,6.3862143,4.997293,41.963257,226.70456,197.56282,41.13008,20.05564,45.316093,0.60893124,0.6512323,1.6915629,1.1410147,3.3214326,35.903557,753.27435,5.13579,-0.3209464,0.0,1.0,0.0,0.0,0.0,1.0,0.0
43.531017,-6.68897,51.124138,14.465672,0.8764493,-0.68751115,0.10915408,-0.14520933,0.072736286,0.10439546,33145.06,-0.013786134,16692.09,-0.032963075,208375.19,-5.856376e-05,123422.586,-622426.2,-4010743.8,474281.47,183083.94,155.14363,104.91097,126.170845,151.89552,96.529236,21.657867,48.30907,172.18825,-6.717834,150.0793,107.85136,0.0,44.93921,-4.5804214,61.679295,47.511322,0.0,0.0,10.165453,110.8977,27.692091,1.0,2.0743847,1.0,0.0,0.0,0.0,0.0,1.0,0.0,0.0,0.0,0.0,0.0,0.0,0.0,0.0,0.0,0.0,0.0,1.0,0.0,0.0,0.0,0.0,0.0,0.0,0.0,0.0,1.0,0.0,0.0,0.0,0.0,1.0,0.0,0.0,0.0,0.0,0.0,1.0,0.0,1.0,1.0,0.0,0.0,0.0,0.0,0.0,0.0,0.0,0.0,0.0,-31.373104,180.19121,77.48728,-8.219341,-7.8196154,55.13269,-6.3368025,-4.5759306,50.395138,22.10681,21.834974,31.145016,2.749175,6.020701,9.73252,102.10553,272.78806,71.22047,65.41659,-48.478157,153.36807,1.5598376,2.5268233,6.373475,-0.3882091,2.7766304,127.42735,1652.5028,6.825031,-0.6577375,0.0,1.0,0.0,0.0,0.0,0.0,1.0
53.59202,2.707538,47.838726,12.838657,3.8132627,0.8949016,0.055916622,-0.17207196,-0.06571292,-0.037803736,-9018.298,-0.006819493,11033.579,0.019980652,105414.77,-0.069398925,116980.65,-47059.97,-1256954.9,308142.1,58503.492,181.24988,82.43029,126.75085,187.19849,82.33841,42.294968,20.754078,101.06962,4.0795364,170.89737,102.58489,0.0,18.166534,4.1639037,74.06514,36.144577,0.0,0.0,8.245643,164.7978,61.77705,2.0,2.172321,0.0,0.0,0.0,0.0,1.0,1.0,0.0,0.0,0.0,1.0,0.0,1.0,0.0,0.0,0.0,0.0,1.0,1.0,0.0,0.0,0.0,0.0,1.0,0.0,0.0,0.0,1.0,0.0,1.0,0.0,0.0,1.0,0.0,0.0,0.0,1.0,0.0,1.0,0.0,1.0,1.0,0.0,0.0,0.0,0.0,0.0,0.0,0.0,0.0,0.0,23.737057,161.5612,88.31362,2.9415545,6.1654077,5.33025,1.6653368,0.041178226,2.370203,3.9328988,12.246726,16.708036,3.6900952,5.64852,6.2170568,71.25159,277.04028,132.39188,59.70581,-54.495968,135.201,1.6511533,2.2210202,4.2559133,2.6315084,1.0624154,-236.67503,540.1394,5.425663,1.2336438,0.0,1.0,0.0,0.0,0.0,0.0,0.0
65.766365,3.2162964,34.54568,5.6932025,3.7251463,1.2450249,0.14707746,0.09567375,0.007275096,0.003983279,8036.0366,0.021457605,978.0763,0.024468828,-17513.012,-0.0012505105,110556.445,-30791.258,216756.3,237582.3,153028.56,110.773705,37.10971,90.390945,64.95044,21.658943,-21.506897,-0.03787262,33.60933,-0.43430516,151.95271,38.785114,0.0,-5.98837,-1.1040313,65.49799,21.3085,1.0,1.0,13.043739,72.23685,-24.779009,0.0,1.3498002,0.0,0.0,1.0,0.0,0.0,1.0,0.0,0.0,0.0,0.0,0.0,1.0,0.0,0.0,0.0,1.0,0.0,0.0,0.0,0.0,0.0,0.0,1.0,0.0,0.0,0.0,0.0,0.0,0.0,0.0,0.0,1.0,0.0,0.0,0.0,0.0,0.0,0.0,1.0,0.0,1.0,0.0,0.0,0.0,0.0,0.0,0.0,0.0,0.0,0.0,-26.216888,129.02016,66.72113,0.9612406,1.9233667,31.736074,2.2513623,2.2838101,25.031227,8.51303,6.5116367,6.7649903,3.790255,5.0939918,4.15909,44.214428,128.26335,62.464657,55.69052,-1.1340634,41.53152,0.78203094,0.9557903,2.2011645,-0.27155071,0.88537073,220.40767,673.6954,3.5904558,3.4332137,0.0,1.0,0.0,0.0,1.0,1.0,0.0
73.00215,-0.49889502,25.730082,18.339823,2.8276222,0.7921157,0.21249144,-0.10227901,-0.008000878,0.10187622,8573.352,0.0080482755,838.42145,0.052410487,54664.69,0.017983615,195952.38,-421622.97,122261.54,249452.28,56951.16,97.78687,16.557745,74.65955,69.63773,14.477431,18.433033,-18.782766,19.308426,11.171754,155.63615,76.01078,0.0,-28.897194,-0.27087733,65.96854,32.202106,1.0,0.0,9.678452,157.39864,244.26599,3.0,1.7896694,0.0,0.0,1.0,0.0,0.0,1.0,0.0,1.0,1.0,1.0,0.0,0.0,0.0,0.0,0.0,0.0,0.0,0.0,0.0,0.0,0.0,0.0,0.0,0.0,1.0,0.0,0.0,0.0,0.0,0.0,0.0,0.0,0.0,0.0,1.0,1.0,0.0,0.0,0.0,0.0,0.0,0.0,0.0,0.0,0.0,0.0,0.0,0.0,0.0,0.0,666.8794,152.5678,67.34604,13.122186,12.3387575,19.158175,11.779257,9.559967,17.998417,14.957928,16.359436,11.816854,2.2596364,4.158012,6.3736734,72.792465,74.561295,-16.32375,16.693747,-59.11788,73.724815,0.981242,1.1240779,1.000105,0.8810329,-0.4286471,51.66199,626.9707,3.819305,6.878218,0.0,1.0,0.0,0.0,0.0,0.0,1.0
63.402,7.312188,20.741318,-0.06254983,3.2335367,0.4589827,0.12671714,0.14851905,0.08240634,0.08429408,4345.731,0.011473913,2321.1255,0.043545686,12023.512,0.037470218,12015.916,-139055.33,437699.7,212429.39,94583.92,88.14974,42.28611,166.7898,37.885937,22.192295,97.70342,-16.142195,24.059488,8.3278475,166.81462,85.90433,0.0,-25.133814,-0.255868,55.882317,31.704687,1.0,0.0,13.691423,88.62671,4.0010867,2.0,1.9696903,0.0,0.0,1.0,0.0,1.0,1.0,0.0,1.0,0.0,1.0,0.0,1.0,0.0,1.0,0.0,0.0,0.0,0.0,0.0,0.0,0.0,0.0,0.0,0.0,0.0,0.0,0.0,0.0,1.0,0.0,0.0,1.0,1.0,0.0,0.0,1.0,0.0,0.0,0.0,1.0,0.0,0.0,0.0,0.0,0.0,0.0,0.0,0.0,0.0,0.0,-396.21066,114.311325,61.607277,9.770112,13.665432,49.28718,11.164613,9.341653,45.058422,18.251451,10.843681,10.846305,2.1704018,4.1544456,5.178621,73.19609,103.60268,20.754728,150.30205,67.70101,60.284885,0.7871047,0.9708524,2.131678,1.0459569,0.040282417,275.94888,392.6684,3.095133,3.1183767,1.0,0.0,0.0,1.0,0.0,1.0,0.0
76.85605,1.51431,68.17442,15.4305725,5.08857,-1.163315,-0.09570146,-0.17909248,-0.14695352,-0.23303674,59332.11,-0.025405616,18276.271,-0.016017696,313458.9,-0.21235652,118910.84,-250751.72,-2332636.2,219242.34,103791.47,241.30212,89.499115,215.69095,286.87457,108.57387,122.72069,21.603601,98.93749,-4.2171655,183.87468,138.94125,0.0,23.895111,0.18517986,25.368849,44.711678,1.0,1.0,7.302544,171.90768,80.764336,2.0,2.6389227,0.0,0.0,0.0,0.0,0.0,0.0,0.0,0.0,0.0,1.0,1.0,1.0,0.0,0.0,1.0,0.0,0.0,0.0,0.0,0.0,0.0,1.0,0.0,0.0,0.0,0.0,0.0,0.0,1.0,0.0,0.0,0.0,0.0,0.0,0.0,0.0,0.0,0.0,0.0,0.0,0.0,0.0,0.0,0.0,0.0,0.0,0.0,0.0,0.0,0.0,1295.5138,158.76749,91.72108,1.0497247,0.59241337,34.84396,4.9783397,-4.3215394,31.875748,20.287613,15.788239,22.812372,3.6693835,5.579959,9.88387,77.84114,362.98117,201.71138,200.88313,69.6913,104.69575,1.8769317,2.416369,1.9086773,0.08350885,1.9887717,-8.423452,707.65173,4.8041377,1.351472,0.0,1.0,0.0,0.0,0.0,0.0,1.0
86.50668,1.3609875,55.847916,14.61303,5.6771092,0.24574213,0.085636064,-0.039316006,0.028929206,0.08351032,-10411.071,-0.0015613494,907.14044,0.006040727,31858.137,0.021562772,69061.93,-342177.53,-2589660.2,230104.48,31568.852,126.74813,60.14947,126.93626,44.387043,23.976025,69.57659,43.562523,85.039314,-8.893614,160.93884,72.674255,0.0,46.55885,2.2893064,27.542063,28.908665,1.0,0.0,7.3113737,137.18785,81.40402,2.0,1.777513,1.0,0.0,0.0,1.0,0.0,0.0,0.0,1.0,1.0,1.0,1.0,1.0,0.0,0.0,1.0,0.0,0.0,1.0,0.0,1.0,0.0,0.0,0.0,0.0,0.0,0.0,0.0,0.0,1.0,0.0,0.0,0.0,0.0,0.0,0.0,1.0,0.0,1.0,0.0,0.0,0.0,0.0,0.0,0.0,0.0,0.0,0.0,0.0,0.0,0.0,1399.1351,110.22925,60.45796,-5.1346087,-4.8955393,17.857006,-5.5174365,-4.5379963,15.05276,6.9805384,2.835133,5.529397,4.7624645,6.1088905,7.9496474,43.73979,212.54845,139.60083,81.766716,39.07927,46.860718,0.62077135,0.6308416,2.51898,2.15072,2.0775564,39.1769,467.1336,3.3511038,3.4658046,0.0,0.0,1.0,0.0,0.0,0.0,1.0
72.34889,6.501986,33.329597,0.8205116,3.7118258,1.6622049,0.17860104,0.22505975,0.057466097,0.0703279,-16505.514,0.011206065,812.1721,0.023467798,-45353.47,0.017736312,54168.82,108378.33,456531.2,140345.6,80474.68,68.67603,10.376473,85.6278,48.934254,7.4644327,19.569616,-9.593079,16.987312,2.5666442,161.58427,49.587498,0.0,-16.54382,1.1319258,75.27858,21.647024,1.0,0.0,12.292501,168.1954,15.273694,0.0,1.5521952,0.0,0.0,1.0,0.0,1.0,1.0,0.0,1.0,1.0,1.0,0.0,1.0,0.0,0.0,0.0,0.0,0.0,0.0,0.0,0.0,0.0,0.0,0.0,0.0,0.0,0.0,0.0,0.0,0.0,0.0,0.0,1.0,0.0,0.0,1.0,1.0,0.0,0.0,0.0,1.0,1.0,0.0,0.0,0.0,0.0,0.0,0.0,0.0,0.0,0.0,-488.2514,123.01562,69.7545,5.5582094,7.256697,32.344727,5.1147017,3.3628159,28.793346,11.557178,10.281326,11.104269,2.3114011,3.7419167,2.3518348,54.165157,12.421801,-27.704966,33.04345,-10.416524,49.250946,0.86712897,0.94032097,1.7957954,1.5522068,1.5434287,269.84338,506.46298,3.4106379,2.6199605,0.0,1.0,0.0,0.0,0.0,1.0,0.0
84.52782,-1.7203467,24.521114,7.6904964,-0.5815583,0.91125333,0.22121999,-7.81102e-05,0.12256828,0.18353888,22308.72,0.0012553409,4549.384,0.03220824,71656.74,0.1245619,16004.392,-141287.2,-1740534.9,334093.06,40795.48,46.36666,20.869205,26.905197,-18.298897,-4.152139,-0.5459916,45.24852,78.8174,4.1989937,147.68774,33.327156,0.0,47.892845,-2.9258995,67.5817,20.339928,1.0,0.0,9.433296,114.806496,65.15566,2.0,1.2708987,1.0,0.0,1.0,0.0,0.0,0.0,0.0,1.0,0.0,0.0,0.0,1.0,0.0,0.0,0.0,0.0,0.0,1.0,0.0,1.0,1.0,0.0,0.0,0.0,0.0,0.0,0.0,0.0,1.0,0.0,0.0,0.0,0.0,0.0,0.0,0.0,0.0,0.0,0.0,0.0,0.0,0.0,0.0,0.0,0.0,0.0,0.0,0.0,0.0,0.0,1479.4712,127.94639,59.372814,9.201653,8.329826,32.27245,7.1021543,9.529322,30.04353,17.52038,31.169722,42.46779,2.9943926,4.85704,4.7901173,58.564117,20.789347,-36.43047,-69.64236,-88.96036,57.286915,0.4337743,0.7293331,3.4029875,1.0165453,2.3737423,-81.2546,530.7525,3.8509498,5.0595374,0.0,0.0,1.0,0.0,0.0,0.0,1.0
50.50993,3.1150193,52.216732,17.173473,5.9012814,0.65448874,0.16196224,0.121334545,0.047989316,0.047115136,12075.712,0.0034310892,1678.9156,0.0017683839,6029.364,-0.05189805,76038.8,-17640.264,-386006.62,297843.2,91720.086,126.9635,33.08659,138.39865,64.30645,13.115568,50.843956,59.153217,117.59618,2.099977,159.93124,135.36572,0.0,64.42763,1.3586744,57.118546,52.01605,1.0,0.0,13.682101,71.96557,132.18657,1.0,2.4781952,1.0,0.0,0.0,0.0,0.0,0.0,0.0,0.0,0.0,1.0,1.0,1.0,0.0,0.0,0.0,0.0,0.0,0.0,0.0,0.0,0.0,0.0,0.0,0.0,0.0,0.0,0.0,0.0,1.0,0.0,0.0,0.0,0.0,0.0,0.0,0.0,0.0,0.0,0.0,0.0,0.0,0.0,0.0,0.0,0.0,0.0,0.0,0.0,0.0,0.0,-302.26425,158.11343,75.20018,7.080351,7.567521,40.6026,6.114042,2.523574,34.329193,12.765405,11.712199,10.964353,3.655508,5.5799103,6.4850516,64.0812,149.98499,72.22393,118.220924,47.062904,47.929752,0.649179,0.75613517,1.3938692,0.86376125,1.6551099,90.52683,478.97488,5.0557413,1.6524132,0.0,0.0,1.0,0.0,0.0,1.0,0.0
77.28407,10.86103,34.853912,-0.24868347,4.578726,1.5884893,0.08979406,0.20381601,0.039532427,0.028504685,9078.249,-0.00045123565,379.03793,-0.00482529,5991.1777,0.044841476,105600.84,110936.78,-651794.6,57878.094,19423.105,169.79088,64.514534,165.91806,124.226295,46.636665,107.21795,37.07439,75.81356,3.9855988,180.95647,90.68004,1.0,42.59153,1.8398066,59.54144,28.23044,1.0,0.0,10.37449,117.023636,74.7075,0.0,2.0827036,1.0,0.0,0.0,0.0,1.0,1.0,0.0,1.0,1.0,0.0,0.0,1.0,0.0,0.0,0.0,0.0,0.0,0.0,0.0,0.0,0.0,0.0,0.0,0.0,0.0,0.0,0.0,0.0,1.0,1.0,0.0,0.0,0.0,0.0,0.0,0.0,0.0,0.0,0.0,0.0,0.0,0.0,0.0,0.0,0.0,0.0,0.0,0.0,0.0,0.0,1290.7391,100.465614,69.34829,6.8033648,9.310458,31.250175,6.67823,5.170724,30.706425,14.966436,12.7665415,12.21466,5.6008897,6.3582373,4.913323,25.026218,271.69568,221.86098,109.36674,71.17227,49.938454,0.9229116,1.073299,1.8735995,1.7581512,1.8264285,181.58582,830.445,4.5477114,3.6501484,1.0,0.0,1.0,0.0,0.0,0.0,1.0
62.107426,4.6812005,68.242355,15.218387,6.2004457,0.7668734,0.091527045,-0.43276736,-0.11251689,-0.030664733,54159.656,0.004086553,17969.371,0.034409333,255140.31,-0.06807261,209626.94,-41466.586,-2112866.2,296630.1,-9270.659,165.51373,101.154816,76.69111,145.99792,87.18385,-20.07071,5.1197968,59.973824,-1.9341403,183.06728,86.677185,0.0,3.5795674,4.704853,65.64385,26.504124,1.0,1.0,2.9473538,200.41269,317.1213,2.0,2.0551214,0.0,0.0,0.0,0.0,1.0,1.0,0.0,1.0,0.0,1.0,1.0,1.0,0.0,0.0,1.0,0.0,1.0,1.0,0.0,0.0,0.0,0.0,1.0,0.0,0.0,0.0,1.0,0.0,1.0,1.0,1.0,1.0,0.0,0.0,0.0,1.0,0.0,0.0,1.0,0.0,0.0,0.0,0.0,0.0,0.0,0.0,0.0,0.0,0.0,0.0,768.2345,152.06828,69.716,-0.9058537,-3.7867198,-25.176676,-5.119151,-2.768931,-34.42155,-13.956824,3.265743,6.459529,5.125108,6.0984154,8.633112,44.690342,287.75873,162.06439,-1.2109224,-106.495735,126.97815,1.2900306,1.6752232,2.8412535,1.2931781,-0.048354402,-599.9011,630.9232,4.0450597,4.313108,0.0,1.0,0.0,0.0,1.0,0.0,0.0
81.50618,3.3821023,32.338936,10.400521,4.4658685,0.77156794,0.14479993,0.03325945,0.056522023,0.102885164,14813.069,0.011329059,2074.1548,0.04207217,27877.818,0.0448415,64616.15,-301007.78,-1320661.2,260221.6,38207.863,41.338646,25.65471,81.77623,-31.119411,-2.7021298,29.323887,-4.71955,13.999784,4.901813,155.55827,70.78733,0.0,-13.474786,0.78933233,46.67736,30.145487,1.0,0.0,11.776145,150.67355,121.61199,2.0,1.7326785,0.0,0.0,0.0,0.0,0.0,1.0,0.0,1.0,1.0,1.0,1.0,0.0,0.0,0.0,0.0,0.0,0.0,0.0,0.0,0.0,0.0,0.0,0.0,0.0,0.0,0.0,0.0,0.0,0.0,0.0,0.0,0.0,1.0,0.0,0.0,1.0,0.0,0.0,0.0,0.0,0.0,0.0,0.0,0.0,0.0,0.0,0.0,0.0,0.0,0.0,-372.75995,103.52403,56.263435,7.041673,7.2532096,21.171734,5.410147,6.604313,17.55401,9.997735,5.840285,3.4538238,2.3399704,3.9841747,5.455785,57.421143,12.735387,-24.665358,39.72034,-0.020690259,50.37783,0.41630915,0.4623512,1.449802,1.5793648,0.57199097,167.72804,23.009483,2.7064643,3.4728181,0.0,0.0,1.0,1.0,0.0,0.0,1.0
65.31527,5.595493,24.882767,8.478438,3.4782276,1.5628157,0.18238997,0.19806202,0.11483442,0.11384969,-8497.248,-0.0010023218,1222.1967,0.049624637,38764.453,0.06481154,137107.81,-144493.22,-1219803.0,137661.4,19487.682,141.93555,48.776943,120.5483,66.957146,21.267456,76.52983,44.11786,75.573105,4.3486366,155.80305,76.96218,0.0,45.446587,1.836235,67.44461,31.645487,1.0,0.0,10.699633,96.76647,132.36176,2.0,1.8022723,1.0,0.0,0.0,0.0,0.0,1.0,0.0,1.0,0.0,1.0,1.0,1.0,0.0,0.0,1.0,0.0,0.0,0.0,0.0,0.0,0.0,0.0,1.0,0.0,0.0,0.0,0.0,0.0,1.0,0.0,0.0,0.0,0.0,0.0,0.0,1.0,0.0,0.0,0.0,0.0,0.0,0.0,0.0,0.0,0.0,0.0,0.0,0.0,0.0,0.0,324.23682,104.373764,51.14691,5.0377574,9.023941,34.79435,6.537037,4.767673,34.495735,15.551936,11.211983,14.365833,4.7278323,5.7953863,4.3697605,45.31069,212.45432,161.23134,43.830605,5.9470444,52.672153,0.6831316,0.67225194,2.632165,1.7223605,0.51392806,148.5978,871.96533,4.163091,1.3909864,1.0,0.0,1.0,0.0,0.0,1.0,0.0
55.43411,1.0485123,31.554876,14.73265,5.4169183,1.8647151,0.11809861,0.19033736,0.03555651,0.020826763,29726.06,0.0022849701,1419.2635,0.02683722,87079.61,-0.024863929,135468.98,-339542.53,-756187.2,218529.0,62553.258,97.18254,22.820375,85.11555,85.03527,24.548954,12.478072,36.016045,84.22757,5.566146,149.34114,84.46096,0.0,37.128582,2.7079842,60.394974,37.23222,0.0,0.0,14.690106,152.63243,99.16024,2.0,1.8414108,0.0,0.0,0.0,0.0,1.0,1.0,1.0,0.0,0.0,1.0,1.0,1.0,0.0,0.0,0.0,0.0,0.0,1.0,0.0,0.0,1.0,0.0,1.0,0.0,0.0,0.0,1.0,0.0,1.0,0.0,1.0,1.0,0.0,1.0,0.0,1.0,0.0,1.0,0.0,1.0,1.0,0.0,0.0,0.0,0.0,0.0,0.0,0.0,0.0,0.0,-572.0484,160.1233,89.24194,6.301356,8.370547,26.8556,5.821076,2.1865888,27.10834,11.352431,4.783881,1.8778106,1.9394066,3.7563338,3.4436142,70.12163,56.843735,-15.31261,22.852465,-38.174076,66.440674,1.0803279,1.4552406,2.5191126,1.5863101,0.6168313,329.62433,425.65524,4.8540244,3.5304422,0.0,0.0,1.0,0.0,0.0,0.0,0.0
58.078957,4.027824,66.04907,10.0014925,6.052914,0.35277998,0.060641814,-0.21004544,-0.05673077,-0.013653287,21498.174,0.009478965,12094.441,0.018058702,152624.27,-0.07479392,72351.85,-52167.934,-2209517.8,260846.31,55445.64,140.12001,89.794815,120.43757,113.51362,70.644424,15.358668,0.0722351,64.9383,-0.71665287,176.71414,87.90106,0.0,-5.5451784,1.6526687,64.172295,30.222975,1.0,0.0,8.831842,163.09288,109.218475,2.0,2.046636,0.0,0.0,0.0,0.0,1.0,1.0,0.0,0.0,0.0,1.0,0.0,0.0,0.0,0.0,1.0,0.0,1.0,1.0,0.0,0.0,0.0,0.0,1.0,0.0,0.0,0.0,1.0,0.0,1.0,0.0,0.0,0.0,0.0,0.0,0.0,1.0,0.0,0.0,0.0,1.0,1.0,0.0,0.0,0.0,0.0,0.0,0.0,0.0,0.0,0.0,343.21365,131.00317,68.822754,-1.9107366,-1.3237829,3.2192087,-2.469969,-3.2276754,-5.12019,-2.0605981,0.5052332,1.0536234,3.8660016,5.4956045,6.77552,55.687428,238.14282,119.347725,71.410545,-21.600033,105.29915,1.1821309,1.6020201,2.7554445,0.9257083,0.15086207,-140.78154,232.37254,4.322511,0.8319944,0.0,1.0,0.0,0.0,0.0,1.0,0.0
81.46802,4.0121226,11.567053,9.258954,1.7484808,1.3259125,0.17415167,0.0662847,0.03235111,0.12328583,21577.402,0.013509074,2563.8064,-0.006912061,84467.26,0.09509848,93463.27,108812.36,1686585.4,278364.34,90024.84,112.58649,21.775257,115.32055,44.447174,-0.5687489,20.790964,37.761772,87.40276,4.540445,151.08046,99.93311,0.0,36.961346,2.7364326,45.24725,41.549988,1.0,0.0,8.695485,164.44255,232.98761,2.0,2.0153992,1.0,0.0,0.0,0.0,0.0,0.0,0.0,0.0,0.0,1.0,0.0,0.0,0.0,0.0,0.0,0.0,0.0,0.0,0.0,0.0,0.0,0.0,0.0,0.0,0.0,0.0,0.0,0.0,1.0,0.0,0.0,0.0,0.0,0.0,0.0,1.0,0.0,1.0,0.0,0.0,0.0,0.0,0.0,0.0,0.0,0.0,0.0,0.0,0.0,0.0,-316.65347,135.24847,71.71509,8.312822,10.755466,25.488544,7.4166083,6.7865496,24.73418,16.556246,19.032341,22.473211,3.431286,5.1844816,6.388493,57.86149,132.5928,64.3168,90.94764,23.343012,47.45307,0.76190996,0.6626785,2.9833918,1.3409597,3.427664,15.778852,922.57776,4.586215,2.840095,0.0,0.0,0.0,0.0,0.0,0.0,1.0
66.03374,1.9816724,33.515278,9.859454,2.2993612,0.53563976,0.11952537,-0.029817672,0.0035440074,-0.014336016,29700.145,0.002887862,7419.6777,0.030273031,39656.84,-0.0056014787,103363.805,-212437.19,-1170144.2,263368.1,78114.055,87.747025,47.623764,72.81059,65.272095,37.74632,-2.9783297,0.21002842,49.932808,-1.1650239,151.59181,73.46223,0.0,-9.018787,-2.2964613,69.87971,33.095436,1.0,0.0,13.258593,161.15086,48.713085,2.0,1.7355213,0.0,0.0,0.0,0.0,0.0,1.0,0.0,1.0,0.0,1.0,1.0,1.0,0.0,0.0,0.0,0.0,0.0,1.0,0.0,0.0,0.0,0.0,0.0,0.0,0.0,0.0,0.0,0.0,1.0,0.0,0.0,1.0,0.0,0.0,0.0,0.0,0.0,0.0,0.0,0.0,0.0,0.0,0.0,0.0,0.0,0.0,0.0,0.0,0.0,0.0,-1024.081,115.3431,56.968964,2.9347093,2.6575396,22.620726,2.6617112,3.9378257,19.855907,10.44338,12.927916,15.023945,2.494308,4.3748837,4.7897058,72.539116,89.342476,-6.3689322,18.838264,-50.43177,85.975525,0.95687795,1.3247896,3.5788515,-0.05075878,1.0011361,28.219599,427.3546,3.9834108,0.41753778,0.0,0.0,0.0,0.0,0.0,1.0,0.0
73.746376,7.134781,50.86491,7.408403,5.1056333,0.44008017,0.02738663,-0.075982645,-0.080522485,-0.061614696,38835.13,0.004145706,11779.186,0.0046083615,201181.1,-0.043068215,-40567.062,303458.78,-542469.94,156539.73,16477.53,173.2041,86.31937,202.6913,134.89723,64.744484,116.99179,1.1383929,51.369602,4.5922422,179.01804,97.16994,0.0,-2.3143175,2.115471,39.888096,32.078903,1.0,0.0,10.153612,143.51149,-21.203314,2.0,2.152357,0.0,0.0,0.0,0.0,0.0,1.0,0.0,0.0,0.0,1.0,0.0,1.0,0.0,0.0,1.0,0.0,1.0,1.0,0.0,0.0,0.0,1.0,0.0,0.0,0.0,0.0,0.0,0.0,0.0,0.0,0.0,0.0,0.0,0.0,0.0,0.0,0.0,0.0,0.0,0.0,0.0,0.0,0.0,0.0,0.0,0.0,0.0,0.0,0.0,0.0,1187.5321,107.09174,68.579575,7.07108,10.273223,11.132111,6.778695,2.2049263,7.293207,8.6602335,9.513332,10.555093,4.1897016,5.313645,5.540597,43.05901,306.59372,212.80994,173.85709,86.27295,80.88764,1.2453562,1.5146544,1.5068519,1.4918332,1.5963444,84.3173,60.48972,4.1325817,4.43051,0.0,1.0,0.0,0.0,0.0,0.0,1.0
62.303947,3.0622122,41.96345,9.595329,4.190689,2.316965,0.16793835,0.28194806,0.10924167,0.09683291,32110.816,0.008457972,1124.191,0.025526721,40415.33,0.039099008,56665.008,93276.6,-538535.25,240932.7,72447.29,103.06867,42.133144,96.854675,59.41332,27.47104,25.639164,39.903282,85.86726,4.700169,173.33952,98.33842,1.0,43.61056,-0.09250357,77.01406,33.6783,1.0,0.0,13.228049,113.79123,175.03642,2.0,2.128824,1.0,0.0,1.0,0.0,0.0,1.0,0.0,1.0,0.0,1.0,0.0,1.0,0.0,0.0,0.0,0.0,0.0,0.0,0.0,0.0,0.0,0.0,1.0,1.0,0.0,0.0,0.0,1.0,1.0,1.0,0.0,0.0,0.0,0.0,0.0,0.0,0.0,0.0,0.0,0.0,0.0,1.0,0.0,0.0,0.0,0.0,0.0,0.0,0.0,0.0,1084.2825,169.9944,97.52155,8.133339,9.22545,46.54307,8.465302,6.421404,47.59553,19.884218,17.061562,21.301754,4.083667,5.6285405,3.8113973,41.76596,143.34126,79.33162,41.419937,-10.601363,56.524567,0.79980254,0.85839486,1.0682805,0.9182762,0.9238666,314.7475,937.00977,5.2596636,1.1151947,1.0,1.0,0.0,0.0,0.0,1.0,0.0
69.70783,-4.7699227,71.168846,32.015327,5.2142105,-1.2576077,-0.09993505,-0.40460345,-0.1077575,-0.14974493,114824.59,-0.038253654,12922.542,-0.002050862,377633.56,-0.25813833,231886.83,-414810.16,-2412950.2,407074.72,41615.2,272.25116,107.18148,184.02617,214.36357,85.34729,105.677414,93.66529,174.85774,5.5262046,186.29565,198.33858,0.0,108.830055,-0.009701128,7.8941164,63.401417,1.0,0.0,13.460017,-30.340492,-15.164342,0.0,3.3077242,1.0,0.0,0.0,0.0,0.0,0.0,0.0,0.0,0.0,1.0,1.0,0.0,0.0,0.0,0.0,0.0,0.0,0.0,0.0,1.0,1.0,0.0,0.0,0.0,0.0,0.0,0.0,0.0,0.0,0.0,0.0,0.0,0.0,0.0,0.0,0.0,0.0,0.0,0.0,0.0,1.0,0.0,0.0,0.0,0.0,0.0,0.0,0.0,1.0,0.0,804.9875,191.47273,107.18991,11.012503,8.294619,32.922638,14.8633995,6.946525,29.466684,25.542503,26.423876,29.505625,5.823387,8.150911,11.778182,74.4202,513.30884,355.37903,120.185074,28.095087,103.14536,1.0591847,1.579126,-1.4354005,-2.5382664,0.40711924,-57.46768,470.433,4.75054,3.004328,0.0,1.0,0.0,0.0,0.0,0.0,1.0
101.31736,-5.5866623,46.474453,16.198486,0.44402504,0.85724306,0.12479104,-0.14943609,-0.06086568,0.09165424,33971.59,-0.015750343,5839.924,-0.0070690773,157813.16,0.0969291,115084.99,-178727.34,-2776447.0,281558.94,-14640.816,141.67282,53.914917,52.548946,96.06835,35.78339,9.806827,63.168896,111.383446,-8.294968,155.01042,34.735756,0.0,69.29301,-1.1846001,63.857506,18.775791,1.0,0.0,10.182351,150.80478,45.94752,0.0,1.2988135,1.0,0.0,0.0,1.0,0.0,0.0,0.0,1.0,0.0,0.0,1.0,0.0,0.0,0.0,0.0,0.0,0.0,0.0,0.0,0.0,0.0,0.0,0.0,0.0,0.0,0.0,0.0,0.0,0.0,0.0,0.0,0.0,0.0,0.0,0.0,0.0,0.0,0.0,0.0,0.0,0.0,0.0,0.0,0.0,0.0,0.0,0.0,0.0,0.0,0.0,1343.8606,135.80614,76.03826,-2.5433939,-4.116074,7.49249,-5.0402093,-1.7958078,12.128083,14.826456,27.791044,39.948845,4.404055,6.367604,5.307998,53.548,225.84988,138.32968,-59.665745,-93.5447,78.343,0.9892127,1.2915771,4.1726537,0.9394929,3.4509456,-107.76376,1067.3278,5.1719136,4.18892,0.0,0.0,1.0,0.0,0.0,0.0,1.0
64.97884,3.2810767,10.032735,0.11822705,-0.3077317,1.8840073,0.15540625,0.11174369,0.08548988,0.109688334,45751.902,-0.0017441484,4842.963,0.007636374,71695.78,0.036986794,92280.57,434306.78,1174206.8,138701.47,74785.02,159.38216,59.606945,34.552605,127.131355,47.116226,-14.333193,85.37233,127.9923,15.572183,159.77904,90.48269,1.0,97.41505,-1.3334147,67.89294,37.192112,0.0,1.0,11.692576,27.609486,1.9474986,1.0,1.9572407,1.0,0.0,0.0,0.0,0.0,0.0,0.0,1.0,0.0,1.0,0.0,1.0,0.0,0.0,1.0,0.0,1.0,0.0,0.0,1.0,0.0,0.0,0.0,0.0,0.0,0.0,0.0,0.0,1.0,1.0,0.0,0.0,0.0,0.0,0.0,1.0,0.0,1.0,0.0,0.0,1.0,0.0,0.0,0.0,0.0,0.0,0.0,0.0,0.0,0.0,564.7818,151.09798,86.723175,16.768887,18.39133,53.206,18.044403,16.01751,49.63696,26.178375,38.516903,47.139202,5.9179263,6.926211,2.8378603,38.827415,237.32512,187.99783,-107.86814,-130.2887,91.2474,0.9987616,1.2334148,0.63892895,-1.7805643,1.6287677,163.51576,1370.8007,5.642754,6.867422,1.0,1.0,0.0,0.0,1.0,0.0,0.0
57.72563,-0.38041705,39.0287,7.5398517,1.5046458,0.54746544,0.16691169,-0.049630675,0.06511748,0.11612535,-6747.646,-0.0025753968,11646.446,-0.0060225246,127662.734,0.0040380084,59103.7,47650.215,-1007780.25,380399.78,147051.67,96.39968,44.32778,45.544205,92.071754,43.27124,-29.03197,56.500454,139.42595,7.9709244,150.12651,104.0035,0.0,55.25955,1.1330712,85.21902,46.021618,0.0,0.0,8.968599,148.88943,-76.74958,0.0,2.074298,0.0,0.0,0.0,0.0,0.0,1.0,0.0,0.0,0.0,0.0,0.0,0.0,0.0,0.0,0.0,0.0,0.0,0.0,0.0,0.0,0.0,0.0,0.0,0.0,0.0,0.0,0.0,0.0,0.0,0.0,0.0,1.0,0.0,0.0,1.0,0.0,0.0,1.0,0.0,1.0,1.0,0.0,0.0,0.0,0.0,0.0,0.0,0.0,0.0,0.0,-377.60236,177.94275,86.54652,6.5664225,8.352583,41.541843,5.85853,3.9207664,37.718575,17.818594,25.556898,29.713226,2.1384604,4.7355337,5.722652,83.9993,90.22833,-14.136813,-52.128563,-127.697014,143.2375,1.2623243,1.7767105,2.6128554,0.49117604,2.3307672,75.09818,833.5871,6.0376477,-0.42324463,0.0,1.0,0.0,0.0,0.0,1.0,0.0
55.446095,-2.04138,35.484776,21.624468,3.8285284,1.176308,0.28054503,0.14837101,0.18824843,0.2778569,-1745.2184,0.021735974,6273.4614,0.06746703,70570.914,0.0120774545,106377.99,-555735.0,-1400740.8,335403.2,90807.53,32.127213,31.390152,126.27812,-2.6490202,17.049698,46.314304,-50.467567,-16.951952,7.5139284,169.71259,91.390884,1.0,-63.74814,0.5963316,66.43171,32.429955,1.0,0.0,10.469822,167.76341,169.9394,2.0,2.0589948,0.0,0.0,0.0,0.0,0.0,1.0,0.0,1.0,0.0,1.0,0.0,1.0,0.0,1.0,1.0,0.0,0.0,0.0,0.0,0.0,0.0,0.0,1.0,0.0,0.0,0.0,0.0,0.0,0.0,1.0,0.0,1.0,0.0,0.0,1.0,0.0,0.0,0.0,0.0,0.0,1.0,0.0,0.0,0.0,0.0,0.0,0.0,0.0,0.0,0.0,623.313,167.38614,65.485855,7.582134,9.22315,53.66478,8.388319,4.7822394,48.05249,21.028395,12.4807825,13.747657,0.96998817,3.1188078,7.6867943,87.21256,-8.895053,-94.82705,140.05748,44.209026,43.24601,0.78081715,1.0867462,1.9322562,3.0587783,-0.5226779,136.44939,935.03485,3.0496166,4.148734,0.0,1.0,0.0,0.0,1.0,0.0,0.0
72.79672,3.3492982,38.148262,6.668065,3.9837496,1.7475065,0.19163136,0.2004873,0.08198586,0.12060498,-4262.9297,0.010573028,868.8432,0.042508796,-3147.0918,0.022497715,44307.33,12200.559,-513532.3,219690.48,55950.445,64.06217,24.391712,103.68752,10.726168,5.6042805,40.239037,-0.021657046,28.847519,4.0448656,158.27954,75.30195,0.0,-8.55752,-0.53333104,73.08574,31.061083,1.0,0.0,11.783864,144.77264,74.05859,2.0,1.8074051,1.0,0.0,1.0,0.0,1.0,1.0,0.0,1.0,0.0,1.0,0.0,1.0,0.0,1.0,0.0,0.0,0.0,0.0,0.0,0.0,0.0,0.0,1.0,0.0,0.0,0.0,0.0,0.0,1.0,0.0,0.0,1.0,1.0,0.0,1.0,1.0,0.0,0.0,0.0,0.0,1.0,0.0,0.0,0.0,0.0,0.0,0.0,0.0,0.0,0.0,154.07141,144.38661,76.46149,7.6074224,8.453857,37.04245,7.823886,6.293147,33.289303,14.53875,9.666653,11.323881,2.7695963,4.2298727,4.068441,51.70806,42.278687,-3.3707104,56.462456,11.351552,62.072235,0.6032762,0.680851,1.6113671,1.5370054,0.16242154,266.8407,442.76395,3.3646703,1.6748002,0.0,1.0,0.0,0.0,0.0,1.0,0.0
91.05838,2.2236595,48.79276,15.582185,4.2008247,0.6654926,0.05718367,-0.102970734,-0.061759442,0.021709403,27195.611,-0.0031387513,5502.8286,0.009552465,103372.55,-0.022295108,147274.58,-169505.55,-1092727.6,101977.42,17122.598,140.84311,36.031322,85.12083,152.8144,43.950375,34.298775,10.618817,43.440258,5.9400387,174.58037,124.08755,1.0,9.897521,1.3186489,34.880474,42.226086,1.0,0.0,8.929932,157.90028,141.9673,0.0,2.4288206,1.0,0.0,0.0,0.0,0.0,0.0,0.0,1.0,0.0,1.0,0.0,0.0,0.0,0.0,0.0,0.0,0.0,0.0,0.0,0.0,1.0,1.0,0.0,0.0,0.0,0.0,0.0,0.0,1.0,0.0,0.0,0.0,0.0,0.0,0.0,0.0,0.0,0.0,0.0,0.0,0.0,0.0,0.0,0.0,0.0,0.0,0.0,0.0,0.0,0.0,1264.0768,139.61478,86.54538,10.329881,8.918864,19.58177,10.082638,6.0899067,19.59287,19.216858,22.11713,23.861534,3.2088492,4.644679,7.3539705,57.456486,152.8669,88.02998,13.920146,-39.44159,67.90285,1.3273046,1.4891794,0.21932626,0.98735726,1.9140067,-62.90539,667.3025,3.9703224,4.4198923,0.0,1.0,0.0,0.0,0.0,0.0,1.0
70.44665,2.3073158,32.3221,11.491325,4.0831027,1.053841,0.13502441,0.009086445,-0.0010941112,0.062343933,6591.885,0.012667058,378.79605,0.02800974,1655.471,-0.008801528,73257.63,-91326.53,460830.6,213323.03,56637.58,101.00389,32.352474,102.89856,56.420696,18.030775,23.876926,-11.626831,21.687498,6.010713,160.29922,51.494244,0.0,-18.130384,2.0399952,60.75869,21.918406,1.0,0.0,12.228177,112.25664,75.9868,0.0,1.5544447,1.0,0.0,0.0,0.0,0.0,1.0,0.0,0.0,0.0,1.0,0.0,1.0,0.0,0.0,0.0,0.0,0.0,0.0,0.0,1.0,0.0,0.0,0.0,0.0,1.0,0.0,0.0,0.0,1.0,0.0,0.0,1.0,1.0,0.0,1.0,0.0,0.0,0.0,0.0,0.0,0.0,0.0,0.0,0.0,0.0,0.0,0.0,0.0,0.0,0.0,653.16364,131.98027,72.55867,8.4489155,10.686454,16.674183,7.3906646,3.571877,13.249902,6.9225755,9.162889,9.596506,3.2326357,4.5920634,4.536844,45.14084,106.61975,40.413956,77.73223,7.937813,38.935738,0.87844384,0.90474766,1.6295035,1.5823543,0.6362716,43.23054,307.64804,3.5733309,3.0222993,1.0,1.0,0.0,0.0,0.0,1.0,0.0
63.12024,0.3074678,54.371025,24.062292,4.610434,0.21627498,0.12051938,0.06193829,0.10536554,0.14854097,80596.6,-0.02899953,15914.638,-0.06310769,275199.2,-0.019093841,196705.0,20856.836,-2885834.0,225773.47,34890.273,174.8028,78.89666,54.35183,120.357475,54.314213,10.611094,153.90001,230.62596,-5.901725,162.00061,179.62418,0.0,177.29121,1.7559029,26.194439,67.64664,1.0,1.0,12.229537,111.36944,139.5424,1.0,2.9844713,1.0,0.0,0.0,0.0,0.0,0.0,0.0,0.0,0.0,1.0,1.0,0.0,0.0,0.0,1.0,0.0,0.0,0.0,0.0,0.0,0.0,0.0,0.0,0.0,0.0,0.0,0.0,0.0,1.0,0.0,0.0,1.0,0.0,0.0,0.0,1.0,0.0,1.0,0.0,0.0,0.0,0.0,0.0,0.0,0.0,0.0,0.0,0.0,0.0,0.0,-1069.2428,128.31064,63.82096,-1.5343399,-0.8806446,47.888985,-1.288553,-3.6486526,43.49593,23.262255,26.186497,35.806206,5.735655,7.431414,7.6458373,59.905113,293.69678,208.94568,-67.857605,-89.58497,53.070385,0.81306535,1.1631712,2.6561847,-0.7791321,5.135763,-4.960404,1260.8757,6.9723234,3.1868865,0.0,0.0,1.0,0.0,0.0,1.0,0.0
69.38913,0.36181945,46.071033,7.5531845,4.63709,0.53941023,0.0348838,0.009018257,-0.062015165,-0.026314273,12838.506,0.0034840445,227.47366,0.0031003396,1749.7358,-0.05905912,104958.39,-141917.02,-1917409.1,116629.73,65967.414,198.8475,91.702965,192.73293,167.17899,73.15425,105.10294,23.63011,76.93424,-10.603981,151.03024,37.473736,0.0,22.393616,-0.11719212,41.00428,20.926208,1.0,1.0,10.522767,85.85112,26.429382,1.0,1.3033316,1.0,0.0,0.0,0.0,1.0,1.0,0.0,1.0,0.0,1.0,0.0,0.0,0.0,0.0,0.0,0.0,1.0,1.0,0.0,0.0,0.0,0.0,1.0,0.0,0.0,0.0,1.0,0.0,1.0,0.0,0.0,0.0,0.0,1.0,0.0,1.0,0.0,0.0,1.0,1.0,0.0,0.0,0.0,0.0,0.0,0.0,0.0,0.0,0.0,0.0,2521.3015,133.60416,75.341,-7.3775935,-7.5128946,31.31939,-6.37353,-6.4896317,28.279406,10.610839,1.581213,0.9906801,4.8946815,5.944154,5.832765,45.488743,335.91992,241.41602,159.27313,92.40561,47.78318,1.2998121,1.6383343,3.0196903,0.96298623,0.8256012,318.13046,1327.2694,4.1628423,2.2971075,0.0,0.0,1.0,0.0,0.0,0.0,1.0
54.678646,-2.5158749,31.58684,17.37461,1.917832,0.81942976,0.2684453,-0.121927135,0.054634586,0.110562086,43559.37,-0.00070731074,2421.3152,0.029731933,91706.695,0.045805596,171016.11,-212826.92,-1703528.8,299763.75,59715.66,127.09277,41.122437,39.28753,53.344387,16.460737,-20.426817,51.83749,105.46835,0.7905566,126.48517,69.487785,0.0,49.059563,-1.1536599,88.32472,41.217525,1.0,0.0,9.307634,103.97528,105.63149,0.0,1.54429,1.0,0.0,0.0,0.0,1.0,0.0,0.0,0.0,0.0,1.0,1.0,0.0,0.0,0.0,0.0,0.0,0.0,0.0,0.0,1.0,0.0,0.0,0.0,0.0,0.0,0.0,0.0,0.0,0.0,0.0,0.0,1.0,0.0,0.0,0.0,1.0,0.0,1.0,0.0,1.0,0.0,0.0,0.0,0.0,0.0,0.0,0.0,0.0,0.0,0.0,303.7915,166.3137,56.067356,4.793378,1.3112909,22.92917,2.0656054,3.208164,21.667912,8.484758,17.783659,18.629456,4.095432,5.685941,5.9683065,48.790524,177.50203,96.68931,-83.544464,-123.58887,85.247635,0.7141162,0.88251644,1.7027838,-0.21615523,0.8473939,29.060827,1125.9191,5.0784125,3.100158,0.0,0.0,0.0,0.0,0.0,1.0,1.0
85.71474,6.8476086,17.151588,4.7152596,2.7130435,1.5431939,0.10274696,0.14299215,0.013489871,0.101324454,13616.082,0.012137032,-1383.1006,0.020935105,41258.438,0.025553534,45426.035,216555.78,1901175.4,116083.766,39000.246,135.85008,40.472065,200.54167,91.67991,29.278622,131.64696,9.475235,44.819332,19.292482,173.97446,105.035194,0.0,7.232155,1.342571,39.097546,34.84826,1.0,0.0,12.642408,175.49803,152.8841,0.0,2.227114,1.0,0.0,0.0,0.0,0.0,1.0,1.0,1.0,0.0,1.0,0.0,1.0,0.0,0.0,0.0,0.0,0.0,0.0,0.0,0.0,0.0,0.0,0.0,0.0,1.0,0.0,0.0,0.0,0.0,0.0,0.0,0.0,0.0,0.0,1.0,0.0,0.0,0.0,0.0,1.0,0.0,0.0,0.0,0.0,0.0,0.0,0.0,0.0,0.0,0.0,1158.9603,128.48497,91.45836,21.728027,24.364183,36.427677,21.76081,14.193807,36.355396,25.74191,22.537981,20.375431,3.3857698,5.0190086,3.3937228,42.172997,181.93102,144.18684,180.8157,117.063225,28.458567,0.92422724,0.8178183,0.45989382,2.3091106,1.0024717,220.35574,17.51384,3.9059355,0.8312407,0.0,0.0,1.0,0.0,0.0,0.0,1.0
75.63532,2.1254282,29.551512,10.335499,2.2536898,1.2153552,0.14097875,0.06815608,0.020275163,0.056429926,8109.3174,0.004718166,4620.222,-0.0064926343,46091.047,0.025179321,89593.57,30688.586,-841374.5,256997.78,64838.473,100.3734,28.544468,78.53122,54.692715,13.423656,15.301545,57.08683,109.762405,2.8872132,144.10893,84.367455,0.0,60.405045,2.014995,47.077335,40.11086,0.0,1.0,9.898634,150.43382,69.28113,1.0,1.8088677,1.0,0.0,0.0,0.0,0.0,1.0,0.0,0.0,0.0,1.0,1.0,0.0,0.0,0.0,0.0,0.0,0.0,0.0,0.0,0.0,0.0,0.0,1.0,0.0,0.0,0.0,0.0,0.0,0.0,0.0,0.0,0.0,0.0,0.0,0.0,0.0,0.0,1.0,0.0,0.0,0.0,0.0,0.0,0.0,0.0,0.0,0.0,0.0,0.0,0.0,-136.41289,133.53099,74.99827,7.176,8.055785,26.26892,5.1959267,3.1386206,23.303196,13.654684,20.151066,26.397089,3.2150288,4.8931065,4.3824673,55.562973,94.40997,27.313597,10.6197605,-37.8078,66.247696,0.8552649,0.978902,4.089676,1.9831986,3.8403187,-49.966446,665.3161,4.599203,0.0024802394,0.0,0.0,1.0,0.0,0.0,0.0,1.0
89.895035,1.6938878,28.22866,5.033804,2.0824578,1.0966964,0.09492826,0.07871383,-0.009754859,-0.015174792,8788.989,0.0013794901,2070.8918,0.015099326,-2645.2551,0.014114301,66328.86,294275.9,-869737.1,264557.28,59447.49,104.112495,41.54416,99.36235,53.072586,21.54754,44.47795,32.650043,73.778564,2.9909492,152.68318,49.874504,0.0,31.406239,0.26481146,68.54965,23.911743,1.0,0.0,10.540314,155.40373,32.418865,0.0,1.4886795,1.0,0.0,1.0,0.0,1.0,1.0,0.0,1.0,0.0,0.0,1.0,1.0,0.0,1.0,0.0,0.0,0.0,0.0,0.0,0.0,0.0,0.0,0.0,0.0,0.0,0.0,0.0,0.0,1.0,1.0,0.0,0.0,1.0,0.0,0.0,1.0,0.0,0.0,0.0,0.0,0.0,0.0,0.0,0.0,0.0,0.0,0.0,0.0,0.0,0.0,613.2069,138.74915,82.99415,6.565869,7.547792,31.717266,6.2364516,5.709723,28.894571,16.681486,15.388048,18.351799,3.3715525,4.8904157,4.7094154,44.29345,120.69694,59.098537,34.896927,-19.043789,66.88192,0.7286593,0.94819826,2.546822,1.2800502,1.6106515,110.538124,552.36005,4.017568,2.6008713,0.0,1.0,0.0,0.0,0.0,0.0,1.0
31.744205,-3.7115605,52.56341,16.358568,2.3601758,0.22825186,0.18765107,-0.2217996,0.118912734,0.09766167,-18440.672,-0.009384862,12698.503,0.040218648,134941.84,0.036946505,129947.555,-535969.6,-2669402.5,550239.6,150368.58,147.95918,64.93921,38.33992,128.49174,56.57736,-33.473793,56.45652,155.04312,6.548051,160.0226,75.565056,0.0,62.037407,1.1204208,111.72351,32.576263,0.0,0.0,8.486895,49.220394,-60.364326,2.0,1.8200501,1.0,0.0,0.0,0.0,0.0,0.0,0.0,0.0,0.0,0.0,0.0,0.0,0.0,0.0,1.0,0.0,0.0,1.0,0.0,0.0,0.0,0.0,0.0,0.0,0.0,0.0,0.0,0.0,0.0,1.0,0.0,0.0,0.0,0.0,0.0,1.0,0.0,1.0,0.0,0.0,1.0,0.0,0.0,0.0,0.0,0.0,0.0,0.0,0.0,0.0,354.23303,194.00385,75.910835,1.312961,3.5673792,29.200113,0.96007025,0.97972214,25.675686,6.785663,17.082256,22.099163,3.4461555,6.2405343,8.688018,89.49752,215.86363,44.189354,-72.91913,-180.19661,161.37273,1.3244689,1.9523462,3.2010388,0.5537393,0.14816311,-220.21274,977.4535,6.08006,2.3711982,0.0,1.0,0.0,0.0,0.0,0.0,0.0
100.62016,13.857387,76.000244,11.572634,6.208046,0.55336976,-0.029357133,-0.49168888,-0.24024886,-0.07358655,25545.822,0.006267743,9353.53,-0.0103590675,110011.97,-0.036071908,273644.25,132361.36,2837970.2,455426.2,142100.38,196.61848,46.89962,53.071693,173.91164,45.649734,-92.06844,-21.011906,43.12685,-2.534079,202.85683,215.44148,1.0,-26.033674,9.531359,23.944021,62.873344,0.0,1.0,8.247415,164.71889,169.37048,0.0,3.6075873,1.0,0.0,0.0,0.0,0.0,1.0,0.0,1.0,1.0,0.0,0.0,0.0,1.0,0.0,1.0,0.0,0.0,0.0,0.0,0.0,0.0,0.0,0.0,0.0,0.0,0.0,0.0,0.0,0.0,0.0,0.0,0.0,0.0,0.0,0.0,0.0,0.0,0.0,0.0,0.0,1.0,0.0,0.0,0.0,0.0,0.0,0.0,0.0,0.0,0.0,-2606.0283,133.82446,85.392975,0.8935671,-1.1115615,-41.819187,-3.6541111,-1.8161664,-43.852173,-9.729372,15.917659,21.515297,5.14964,6.9988346,11.618478,68.19673,284.047,157.40535,-0.4578374,-136.96773,134.56288,1.2094653,1.1093279,1.873238,0.3148,2.575272,-950.20404,491.12363,4.245864,0.8753024,1.0,1.0,0.0,0.0,0.0,1.0,0.0
69.155136,4.740922,65.281166,16.402489,5.491642,0.9964113,0.093905285,-0.20427442,-0.14216582,-0.0344636,10762.144,0.002700214,5475.7695,0.012892398,32971.68,-0.07008413,64981.84,382178.88,1160661.5,310438.25,58345.418,199.60175,62.37967,124.27604,172.96307,54.648785,16.11009,9.08989,66.845474,7.4384565,184.25385,145.28336,1.0,7.9142356,4.0709534,68.72721,46.686745,1.0,1.0,11.331158,112.9446,71.32963,0.0,2.74424,1.0,0.0,0.0,0.0,0.0,1.0,0.0,0.0,0.0,0.0,0.0,0.0,0.0,0.0,1.0,0.0,0.0,0.0,0.0,0.0,0.0,1.0,0.0,0.0,0.0,0.0,0.0,0.0,0.0,0.0,0.0,0.0,0.0,0.0,1.0,1.0,0.0,0.0,0.0,0.0,1.0,0.0,0.0,0.0,0.0,0.0,0.0,0.0,0.0,0.0,-1008.5695,176.8092,98.22284,10.82154,9.088288,-0.42300683,7.4659452,4.5026174,-3.3615785,5.6575584,15.238042,13.872299,4.8557663,6.438198,7.2468996,44.889946,300.4742,210.31248,62.696156,-30.692974,100.53781,1.2324643,1.2504696,-0.44239974,0.1547941,0.66857624,-237.0809,501.80316,4.854874,-0.9311359,1.0,1.0,0.0,0.0,0.0,1.0,0.0
78.922,4.152746,38.129593,5.5309525,4.022348,0.9215715,0.10997767,0.18032914,0.11550895,0.07358283,20131.553,-0.0005472586,6515.6904,0.034189228,67545.586,0.012929157,100118.93,-196612.48,-1471255.9,226328.36,85686.71,75.8887,39.59519,76.4105,42.864918,26.58853,25.736311,-2.5187874,31.596088,3.0144353,169.0919,89.681786,0.0,-7.457498,0.83441,67.394424,32.579987,1.0,0.0,11.467227,128.2768,23.369028,2.0,2.025009,0.0,0.0,1.0,0.0,1.0,1.0,0.0,1.0,0.0,1.0,1.0,1.0,1.0,1.0,0.0,0.0,0.0,0.0,0.0,0.0,0.0,0.0,0.0,0.0,0.0,0.0,0.0,0.0,1.0,0.0,0.0,1.0,0.0,0.0,1.0,0.0,0.0,0.0,0.0,0.0,1.0,0.0,0.0,0.0,0.0,0.0,0.0,0.0,0.0,0.0,-132.6691,129.40091,73.00882,5.441694,6.3587604,49.700455,6.9361763,4.6464953,48.284504,19.94495,13.865882,17.954536,2.3365548,4.0415215,4.9775605,68.88227,69.424164,2.5096543,14.47604,-40.65915,73.0762,0.83535594,1.0361099,1.9968154,0.90504694,0.6080932,230.15126,615.08124,3.57724,3.8325665,0.0,1.0,0.0,0.0,0.0,1.0,0.0
76.558304,0.40655303,13.796105,5.8655605,-1.8734499,0.69918036,0.17920667,0.017480073,0.058455896,0.10318894,43151.82,-0.004767874,5182.7866,0.005651808,80748.78,0.052647933,75215.58,186621.92,380379.5,291588.84,107785.48,146.39317,40.713852,86.39077,95.170074,24.212217,26.773932,38.105,101.366455,7.6038103,148.37979,85.7374,0.0,35.77374,-4.5711513,80.3842,39.027996,1.0,0.0,12.324805,106.34067,-4.7952814,0.0,1.8547901,1.0,0.0,0.0,0.0,0.0,0.0,0.0,0.0,0.0,1.0,0.0,1.0,0.0,0.0,0.0,0.0,0.0,0.0,0.0,0.0,0.0,0.0,0.0,0.0,0.0,0.0,0.0,0.0,0.0,0.0,0.0,0.0,0.0,0.0,0.0,0.0,0.0,0.0,0.0,0.0,1.0,0.0,0.0,0.0,0.0,0.0,0.0,0.0,0.0,0.0,-116.22957,141.84453,69.65187,11.752271,12.142943,45.565155,13.130293,11.441298,46.528454,27.890524,38.627472,48.768967,3.955209,6.084377,4.424042,62.68111,211.10478,115.22423,-13.48414,-63.900043,56.281864,0.8574132,1.1521986,4.020492,-0.30329287,2.3752294,9.471582,748.91437,5.339717,0.60145676,0.0,0.0,1.0,0.0,0.0,0.0,1.0
77.578705,2.8407466,36.549862,6.8559656,4.211557,1.1033391,0.109343685,0.24550861,0.104238264,0.06913393,-7627.088,-0.0012754954,3032.5847,0.02123475,-26871.543,-0.022079224,95070.875,-43041.97,-2574219.8,156387.31,38960.273,30.977125,13.857985,55.78521,26.300608,13.30032,41.628456,4.073351,33.7823,2.7482445,158.2837,56.806587,0.0,0.0092823,1.498641,55.527184,25.359629,0.0,0.0,12.809638,124.70325,72.290085,2.0,1.6069107,1.0,0.0,1.0,0.0,1.0,1.0,0.0,1.0,0.0,0.0,0.0,1.0,0.0,1.0,0.0,0.0,0.0,0.0,0.0,0.0,0.0,0.0,0.0,0.0,0.0,0.0,0.0,0.0,0.0,1.0,0.0,0.0,0.0,0.0,0.0,0.0,0.0,0.0,0.0,1.0,0.0,0.0,0.0,0.0,0.0,0.0,0.0,0.0,0.0,0.0,1906.0038,127.27474,77.822136,6.9268637,8.676836,47.550488,6.3857627,1.3648927,44.170643,19.373953,12.659124,14.68074,0.52445877,2.2553942,3.2843363,66.93834,-66.89323,-107.86215,-16.492563,-52.149467,53.094383,0.8859338,1.1990707,1.875663,2.6747818,2.2168775,203.73767,489.34225,3.509028,2.2224617,0.0,1.0,0.0,0.0,0.0,0.0,0.0
43.72967,-4.6702185,93.65781,28.096165,6.9997587,-0.11477498,0.039495647,-0.24146245,0.012805884,-0.017904194,65609.336,-0.03913611,17249.488,-0.061272815,269542.94,-0.13755377,234337.06,-435343.9,-3127772.2,361054.88,54709.277,233.10857,90.34051,48.697716,211.58565,80.28038,-30.351324,164.9697,269.05646,-8.395694,174.29155,154.50497,0.0,194.23917,3.9636662,58.51232,55.108994,0.0,1.0,10.966879,73.53641,140.20097,2.0,2.778829,1.0,0.0,0.0,0.0,0.0,0.0,0.0,0.0,0.0,1.0,1.0,0.0,0.0,0.0,1.0,0.0,0.0,0.0,0.0,0.0,1.0,0.0,1.0,0.0,0.0,0.0,0.0,0.0,1.0,0.0,1.0,1.0,0.0,0.0,0.0,1.0,0.0,0.0,0.0,0.0,1.0,0.0,0.0,0.0,0.0,0.0,0.0,0.0,0.0,0.0,-129.0979,189.92957,94.86068,-6.5036616,-7.6222696,20.049034,-6.5981536,-10.03184,14.473387,2.7591085,15.215972,24.919756,6.6824255,8.603064,9.310128,56.894737,386.43204,239.05646,-69.66624,-142.4037,81.46659,1.2783265,1.5987608,2.148542,-1.7998586,3.8098154,-275.72934,968.1685,7.722269,3.4787395,0.0,0.0,1.0,0.0,0.0,1.0,0.0
70.17769,-5.8576493,47.844173,12.362165,5.311217,1.2206199,0.15597112,0.48525184,0.13676685,0.087027304,-9537.661,-0.002035755,5940.143,0.043531943,99438.016,0.0021767677,129572.25,-898835.06,-4298338.5,249100.22,181159.19,35.375053,21.518702,98.37084,57.028156,33.021988,27.757202,-22.532564,14.740938,-7.5282145,141.65894,23.032036,0.0,-36.684315,-1.8530794,53.73556,20.382427,0.0,0.0,12.846804,157.85582,118.53301,2.0,1.0915891,1.0,0.0,0.0,0.0,0.0,0.0,0.0,0.0,0.0,0.0,0.0,0.0,1.0,1.0,0.0,1.0,0.0,0.0,0.0,0.0,0.0,0.0,0.0,0.0,0.0,0.0,0.0,0.0,0.0,0.0,0.0,0.0,0.0,0.0,0.0,0.0,0.0,0.0,0.0,1.0,1.0,0.0,0.0,0.0,0.0,0.0,0.0,0.0,0.0,0.0,836.1825,163.5342,85.271286,-10.453298,-6.947766,76.26427,-5.388275,-6.871026,74.78854,27.722483,-6.1982126,-8.573673,0.06985049,2.3649113,5.0071135,99.76688,-48.240433,-125.75337,85.16818,42.028793,39.341473,1.1842803,1.7167355,3.8296027,2.1226163,0.6186245,862.40814,1423.5548,3.5997503,4.6445904,0.0,1.0,0.0,0.0,0.0,1.0,0.0
70.283066,1.9644709,50.88762,14.294208,5.359334,0.4900248,0.08894484,-0.014983092,0.028581139,0.059352368,33739.438,0.00034505822,6733.0596,0.02882086,78610.875,-0.03458309,21707.877,-420581.9,-2685375.5,205214.72,50652.91,83.11918,44.78676,81.859856,72.97021,37.988598,13.228377,2.9468012,43.454193,-0.9343687,164.54794,100.023674,0.0,-0.44846106,-1.89396,63.44722,38.723934,1.0,0.0,13.990211,181.95886,65.0091,1.0,2.112109,1.0,0.0,0.0,0.0,1.0,1.0,0.0,1.0,0.0,1.0,0.0,1.0,0.0,0.0,1.0,1.0,1.0,0.0,0.0,0.0,0.0,0.0,0.0,0.0,0.0,0.0,0.0,0.0,1.0,1.0,1.0,1.0,0.0,0.0,0.0,1.0,0.0,0.0,1.0,0.0,1.0,0.0,0.0,0.0,0.0,0.0,0.0,1.0,0.0,0.0,-287.11115,120.5357,64.25007,0.8764753,-0.70066345,25.015148,-0.07374454,0.26297235,23.762873,10.181338,6.5332246,5.1589184,2.5512383,4.334221,5.220758,64.55889,77.035614,2.5616093,44.490852,-17.17504,73.45816,1.0042206,1.2751856,1.3839157,0.33652267,-0.10063572,137.56308,336.26788,4.074461,2.0920851,0.0,0.0,1.0,0.0,0.0,0.0,1.0
61.540184,8.64666,23.0044,-1.766148,4.147622,2.263474,0.1517793,0.4298226,-0.00035317856,-0.059405662,-8784.195,0.013636303,-655.61475,0.011083319,-2012.7845,-0.020203535,33945.98,489232.34,1015397.56,51041.207,76728.14,158.96765,34.560516,184.969,119.0223,25.421,92.40278,33.66264,60.59151,7.267272,164.26254,40.990593,1.0,36.42713,1.393134,73.637474,17.406334,1.0,1.0,10.584265,123.70169,19.607553,1.0,1.4432282,1.0,0.0,0.0,0.0,0.0,1.0,0.0,0.0,0.0,1.0,1.0,0.0,0.0,0.0,0.0,0.0,0.0,0.0,0.0,0.0,0.0,0.0,1.0,0.0,0.0,0.0,0.0,0.0,1.0,0.0,0.0,1.0,0.0,0.0,0.0,0.0,0.0,1.0,0.0,0.0,0.0,0.0,0.0,0.0,0.0,0.0,0.0,0.0,0.0,0.0,-129.47159,132.3366,81.425316,10.105206,14.966951,49.14893,10.876832,5.000992,42.64708,16.795406,9.058832,7.379717,4.767567,5.4354515,1.5767965,28.094936,197.71165,166.26985,160.92863,105.55039,41.391003,0.9034825,0.9612968,1.6275196,2.1087503,1.5531133,424.1562,1045.3044,4.4560614,3.1347024,0.0,1.0,0.0,0.0,1.0,1.0,0.0
76.910576,5.7500515,14.499189,3.1923642,1.5852137,1.5260217,0.09563185,0.25732747,0.02155506,0.008528302,-14335.979,0.0042433105,420.15848,0.029340424,-64892.188,0.012868558,90299.71,272307.3,-882351.7,139737.1,43830.34,92.64764,37.241234,109.5599,65.72407,26.486603,74.594505,6.856574,34.453606,2.620461,148.26172,53.533493,0.0,0.41396224,2.0367758,52.675446,26.729443,0.0,1.0,14.657079,128.99823,-112.62272,1.0,1.4921484,0.0,0.0,0.0,0.0,1.0,1.0,0.0,1.0,1.0,1.0,0.0,0.0,0.0,0.0,0.0,0.0,1.0,1.0,0.0,1.0,0.0,0.0,1.0,0.0,0.0,0.0,1.0,0.0,1.0,0.0,0.0,1.0,0.0,0.0,1.0,1.0,0.0,1.0,0.0,0.0,1.0,0.0,0.0,0.0,0.0,0.0,0.0,0.0,0.0,0.0,60.261963,92.29764,62.74298,5.962317,9.736017,35.673042,6.056675,4.444314,35.771378,20.62786,18.384079,21.756157,2.4019794,3.924739,1.6892028,61.93478,78.91634,32.840538,52.10324,4.677138,70.985916,0.9260474,1.38006,3.7156167,2.810928,2.0672176,291.841,539.2568,3.8465023,0.8848385,0.0,0.0,1.0,0.0,1.0,0.0,0.0
60.185925,-5.2713957,39.211075,21.145657,1.8426336,0.9108057,0.22025013,-0.076011114,-0.03816979,0.1486329,50375.355,-0.0038992579,-3123.059,-0.008236917,104840.234,0.07688667,92561.766,91089.59,-2983246.0,114623.445,-16054.48,242.75575,100.21032,145.6051,132.71628,52.05817,81.07465,129.78943,200.99483,-6.5411463,128.49232,63.784386,0.0,145.79662,-5.2597666,65.73672,38.94845,1.0,0.0,8.966866,91.408676,43.167686,1.0,1.4697844,1.0,0.0,0.0,0.0,1.0,0.0,0.0,0.0,0.0,1.0,1.0,0.0,0.0,0.0,0.0,0.0,1.0,0.0,1.0,1.0,0.0,0.0,0.0,0.0,0.0,0.0,0.0,1.0,0.0,1.0,0.0,0.0,0.0,0.0,0.0,0.0,0.0,0.0,0.0,0.0,1.0,0.0,0.0,0.0,0.0,0.0,0.0,0.0,0.0,0.0,2669.6238,150.55817,57.670994,-1.9979495,-4.0839314,26.549303,-2.6828783,-0.013644218,23.955135,14.749875,17.52629,20.328903,8.2126045,8.87456,6.311342,1.7396082,470.65033,380.21475,10.991059,-4.794836,30.879118,0.705723,0.98388714,3.5036166,0.48347434,1.571876,39.24035,1754.9299,5.909874,1.759267,0.0,0.0,1.0,0.0,0.0,0.0,1.0
62.540916,-7.9617095,55.717754,27.522764,3.222111,2.2351184,0.042666525,0.14225434,0.004054042,0.018048102,94056.59,-0.010011871,16035.333,0.0006369671,300021.66,-0.15471628,114949.54,301843.8,-762073.3,288888.47,68302.625,210.26088,101.42174,213.63329,212.88173,102.3067,103.020195,26.538105,102.18323,4.6315856,175.49263,153.16066,0.0,25.899744,-2.8689282,37.431393,53.085266,0.0,0.0,19.415607,65.978874,-75.43993,0.0,2.743373,0.0,0.0,1.0,0.0,1.0,1.0,0.0,0.0,0.0,0.0,0.0,0.0,0.0,0.0,1.0,0.0,0.0,1.0,0.0,0.0,1.0,0.0,0.0,0.0,0.0,0.0,0.0,0.0,0.0,1.0,0.0,0.0,0.0,0.0,0.0,0.0,0.0,0.0,0.0,1.0,1.0,0.0,1.0,0.0,0.0,0.0,0.0,0.0,0.0,0.0,2091.0916,255.51543,159.32446,10.836215,9.969514,61.871433,13.573561,4.39583,64.101456,38.728806,30.11675,35.362164,2.9264765,5.014184,4.1563783,66.67139,363.86902,240.50766,171.00471,86.8118,71.27749,1.6949247,2.1859477,2.246992,0.023956299,1.4132144,387.28726,836.4422,5.3923945,-0.88297373,0.0,0.0,0.0,0.0,0.0,0.0,1.0
72.195694,2.0251448,32.61467,8.781907,2.439145,1.3428631,0.16158141,0.1247453,0.04335688,0.041678432,6088.756,0.00059990736,3883.9275,0.03983981,36996.434,0.01815965,87370.805,36874.258,-720715.75,263382.88,70642.45,97.36249,31.58234,88.41969,62.099888,20.159111,29.129137,42.762505,85.519,4.113912,152.99709,79.40123,0.0,42.78458,1.3288898,76.47646,34.048653,1.0,0.0,11.641017,144.46011,80.80371,2.0,1.8230337,1.0,0.0,0.0,0.0,0.0,1.0,0.0,1.0,0.0,1.0,1.0,1.0,0.0,0.0,0.0,0.0,0.0,1.0,0.0,0.0,0.0,0.0,0.0,0.0,0.0,0.0,0.0,0.0,1.0,0.0,0.0,1.0,0.0,0.0,0.0,1.0,0.0,0.0,0.0,0.0,0.0,0.0,0.0,0.0,0.0,0.0,0.0,0.0,0.0,0.0,-113.03884,148.14932,78.03431,6.681599,8.36438,36.980244,6.5752835,6.065249,35.16516,17.35491,16.017548,18.107113,2.7910466,4.5980964,4.6621823,66.55123,89.43907,23.34367,23.023302,-25.943127,56.40105,0.8216142,1.0273283,2.4478168,0.69043434,1.0315233,114.26148,626.3483,4.3027177,0.70592886,0.0,1.0,0.0,0.0,0.0,1.0,0.0
35.851833,-5.2421846,22.177256,6.5047455,-1.6551893,1.2304598,0.2204989,0.30240577,0.21519646,0.18787496,2163.1653,-0.025840288,10866.12,3.1621654e-05,141077.92,0.07487216,31175.926,-269534.53,-2343996.0,293822.22,153612.62,168.43408,57.839375,88.08688,165.18536,59.855125,48.07245,88.38995,193.37756,10.481706,143.43379,92.71246,0.0,94.87298,-6.048421,94.66282,44.615105,0.0,0.0,13.879502,58.715385,-168.13165,2.0,1.8974067,1.0,0.0,0.0,0.0,0.0,0.0,0.0,0.0,0.0,0.0,0.0,0.0,0.0,0.0,0.0,0.0,0.0,1.0,0.0,0.0,0.0,0.0,0.0,0.0,0.0,0.0,1.0,0.0,1.0,0.0,0.0,0.0,0.0,0.0,0.0,0.0,0.0,1.0,0.0,1.0,1.0,0.0,0.0,0.0,0.0,0.0,0.0,0.0,1.0,0.0,860.00775,202.5643,99.4739,6.1137156,11.830773,91.665794,9.76549,7.866993,92.24683,42.20278,40.68325,52.175888,3.1373315,6.109267,3.6596668,95.60092,250.935,101.96245,-70.83645,-116.03995,113.453964,1.4930701,2.2675364,5.526738,0.45682696,2.6942701,414.12097,1773.298,7.3192134,5.1432486,0.0,1.0,0.0,0.0,0.0,0.0,1.0
89.26445,9.263246,28.349594,0.7446664,2.7892933,0.21707752,0.07502682,-0.06794604,-0.015375129,0.04345239,-10033.352,0.0012742075,-1528.0012,0.00067288306,-29546.367,-0.034437243,166223.48,120302.28,704877.9,92037.75,70736.24,132.63615,32.494934,124.246216,110.02317,25.886333,48.838398,11.960613,57.48956,-0.5703428,167.1715,70.98038,0.0,11.477273,2.2247946,47.89929,26.894794,0.0,1.0,10.311725,124.61958,139.45079,3.0,1.8035448,1.0,0.0,0.0,0.0,1.0,0.0,0.0,1.0,0.0,1.0,0.0,0.0,0.0,0.0,0.0,0.0,0.0,0.0,0.0,1.0,1.0,0.0,0.0,0.0,1.0,0.0,0.0,1.0,0.0,1.0,0.0,0.0,0.0,0.0,1.0,0.0,0.0,0.0,0.0,0.0,1.0,0.0,0.0,0.0,0.0,0.0,0.0,0.0,0.0,0.0,880.97156,74.06333,40.43345,3.941884,4.6865816,14.596795,5.0952516,0.37946916,11.321868,8.547195,16.10477,19.986746,3.2707562,4.764005,4.778566,51.057945,140.98592,81.72354,94.7992,26.905676,47.970177,1.0770454,1.1911392,1.4977214,1.1815863,2.4283094,-127.65801,485.84915,4.151237,2.0824547,0.0,0.0,1.0,0.0,1.0,0.0,0.0
80.34314,4.214313,36.188793,9.213823,4.234302,1.057499,0.16132286,0.25835925,0.07715169,0.108190574,12234.992,0.0009865883,2428.6914,0.009684403,47297.55,0.040363792,109824.8,21105.273,-427992.12,256989.5,117089.836,67.93835,19.822407,60.497986,16.127956,2.8954298,-2.1934223,63.190865,102.33599,2.7087512,152.89557,115.42898,0.0,67.14481,2.3732553,52.956898,47.49393,0.0,0.0,12.117914,112.98619,-3.8437,2.0,2.2184963,1.0,0.0,0.0,0.0,0.0,0.0,0.0,0.0,0.0,0.0,0.0,1.0,0.0,0.0,0.0,0.0,0.0,0.0,0.0,1.0,0.0,0.0,0.0,0.0,0.0,0.0,0.0,0.0,1.0,0.0,0.0,0.0,0.0,0.0,0.0,0.0,0.0,1.0,0.0,0.0,1.0,0.0,0.0,0.0,0.0,0.0,0.0,0.0,0.0,0.0,-640.55945,127.57826,71.40866,5.57254,7.82636,46.82104,6.9776707,6.2714806,45.78472,22.753784,13.614183,13.974488,2.8167562,4.5825763,5.7592034,67.71785,36.16042,-2.3561618,-7.6173735,-26.294353,38.925083,0.55756277,0.7609162,1.9392455,1.0428672,2.239469,279.32654,479.2319,4.1056714,0.40101233,1.0,1.0,0.0,0.0,0.0,1.0,0.0
18.66769,3.7802951,66.52623,1.7637675,4.242599,0.2620898,0.0772654,-0.2329308,0.041003704,0.0059725023,16907.035,-0.011335379,23136.324,-8.069103e-05,343512.66,-0.13515249,202379.5,-488017.97,-1125147.9,429175.53,148745.78,194.13441,82.116974,180.06235,249.93433,103.15826,44.950275,86.50588,211.5554,1.301978,192.05757,113.130745,1.0,107.262436,5.002661,81.74689,34.082497,1.0,1.0,1.4575809,109.5059,192.95018,1.0,2.4025517,0.0,0.0,0.0,0.0,1.0,1.0,0.0,0.0,0.0,1.0,0.0,1.0,0.0,1.0,1.0,0.0,1.0,1.0,0.0,0.0,0.0,0.0,0.0,0.0,0.0,0.0,0.0,0.0,1.0,1.0,0.0,1.0,0.0,0.0,0.0,1.0,0.0,0.0,0.0,0.0,1.0,0.0,0.0,0.0,0.0,0.0,0.0,0.0,0.0,0.0,1823.2559,222.66945,96.81199,-3.2780612,-1.1962447,40.737457,-4.7003884,-8.8023205,24.582405,1.9807814,14.528216,24.264215,2.8865092,5.744491,11.395362,115.45248,250.43333,34.303596,174.57968,-26.408497,195.93663,1.9720184,2.8929038,3.4793906,0.61606383,1.0460825,-524.0354,1961.7793,7.5822678,5.227575,0.0,1.0,0.0,0.0,1.0,0.0,0.0
63.054188,2.924645,33.333527,6.398141,3.7949326,1.0063499,0.16112979,0.3306744,0.12741862,0.09538193,34397.008,0.0045580296,8768.316,0.016189544,97328.125,0.017258773,82504.59,8908.481,-417722.47,317528.97,170261.58,87.124695,53.24718,94.313354,54.62787,42.00377,5.943352,-6.711486,36.112373,4.0362964,161.25871,87.36345,0.0,-16.59226,0.298579,49.04026,35.147575,0.0,0.0,14.095315,106.1208,-28.90282,1.0,1.9354962,1.0,0.0,0.0,0.0,0.0,0.0,0.0,0.0,0.0,0.0,0.0,0.0,0.0,0.0,0.0,0.0,0.0,0.0,0.0,0.0,0.0,0.0,0.0,0.0,0.0,0.0,0.0,0.0,0.0,0.0,0.0,0.0,0.0,0.0,0.0,0.0,0.0,0.0,0.0,1.0,1.0,0.0,0.0,0.0,0.0,0.0,0.0,0.0,0.0,0.0,-1244.6321,145.9031,80.17935,5.3957987,7.9993014,63.215794,7.3794436,5.8992414,60.927505,26.687668,13.789207,13.255029,2.539639,4.325619,5.1032667,71.995514,110.45672,48.24356,35.946716,-15.114054,67.67065,0.89816004,1.1623446,2.1272988,0.7373888,1.4038882,550.4044,1043.7532,3.6384866,1.2574295,0.0,1.0,0.0,0.0,0.0,1.0,0.0
49.169647,-4.316982,48.154423,19.033367,3.9676595,-0.02417802,0.16267233,0.060526475,0.1376693,0.113360725,44982.082,-0.004347168,15628.667,0.044917654,250435.89,-0.0762659,174479.22,-578084.4,-4238718.5,399655.16,143200.9,58.29138,58.249115,94.745125,59.504932,54.674397,33.361492,0.7005283,74.669205,2.5991247,149.92902,123.33131,0.0,-11.287955,-2.4937792,61.39188,52.614388,0.0,0.0,11.221626,157.73383,222.32455,2.0,2.2822466,0.0,0.0,0.0,0.0,0.0,0.0,0.0,0.0,0.0,1.0,0.0,0.0,0.0,1.0,0.0,0.0,0.0,1.0,0.0,0.0,0.0,0.0,1.0,0.0,0.0,0.0,0.0,0.0,1.0,1.0,0.0,0.0,0.0,0.0,0.0,0.0,0.0,0.0,0.0,0.0,1.0,0.0,0.0,0.0,0.0,0.0,0.0,0.0,0.0,0.0,848.2991,183.19928,71.30726,2.376383,2.7364924,63.843933,6.3228245,0.14696908,57.72398,24.180866,9.453356,12.649778,0.7493804,3.419136,8.696314,101.66448,41.23888,-91.26972,58.017536,-43.815376,115.5141,1.1305528,1.8391808,2.3225803,1.011292,-0.44180745,273.36118,927.38495,4.9754148,1.9435784,0.0,1.0,0.0,0.0,0.0,1.0,0.0
67.66684,1.5615383,38.933758,9.500215,3.590931,1.0099435,0.123582244,0.080245905,0.02035856,0.012232158,6286.807,-0.0015653555,3651.5525,0.022342015,33622.547,-0.038342264,75182.35,-14600.561,-650686.4,346946.28,58045.434,96.224174,29.842958,133.87944,45.621704,13.033911,74.61504,17.655195,58.38718,7.3791237,163.96669,66.066246,0.0,16.318024,1.6708525,66.11543,26.31815,1.0,0.0,12.460818,103.95081,120.20179,1.0,1.7376376,0.0,0.0,0.0,0.0,0.0,0.0,0.0,0.0,0.0,0.0,1.0,0.0,0.0,0.0,0.0,0.0,0.0,0.0,0.0,0.0,0.0,0.0,0.0,0.0,0.0,0.0,0.0,0.0,1.0,1.0,0.0,0.0,1.0,0.0,0.0,0.0,0.0,0.0,0.0,0.0,0.0,0.0,0.0,0.0,0.0,0.0,0.0,0.0,0.0,0.0,-689.28345,148.6872,81.586266,11.403926,13.164655,31.260744,9.934209,6.057005,26.983917,13.014492,11.387971,12.379682,2.7139065,4.5632043,5.4945183,60.839718,90.78576,25.38895,107.652985,34.64035,70.80502,0.7132078,0.88334924,1.7412075,2.197255,1.2378422,108.04109,294.0839,3.861118,1.440217,0.0,0.0,0.0,0.0,0.0,0.0,1.0
68.8441,2.3457382,34.116898,9.377016,2.8672118,1.2808393,0.11006333,0.083706886,-0.015039978,0.00077740866,43353.547,0.00038951394,2240.3904,0.017251262,9674.345,-0.011149577,68265.414,268324.4,-1579748.2,114985.734,25147.305,163.6094,84.274155,114.82272,105.25516,56.24523,55.817833,49.03497,92.54629,-0.8951985,150.11998,78.03926,0.0,50.419945,-2.508479,60.87258,35.2083,1.0,1.0,12.811717,126.10513,20.788368,1.0,1.7668574,1.0,0.0,0.0,0.0,1.0,1.0,0.0,1.0,0.0,1.0,0.0,1.0,0.0,0.0,0.0,0.0,1.0,0.0,0.0,0.0,0.0,0.0,1.0,0.0,0.0,0.0,0.0,0.0,1.0,1.0,0.0,1.0,0.0,1.0,0.0,1.0,0.0,1.0,1.0,0.0,0.0,0.0,0.0,0.0,0.0,0.0,0.0,0.0,0.0,0.0,675.39514,129.3817,72.77595,4.3829703,2.7660983,32.571053,4.5225496,5.8296556,31.827213,17.013056,16.497723,17.594734,5.592777,6.4084644,3.5708923,26.531277,286.7544,227.01465,22.302364,-6.550943,52.130104,0.84737736,1.0940427,2.5118222,0.26308763,0.92549664,262.33087,834.7359,4.3819623,0.46051264,0.0,0.0,1.0,0.0,1.0,0.0,1.0
70.840225,3.640565,45.001827,12.88037,3.6967273,0.3406022,0.09901924,-0.15504372,0.0076347343,0.027347706,36707.9,0.014793953,14043.15,0.04007886,201230.92,-0.036254168,52246.332,12187.203,-1143965.0,417312.78,112411.68,68.543846,59.109337,95.23396,17.659603,33.74551,-5.57771,-3.2796566,46.99125,6.0006733,165.51747,111.29075,0.0,-11.493196,0.6547746,62.735218,42.018513,0.0,0.0,11.748695,160.76778,-103.98057,2.0,2.2437344,0.0,0.0,0.0,0.0,0.0,1.0,0.0,0.0,0.0,0.0,0.0,0.0,0.0,0.0,0.0,0.0,0.0,0.0,0.0,0.0,0.0,0.0,0.0,0.0,0.0,0.0,1.0,0.0,0.0,1.0,0.0,1.0,0.0,0.0,0.0,0.0,0.0,1.0,0.0,0.0,1.0,0.0,0.0,0.0,0.0,0.0,0.0,0.0,1.0,0.0,-658.81134,129.01352,65.09246,6.530585,7.279633,18.075296,5.84468,5.81643,11.777082,8.837114,13.597638,13.117836,2.3116643,4.423946,6.858952,70.89471,88.47915,-2.0193179,75.61973,-15.024347,101.767784,0.72279704,1.2408177,2.321553,1.1307077,0.32934958,-97.38774,-272.30643,3.7199361,0.4837287,0.0,1.0,0.0,0.0,0.0,0.0,0.0
92.53214,1.5914824,50.191586,9.021289,3.3121183,0.10224477,0.06799673,-0.13982669,-0.038151897,-0.010578265,12070.7,0.0041286163,5474.9517,0.019111507,67796.17,0.08398481,118688.36,-28492.818,-701797.6,405550.47,135371.53,146.58223,47.796432,71.091415,100.64668,31.822714,-10.0699415,21.336317,78.37162,-1.5743201,162.06718,88.032776,0.0,18.372269,2.213461,66.66679,34.500385,1.0,1.0,7.2881217,153.35037,74.0204,2.0,1.9519433,1.0,0.0,0.0,0.0,0.0,1.0,0.0,0.0,0.0,0.0,0.0,1.0,0.0,0.0,1.0,0.0,0.0,0.0,0.0,1.0,0.0,1.0,0.0,0.0,0.0,0.0,0.0,0.0,1.0,0.0,0.0,0.0,0.0,0.0,0.0,0.0,0.0,0.0,0.0,0.0,1.0,0.0,0.0,0.0,0.0,0.0,0.0,0.0,0.0,0.0,-607.06903,145.9421,77.50394,-0.11301625,-0.48551032,22.973406,0.23575205,0.5034392,22.826258,11.260727,15.7939005,22.540503,4.18255,6.212207,8.517413,64.94702,210.95155,103.01317,1.6862705,-79.88935,92.730415,0.9221722,0.99209404,2.4056885,0.23040235,1.4798666,-117.62426,769.6965,4.454282,1.8100365,0.0,1.0,0.0,0.0,0.0,1.0,0.0
82.634186,2.5094774,52.113674,10.525208,4.9536667,1.1682324,0.11674693,6.2691994e-05,0.008283065,0.04965881,7353.5566,0.0013619348,1049.4166,0.019984212,-35498.97,0.021097245,95224.83,-88378.79,-1125442.2,161210.33,40928.074,115.33043,45.552246,68.56875,72.09945,29.04725,-6.979307,17.054327,50.81505,-3.252683,161.70866,68.79239,0.0,16.220266,-1.0569832,68.963745,27.72409,0.0,1.0,13.322365,127.642006,37.89463,2.0,1.754354,1.0,0.0,1.0,0.0,0.0,1.0,0.0,1.0,0.0,0.0,1.0,1.0,0.0,0.0,0.0,0.0,0.0,0.0,0.0,0.0,0.0,0.0,0.0,0.0,1.0,0.0,0.0,0.0,1.0,1.0,0.0,1.0,0.0,0.0,0.0,0.0,0.0,0.0,0.0,0.0,1.0,0.0,0.0,0.0,0.0,0.0,0.0,0.0,0.0,0.0,253.1458,123.7656,70.73341,0.22934657,-1.0770655,13.344841,-0.7316351,1.0074004,10.2199955,5.22051,8.25613,9.696554,4.313287,5.4148297,4.5884027,28.765335,145.95763,95.33312,-2.8051746,-33.82947,53.517273,0.8369735,0.8962968,1.5811111,0.17913389,0.6501752,13.930022,276.9167,4.023502,4.943746,0.0,0.0,1.0,0.0,0.0,1.0,0.0
74.14097,-2.5194864,50.461433,4.805128,4.1692505,0.4237626,0.040975213,0.2545149,0.07357626,0.06160201,-18581.219,-0.01167302,6455.6797,0.0013750299,52440.04,0.002902478,39400.824,-318485.62,-2645489.0,194197.42,85720.266,97.649475,56.12514,168.76631,110.90297,58.491993,132.25378,17.955114,77.982925,-4.247926,145.14305,54.371597,0.0,13.180029,2.1454532,38.124104,29.36624,0.0,0.0,13.309412,192.97723,5.3960886,1.0,1.4797848,1.0,0.0,0.0,0.0,1.0,1.0,1.0,1.0,1.0,1.0,0.0,1.0,0.0,0.0,0.0,0.0,0.0,1.0,0.0,0.0,0.0,0.0,1.0,0.0,0.0,0.0,1.0,0.0,0.0,0.0,0.0,0.0,0.0,0.0,1.0,0.0,0.0,1.0,0.0,1.0,0.0,0.0,0.0,0.0,0.0,0.0,0.0,0.0,0.0,0.0,1294.7957,146.2726,90.68985,-4.6887813,0.38181663,67.31038,-2.7290027,-6.4666033,66.04743,26.041857,9.067195,12.300623,1.1063933,3.4740014,4.703986,90.412155,90.442505,4.718731,133.1103,60.468204,82.64598,1.4218959,1.8706678,3.2641954,2.6982844,2.0761988,655.34265,1091.3075,4.5773935,3.9842696,0.0,0.0,0.0,0.0,0.0,0.0,1.0
91.350746,8.064129,29.66802,3.8943963,3.7113285,1.2376878,0.09578402,0.15144497,-0.042264003,-0.032028988,-1448.7405,0.004820414,470.0708,0.0071862186,-20209.799,-0.033727933,84850.38,377094.53,1005748.6,141416.31,64324.914,137.62187,35.472034,147.89441,87.60839,20.703184,80.36965,-7.9748306,21.389807,8.325368,166.83199,78.83427,0.0,-15.198998,1.3257773,56.249535,29.362587,1.0,1.0,11.843069,152.1698,49.82726,0.0,1.8963958,1.0,0.0,0.0,0.0,0.0,1.0,0.0,1.0,0.0,0.0,1.0,1.0,0.0,0.0,0.0,0.0,0.0,0.0,0.0,0.0,0.0,0.0,0.0,0.0,1.0,0.0,0.0,0.0,0.0,0.0,0.0,0.0,1.0,0.0,0.0,0.0,0.0,0.0,0.0,0.0,0.0,0.0,0.0,0.0,0.0,0.0,0.0,0.0,0.0,0.0,-432.74664,108.478195,71.33169,12.811584,14.689616,27.052048,13.823749,8.484165,25.097605,16.27881,15.592948,15.687976,4.137842,5.248671,3.2390547,33.87588,174.16052,133.79958,109.7095,61.410694,27.37988,0.72157735,0.7313796,2.0629416,1.8787498,1.8504547,119.3802,150.03154,3.2813096,0.49335545,0.0,0.0,1.0,0.0,0.0,1.0,0.0
78.3686,8.847807,49.29537,7.416393,4.447154,-0.8848857,-0.040533435,-0.23886509,-0.18255395,-0.15005209,38884.05,0.0001413758,4411.8623,-0.015542273,107210.71,-0.09802203,121151.03,63162.566,849472.8,153528.23,121458.32,278.10742,87.00585,221.03851,242.01254,74.145355,108.03008,12.321327,78.146034,2.481995,193.1915,151.15314,1.0,14.084035,-0.19504966,21.865377,45.1229,1.0,1.0,9.076245,108.72669,201.36436,0.0,2.827094,1.0,0.0,0.0,0.0,0.0,0.0,0.0,0.0,1.0,0.0,0.0,0.0,1.0,0.0,1.0,0.0,0.0,0.0,0.0,1.0,0.0,0.0,0.0,0.0,0.0,0.0,0.0,0.0,1.0,0.0,0.0,0.0,0.0,0.0,0.0,1.0,0.0,0.0,0.0,0.0,0.0,0.0,0.0,0.0,0.0,0.0,0.0,0.0,0.0,0.0,-292.55716,113.37661,64.061134,5.133029,5.872487,23.13567,8.040267,2.5190306,17.267206,14.066634,18.057837,21.969366,6.8623443,8.202544,10.046787,41.99189,482.58804,344.99713,207.40048,84.26857,59.738342,1.2919692,1.2905229,0.40636027,-1.0983822,1.8197452,-130.81923,1143.12,5.0143723,5.788661,1.0,1.0,0.0,0.0,0.0,0.0,0.0
79.011116,-2.6517434,43.422527,15.536992,2.26035,0.6954949,0.13135213,-0.02905669,0.007914992,0.06589911,40961.918,-0.00015928224,2219.1445,0.011324849,8533.683,0.0057902983,76277.75,210794.52,-1232937.8,267567.25,58012.67,143.3838,67.61916,78.424225,64.09172,34.66181,9.723297,33.371727,81.9773,-2.133806,153.42343,70.894966,0.0,33.51425,-3.5203948,61.589687,31.747778,0.0,0.0,12.505556,173.09499,108.041466,1.0,1.710453,1.0,0.0,1.0,0.0,0.0,1.0,0.0,1.0,0.0,1.0,1.0,1.0,0.0,0.0,1.0,0.0,1.0,0.0,0.0,0.0,1.0,0.0,0.0,0.0,0.0,0.0,0.0,0.0,1.0,1.0,1.0,0.0,0.0,0.0,0.0,0.0,0.0,0.0,0.0,0.0,1.0,0.0,0.0,0.0,0.0,0.0,0.0,0.0,0.0,0.0,744.6593,144.8388,74.68491,2.7452326,0.38874063,28.224876,3.2019153,3.4984913,27.04397,16.755688,20.438679,25.043743,5.170389,6.3236656,5.1259837,32.087265,248.309,170.83202,-18.223143,-58.30561,50.5941,0.66383994,0.7497294,2.4723387,0.20077896,1.3043679,74.83134,587.20135,4.3295565,2.1983178,0.0,0.0,1.0,0.0,0.0,0.0,0.0
79.87229,4.754214,32.65929,6.0599036,2.8492584,2.387625,0.1558997,0.18791778,0.042118356,0.055251297,6439.456,0.008880031,167.56783,0.0497953,12527.208,0.106878854,56427.54,396362.7,-107597.87,161817.1,30848.184,135.4751,58.717075,119.39432,65.46244,30.72683,47.88266,21.831339,36.41331,1.8644717,158.62564,38.646915,1.0,21.989313,1.1085713,76.274086,17.767723,1.0,0.0,13.650515,107.93889,24.685722,2.0,1.4003179,1.0,0.0,1.0,0.0,1.0,0.0,0.0,1.0,1.0,1.0,1.0,1.0,0.0,0.0,0.0,0.0,0.0,0.0,0.0,0.0,0.0,0.0,0.0,0.0,0.0,0.0,0.0,0.0,1.0,1.0,0.0,0.0,1.0,0.0,0.0,1.0,0.0,0.0,0.0,0.0,0.0,0.0,0.0,0.0,0.0,0.0,0.0,0.0,0.0,0.0,1063.4534,117.0251,73.65241,4.3467407,7.760113,23.05036,3.9724529,4.802905,22.86315,11.75371,12.010862,14.837511,5.233418,5.9638605,2.2716713,12.895895,212.62888,194.15613,52.863247,27.323313,39.402306,0.6972875,0.77135706,2.0658236,2.2553144,0.8360333,114.51673,588.0031,4.09083,1.2291082,1.0,0.0,1.0,0.0,0.0,1.0,0.0
66.39015,1.6844444,3.3892438,-4.88572,-0.55523974,1.6468314,0.17995743,0.29522187,0.15555966,0.17575365,17041.467,0.007336857,-605.43286,0.031930454,38879.316,0.08156431,103164.91,31410.686,1661220.4,79045.22,81918.6,116.24307,29.92066,141.76965,109.978264,34.39008,91.292336,7.5688643,59.211678,15.387835,149.20807,51.349613,0.0,-1.8302381,-1.0018138,83.38074,26.376783,1.0,0.0,10.242297,134.27975,136.47174,2.0,1.4650335,1.0,0.0,0.0,0.0,1.0,1.0,0.0,1.0,0.0,1.0,0.0,1.0,0.0,0.0,0.0,0.0,0.0,0.0,0.0,1.0,0.0,0.0,0.0,0.0,0.0,0.0,0.0,0.0,0.0,0.0,0.0,0.0,1.0,0.0,1.0,0.0,0.0,0.0,0.0,0.0,0.0,0.0,0.0,0.0,0.0,0.0,0.0,0.0,0.0,0.0,1914.3619,152.70975,86.791084,16.359299,20.717722,72.16033,19.231401,11.17271,72.72153,32.994465,30.391752,37.639908,2.1972218,4.044535,2.2290158,73.96458,110.4742,24.274889,79.713005,18.048418,56.23384,1.2894751,1.4335761,3.087176,0.99348474,0.654733,428.35437,1101.5139,4.879781,3.3555126,0.0,0.0,1.0,0.0,0.0,0.0,1.0
68.43341,4.1149583,39.361534,4.909898,4.2620516,1.5973091,0.16940181,0.24086788,0.099510185,0.094826534,11042.155,0.0051408983,2427.4062,0.036426604,36579.305,0.013425006,45542.676,30720.072,83728.086,193186.89,74713.9,84.97048,31.08859,102.40596,48.70916,18.969181,45.21137,0.58761334,29.776867,8.504602,163.46991,76.596565,0.0,-4.154294,2.5232031,80.4328,30.436636,0.0,0.0,10.82605,138.31128,65.57969,2.0,1.8567742,0.0,0.0,1.0,0.0,1.0,1.0,0.0,1.0,0.0,1.0,0.0,1.0,0.0,0.0,1.0,0.0,0.0,0.0,0.0,1.0,0.0,0.0,0.0,0.0,0.0,0.0,0.0,0.0,1.0,0.0,0.0,1.0,0.0,0.0,1.0,1.0,0.0,1.0,0.0,0.0,1.0,0.0,0.0,0.0,0.0,0.0,0.0,0.0,0.0,0.0,-343.74457,138.50424,76.62585,9.739345,11.938923,44.871716,10.407102,6.515999,44.557907,17.56606,11.193754,13.03657,2.8530414,4.350757,3.6465683,56.214428,72.78721,26.814377,44.868114,-2.1386724,54.99878,0.82464725,0.89522904,0.93711793,1.2901192,0.32741052,367.90216,545.6711,3.9449155,1.3236817,1.0,0.0,0.0,0.0,0.0,1.0,0.0
73.10895,-4.936181,46.92133,6.862925,2.754855,1.2172742,0.073670276,0.17849289,0.11940239,0.15497473,-2434.015,0.0012305671,4137.321,0.028568078,71899.99,0.009534947,25279.37,-459094.28,-2467329.0,155357.8,77765.37,77.94902,24.625755,104.641624,100.73424,36.0163,54.965626,29.18625,74.24369,-3.0700793,158.86398,41.145622,0.0,30.710583,-4.0961576,46.153187,19.511522,1.0,0.0,12.938264,139.56946,10.970363,1.0,1.4050175,1.0,0.0,0.0,0.0,0.0,0.0,0.0,1.0,0.0,1.0,0.0,1.0,0.0,0.0,1.0,0.0,0.0,1.0,0.0,0.0,1.0,1.0,0.0,0.0,0.0,0.0,0.0,0.0,1.0,0.0,0.0,0.0,0.0,0.0,0.0,0.0,0.0,0.0,0.0,0.0,0.0,0.0,0.0,0.0,0.0,0.0,0.0,0.0,0.0,0.0,3103.1104,174.01387,108.8977,-1.2661141,-0.51147217,65.272736,0.40323657,-2.288239,62.654552,26.083746,18.504719,23.953197,1.1810347,3.373666,3.730252,84.03872,22.19747,-57.376507,58.769226,1.4991024,67.84799,1.3068957,1.6347467,2.50923,0.6120893,0.72549355,386.70215,1037.2367,4.1994824,2.9077485,0.0,0.0,1.0,0.0,0.0,0.0,1.0
61.375515,1.7068901,40.118774,2.177396,2.7547653,1.353427,0.18691723,0.33993936,0.14522676,0.12289553,-3674.1384,-0.0006233552,6338.8906,0.01828671,24109.363,0.046323013,78323.57,-85688.78,-1333046.5,283329.5,154763.47,87.65552,49.200893,95.89255,58.3608,37.88473,9.477345,18.348516,69.00985,-0.69699025,164.07204,49.41166,0.0,16.731373,-0.7574058,69.959175,21.39916,0.0,0.0,12.651647,111.21924,-14.345224,1.0,1.5389801,1.0,0.0,0.0,0.0,0.0,0.0,0.0,0.0,0.0,0.0,0.0,0.0,0.0,1.0,0.0,0.0,0.0,0.0,0.0,0.0,0.0,0.0,0.0,0.0,0.0,0.0,0.0,0.0,0.0,0.0,0.0,1.0,0.0,0.0,0.0,0.0,0.0,0.0,0.0,1.0,1.0,0.0,0.0,0.0,0.0,0.0,0.0,0.0,0.0,0.0,-172.6088,146.32819,77.1506,0.046454236,2.0911298,60.31807,1.3384117,0.8212457,57.48139,23.273766,14.638211,18.447645,2.723924,4.498438,4.2404423,67.83575,102.360146,30.185434,39.764225,-11.182214,76.750656,0.9917102,1.3266553,3.3040924,1.6283531,1.7609289,413.08438,1061.9718,4.4832444,3.0907285,0.0,0.0,0.0,0.0,1.0,0.0,0.0
82.00795,4.505574,17.513205,-0.609667,1.896598,0.7200028,0.10559222,0.18560931,0.08430778,0.07060216,25851.373,0.0026241955,2822.4087,0.02269851,32523.176,0.0070347525,50931.457,210306.23,196433.25,188320.84,78419.22,95.52664,46.93761,147.20627,39.896984,25.076694,95.265396,-6.013001,30.634075,11.784072,158.39964,70.12155,0.0,-14.0098915,-1.8779292,45.342545,29.408411,0.0,0.0,11.622836,117.52273,199.38608,2.0,1.735722,0.0,0.0,0.0,0.0,1.0,0.0,0.0,1.0,0.0,0.0,0.0,1.0,0.0,1.0,0.0,0.0,0.0,0.0,0.0,0.0,0.0,0.0,0.0,0.0,0.0,0.0,0.0,0.0,1.0,1.0,0.0,0.0,1.0,0.0,0.0,0.0,0.0,0.0,0.0,0.0,0.0,0.0,0.0,0.0,0.0,0.0,0.0,0.0,0.0,0.0,1152.191,119.963684,70.02487,15.168247,17.611553,55.415524,17.946661,10.966932,51.706383,25.587454,20.424843,24.503021,3.2560894,4.610154,4.155277,47.289867,121.29692,64.21434,111.26995,54.205303,62.905685,0.70305365,0.8479522,1.6255364,1.3097872,0.7253214,250.4695,465.62323,3.72346,1.4723837,1.0,0.0,0.0,0.0,0.0,1.0,0.0
68.24243,7.7106605,19.831186,0.040744167,3.5735285,1.5144465,0.05713296,0.43882218,0.080349796,-0.016651535,12808.816,0.003275195,515.63257,0.028691119,58045.58,0.05957813,72302.07,541415.94,106394.95,129429.27,83428.62,212.56073,97.287224,258.72003,123.81116,58.689983,179.59549,64.43046,106.5015,5.363419,175.97551,80.398636,0.0,75.218666,1.5616947,36.11283,25.506493,1.0,0.0,14.352928,40.80871,148.49457,2.0,1.9528326,1.0,0.0,0.0,0.0,0.0,0.0,0.0,1.0,0.0,1.0,1.0,1.0,0.0,0.0,1.0,0.0,0.0,0.0,1.0,0.0,1.0,0.0,1.0,0.0,0.0,0.0,0.0,0.0,1.0,0.0,0.0,0.0,0.0,0.0,0.0,1.0,0.0,0.0,0.0,0.0,0.0,0.0,0.0,0.0,0.0,0.0,0.0,0.0,0.0,0.0,1854.6333,118.74766,84.05479,6.744541,14.339914,68.24568,12.441959,6.5049357,67.368324,32.226177,11.851813,13.671564,6.349198,7.1045985,3.5098388,22.239044,413.47867,349.5313,232.51686,180.17094,34.779793,0.8144263,0.928344,1.9767389,1.6653453,0.998284,563.6312,839.59094,4.9096775,2.5005934,1.0,0.0,1.0,0.0,0.0,1.0,1.0
70.94893,0.8259451,47.313766,14.068943,4.2866607,1.0959634,0.08877976,0.014976144,0.0032119832,0.010811176,22158.111,-0.0067171566,3711.4285,0.009720956,8643.686,-0.010447502,77357.0,32052.883,-1835447.6,218328.16,30539.45,130.80066,66.563255,79.923454,80.71385,44.441776,12.633024,53.95325,106.54478,-2.732138,156.70442,86.223076,0.0,55.650738,-0.54238623,54.821457,34.854206,1.0,0.0,12.847384,165.67136,130.5548,1.0,1.9159377,1.0,0.0,1.0,0.0,0.0,1.0,0.0,1.0,0.0,1.0,1.0,1.0,0.0,0.0,0.0,0.0,0.0,1.0,0.0,0.0,1.0,0.0,1.0,0.0,0.0,0.0,0.0,0.0,1.0,0.0,0.0,1.0,1.0,0.0,0.0,1.0,0.0,0.0,0.0,0.0,0.0,0.0,0.0,0.0,0.0,0.0,0.0,0.0,0.0,0.0,339.64767,132.8074,78.99231,0.9990943,0.70207334,18.457493,0.40866458,1.8376117,16.253582,10.055361,10.211846,12.078678,4.2440605,5.6134124,4.5254464,42.31737,199.53345,123.19377,-12.979835,-49.63028,62.42691,0.87077606,1.0994654,2.6127625,0.28015095,1.4542835,139.99191,260.58832,4.537302,2.8635786,0.0,0.0,1.0,0.0,0.0,1.0,0.0
52.23311,3.4002059,-5.422539,-2.6956582,-0.3035443,-0.72990096,0.116746426,0.14767003,0.123434834,0.07363663,-10833.441,0.0051761726,2969.6172,-0.028840337,137092.7,0.08222512,137752.19,-403738.2,-47065.023,258039.48,170855.77,213.24773,60.36517,272.84793,132.05882,28.998873,193.11772,66.31522,162.3558,2.5574877,143.95952,63.6717,0.0,69.72541,-1.0374943,33.158443,33.565296,1.0,0.0,5.5330544,31.497473,186.75873,2.0,1.5239226,1.0,0.0,0.0,0.0,0.0,0.0,0.0,0.0,1.0,1.0,0.0,0.0,0.0,0.0,0.0,0.0,0.0,0.0,0.0,0.0,0.0,0.0,1.0,0.0,0.0,0.0,0.0,0.0,1.0,0.0,0.0,0.0,0.0,0.0,0.0,1.0,0.0,0.0,0.0,0.0,0.0,0.0,0.0,0.0,0.0,0.0,0.0,0.0,0.0,0.0,831.68463,107.99715,38.709923,2.1893072,10.43672,78.25898,7.395018,0.21783495,73.24092,28.050385,19.838308,28.840162,4.857993,7.1117377,9.12384,80.29698,361.45343,193.03983,301.43082,160.97003,89.436165,1.0922016,1.2025751,5.3746552,1.1279206,3.871081,309.7871,2276.6,6.661193,5.8187203,0.0,1.0,0.0,0.0,0.0,0.0,1.0
75.23553,2.3171604,28.510315,5.254856,2.1881385,0.9453124,0.12829795,0.073818564,0.031011928,0.034460425,4284.4194,0.0077563496,3348.927,0.031312663,-7841.3994,-0.0053011226,56019.36,-31701.44,-1150594.8,183147.33,65633.93,89.33514,41.83051,99.02343,57.600956,30.260733,40.858852,-10.676284,25.037766,3.966396,157.22534,42.04842,0.0,-20.413202,-1.9503778,61.966644,19.862371,1.0,0.0,11.692227,152.09793,69.973885,2.0,1.4132655,1.0,0.0,1.0,0.0,0.0,1.0,0.0,1.0,0.0,1.0,1.0,1.0,0.0,0.0,0.0,0.0,0.0,1.0,0.0,0.0,0.0,0.0,1.0,0.0,0.0,0.0,0.0,0.0,1.0,0.0,0.0,1.0,0.0,0.0,0.0,0.0,0.0,0.0,0.0,1.0,1.0,0.0,0.0,0.0,0.0,0.0,0.0,0.0,0.0,0.0,659.20306,120.78487,67.298386,6.827846,7.470822,30.697475,7.5927424,5.2406945,28.626017,14.9065695,14.709292,18.354595,2.8921373,4.2667356,3.5263317,47.594563,92.94383,26.349453,42.0603,-11.556501,59.892776,0.9152785,1.0831146,2.6935234,1.2745515,0.9192481,147.50354,319.42688,3.4406796,1.1744417,0.0,0.0,1.0,0.0,0.0,1.0,0.0
86.63115,4.930477,42.360416,13.47731,5.995555,1.5801665,0.11999285,0.2700621,0.03603651,0.0889433,26703.393,0.014914831,2303.4236,0.040232405,14710.312,0.0132295545,63022.188,31184.105,86550.58,247508.25,62026.223,70.80189,43.008556,145.73402,-4.095928,13.733948,60.30839,-23.58948,-13.780041,5.914244,175.2577,103.3487,0.0,-31.548616,1.9513446,39.342476,34.220093,1.0,0.0,17.254787,123.81982,-36.989094,2.0,2.2119195,0.0,1.0,1.0,0.0,0.0,0.0,0.0,1.0,0.0,0.0,0.0,1.0,1.0,1.0,0.0,0.0,0.0,0.0,0.0,1.0,0.0,0.0,0.0,0.0,0.0,0.0,0.0,0.0,1.0,0.0,0.0,1.0,1.0,0.0,1.0,0.0,0.0,0.0,0.0,1.0,1.0,0.0,0.0,0.0,0.0,0.0,0.0,0.0,0.0,0.0,-700.6968,123.99466,83.543976,10.768394,12.17957,36.41688,10.329011,7.81693,33.134415,18.124489,7.0050964,5.6853714,3.0037856,4.2529597,4.0308123,46.068817,86.59771,59.04852,147.25484,102.41273,3.9115095,0.46725217,0.47446305,1.8906634,2.517753,0.35197043,234.84143,-234.93558,2.163005,2.5937927,1.0,1.0,0.0,0.0,0.0,1.0,0.0
76.29398,5.5304713,36.569702,3.2592134,3.6371548,1.099622,0.14132644,0.088402085,0.030298,0.068257004,15591.865,0.00861362,2327.794,0.038985636,16466.527,0.057134442,27217.834,117330.12,-710855.3,171545.98,48914.586,80.60849,35.565083,96.47095,37.0389,18.55984,35.65863,15.747773,47.915607,2.9707537,161.88477,75.87312,0.0,12.141942,-0.3185825,70.248276,29.857721,1.0,0.0,12.745914,126.25324,58.89109,2.0,1.8424809,0.0,0.0,0.0,0.0,1.0,1.0,0.0,1.0,0.0,1.0,1.0,1.0,0.0,1.0,0.0,0.0,0.0,0.0,0.0,0.0,0.0,0.0,0.0,0.0,0.0,0.0,0.0,0.0,1.0,1.0,0.0,0.0,0.0,0.0,0.0,1.0,0.0,0.0,0.0,0.0,0.0,0.0,0.0,0.0,0.0,0.0,0.0,0.0,0.0,0.0,395.17273,119.10047,65.22838,6.2848325,6.125485,29.1266,5.7698364,6.5527124,26.122425,14.025163,11.122229,10.777638,2.6106055,4.1200805,4.0988784,52.118343,79.417114,33.690285,35.19109,-5.0924354,60.251198,0.774504,0.8678541,0.80305463,0.49319673,0.40834612,204.75035,340.01465,3.6692388,3.069108,0.0,1.0,0.0,0.0,0.0,0.0,1.0
68.33989,-7.4140635,63.634537,24.666983,4.4744043,0.6842287,0.114880964,-0.21034886,-0.023005757,-0.009385067,-20018.13,-0.009975535,6074.0728,0.039810374,69779.98,-0.11498175,145905.72,-544201.7,-1544140.5,479354.53,76055.75,126.8282,39.45729,86.28546,92.46418,30.99119,14.829021,22.599882,80.834724,10.368766,158.6321,75.069954,0.0,21.997221,3.4677887,74.8944,31.519743,0.0,0.0,8.00134,98.04375,32.926563,0.0,1.8026758,1.0,0.0,0.0,0.0,0.0,0.0,0.0,0.0,0.0,0.0,0.0,1.0,0.0,0.0,0.0,0.0,0.0,0.0,0.0,0.0,0.0,0.0,0.0,0.0,0.0,0.0,0.0,0.0,0.0,0.0,0.0,0.0,0.0,0.0,0.0,0.0,0.0,0.0,1.0,0.0,1.0,0.0,0.0,0.0,0.0,0.0,0.0,0.0,0.0,0.0,241.5626,209.33258,106.49571,9.847948,9.40841,15.694546,8.096463,3.866121,9.861168,6.508977,10.039781,10.424059,3.2652397,5.412909,8.091068,71.58872,144.40936,36.477962,45.134815,-43.79152,103.9646,0.9637448,1.1882609,1.6491805,1.7481862,0.22082372,-219.21817,295.4103,3.8747609,2.663016,0.0,1.0,0.0,0.0,0.0,1.0,0.0
45.443993,-0.033805974,46.991314,12.575075,1.7043368,-0.5814426,0.027107922,-0.16548611,0.0024257929,-0.099191666,-9236.189,-0.024153244,10933.397,0.0141792735,81969.375,-0.15435025,61893.277,-533638.3,-2456667.5,243966.55,167069.98,238.97157,82.74175,161.08934,284.06772,102.10925,69.86783,40.46691,155.6622,4.6636434,158.17305,129.18521,0.0,43.310303,-4.7464666,72.62265,51.10486,0.0,0.0,9.394794,58.494064,3.1942384,1.0,2.3927906,1.0,0.0,0.0,0.0,0.0,1.0,0.0,0.0,0.0,1.0,0.0,1.0,0.0,0.0,1.0,0.0,0.0,1.0,0.0,0.0,0.0,0.0,0.0,0.0,0.0,0.0,0.0,0.0,1.0,0.0,0.0,0.0,0.0,0.0,1.0,0.0,0.0,0.0,1.0,1.0,1.0,0.0,0.0,0.0,0.0,0.0,0.0,0.0,0.0,0.0,1603.3602,172.4383,80.84065,2.8026717,4.536602,47.99722,8.097556,1.8549232,43.56674,21.67836,22.33449,27.31207,3.1656065,5.911104,7.1745853,96.91934,371.9883,170.80313,86.985085,-34.19841,130.6735,2.0520575,2.7561724,3.74754,-0.3664875,1.1931614,-208.51184,973.7987,6.606396,-0.99808896,0.0,1.0,0.0,0.0,0.0,1.0,0.0
62.40961,-8.104039,21.531918,14.31959,0.52577245,0.9454105,0.18058734,0.2091818,0.11029454,0.1903214,40527.36,-0.0026639872,-85.99051,0.010403533,117201.38,0.06552289,-8201.772,-403195.4,-3386747.0,74269.36,33716.363,139.49994,48.214695,122.805756,110.281006,36.533695,96.07461,108.661545,167.04233,5.2978406,134.50464,46.061474,0.0,123.338326,-7.8254066,54.25655,30.81901,1.0,0.0,11.342565,110.73209,52.779655,1.0,1.2974964,1.0,0.0,0.0,0.0,0.0,1.0,0.0,1.0,0.0,1.0,0.0,0.0,0.0,0.0,0.0,0.0,1.0,0.0,0.0,1.0,1.0,0.0,1.0,0.0,0.0,0.0,0.0,0.0,1.0,0.0,0.0,0.0,0.0,0.0,0.0,0.0,0.0,0.0,0.0,0.0,0.0,0.0,0.0,0.0,0.0,0.0,0.0,0.0,0.0,0.0,3762.413,164.36426,83.29752,6.4888415,6.5225153,72.09981,8.935355,6.1799326,71.34305,35.829716,26.629368,29.45473,4.290003,5.917723,3.8332589,47.29205,189.71223,114.87457,24.377972,8.446383,23.546,1.0293853,1.3854675,2.8984802,0.49806967,1.2105246,469.10406,1425.1887,5.64559,1.5631074,0.0,0.0,1.0,0.0,0.0,0.0,1.0
76.45719,2.3895957,42.16747,7.108267,3.2118926,1.1047868,0.16521804,0.07321551,0.031160662,0.042558745,-2027.9929,0.0076869004,4179.614,0.037394818,16817.09,0.004562308,73749.66,147687.8,-1079897.5,276640.1,87449.336,76.621735,28.938805,46.68954,32.91588,14.671744,-6.8767405,-6.7014446,23.751707,5.8143315,160.34608,55.514202,0.0,-14.615714,0.19007736,73.20659,24.000835,0.0,0.0,9.065715,144.32817,50.470325,2.0,1.6061811,1.0,0.0,0.0,0.0,0.0,1.0,0.0,0.0,0.0,0.0,0.0,1.0,0.0,0.0,1.0,0.0,0.0,0.0,0.0,0.0,0.0,0.0,0.0,0.0,0.0,0.0,0.0,0.0,1.0,0.0,0.0,0.0,0.0,0.0,0.0,1.0,0.0,0.0,0.0,0.0,1.0,0.0,0.0,0.0,0.0,0.0,0.0,0.0,0.0,0.0,143.92584,141.09258,73.15429,7.531548,7.6061106,30.96171,7.63004,5.637417,25.9607,13.403231,14.900318,18.535633,3.118543,4.6573143,4.526243,50.93114,62.765297,8.274943,-42.439064,-82.65988,71.551636,0.60489935,0.78506535,1.6310867,1.1872149,1.0112646,73.30154,445.296,3.191776,1.6760073,0.0,1.0,0.0,0.0,0.0,1.0,0.0
63.386562,1.4919792,48.569035,21.472746,6.3558006,2.1162474,0.16904461,0.045489293,-0.015291011,0.05628994,-9351.764,0.016665274,-587.3342,0.039090015,-13664.482,0.015103483,133086.05,11812.894,388945.4,237758.02,40671.047,146.58284,55.48417,140.75835,83.16847,28.602644,45.315765,44.884113,75.909325,3.8212059,162.06468,81.35155,1.0,52.058876,6.800967,74.16045,31.038952,1.0,0.0,11.721174,90.518524,99.55941,2.0,1.8903999,0.0,0.0,1.0,0.0,1.0,1.0,0.0,1.0,0.0,1.0,1.0,1.0,1.0,1.0,1.0,1.0,1.0,1.0,0.0,0.0,0.0,0.0,1.0,0.0,0.0,0.0,0.0,0.0,1.0,1.0,0.0,1.0,0.0,0.0,0.0,1.0,0.0,0.0,1.0,0.0,0.0,1.0,0.0,0.0,0.0,0.0,0.0,0.0,0.0,0.0,127.44539,143.28207,74.05549,4.694038,7.819347,9.314449,3.4805136,3.3286371,7.287179,3.7847497,1.1817073,-0.97797436,4.8215275,5.5286336,5.1744914,37.280514,219.99875,170.62498,133.06772,76.680885,14.499373,0.93238604,0.9299084,1.3153036,2.1479998,0.589306,90.92822,464.0406,4.233143,4.4586043,0.0,0.0,1.0,0.0,0.0,1.0,0.0
67.49888,-9.991347,41.066566,25.112564,-0.5877432,0.7480547,0.15425728,-0.16189946,-0.0114416545,0.063098095,63155.332,-0.024143385,7560.008,0.001616577,155243.39,-0.011763775,81557.67,-519797.47,-4405005.0,366991.84,32742.145,136.04802,66.239586,35.149788,102.39066,53.0256,-12.690413,49.90145,125.40386,-3.4288948,134.47517,60.580345,0.0,48.23404,-8.006696,79.709206,35.152733,0.0,0.0,14.248144,185.73906,11.550273,0.0,1.4782485,1.0,0.0,0.0,0.0,1.0,1.0,0.0,1.0,0.0,1.0,1.0,0.0,0.0,0.0,0.0,1.0,0.0,1.0,0.0,0.0,0.0,0.0,0.0,0.0,0.0,0.0,1.0,0.0,0.0,0.0,0.0,1.0,0.0,0.0,0.0,1.0,0.0,1.0,0.0,1.0,1.0,0.0,0.0,0.0,0.0,0.0,0.0,0.0,0.0,0.0,-596.95526,164.40013,76.769936,1.1938692,-2.3570366,16.296318,-0.43652508,2.5983272,18.564482,15.130682,26.39896,33.137127,4.081581,6.3815947,4.553736,56.80326,217.77849,102.18941,-95.32202,-135.95895,92.815025,0.91147697,1.6257339,5.1702847,0.4370657,1.7605054,-72.92122,872.0297,5.5898976,-3.2905884,0.0,0.0,1.0,0.0,0.0,1.0,0.0
88.05215,3.6887968,36.347206,12.822678,1.8280671,1.2990417,0.11611674,-0.103655785,-0.049233302,0.012831053,39945.598,0.0067179184,14073.953,0.03054554,202353.1,0.028379269,30046.033,427058.25,845230.3,405601.25,106331.24,162.6781,64.13872,99.63677,118.78647,49.503357,3.9603257,10.312368,63.56765,11.696393,165.78906,111.8449,0.0,5.805366,0.9080634,63.86405,41.45142,0.0,0.0,9.620741,135.49683,-121.34446,2.0,2.2391617,1.0,0.0,0.0,0.0,0.0,0.0,0.0,0.0,0.0,0.0,0.0,1.0,1.0,0.0,1.0,0.0,0.0,0.0,0.0,0.0,0.0,0.0,0.0,0.0,0.0,0.0,0.0,0.0,1.0,0.0,0.0,0.0,0.0,0.0,1.0,0.0,0.0,0.0,1.0,0.0,1.0,0.0,0.0,0.0,0.0,0.0,0.0,0.0,0.0,0.0,-897.50006,160.89,91.38707,13.418816,13.936733,14.95306,12.803171,10.68502,13.014144,14.647614,26.21131,29.94907,4.6849656,6.3659267,4.9981856,52.29703,274.63284,179.91808,22.16907,-60.917316,102.37721,1.0255082,1.2431113,2.8315792,1.0164652,1.040448,-294.63196,194.69437,4.272765,-2.0895028,0.0,1.0,0.0,0.0,0.0,1.0,0.0
79.68266,1.4797674,29.544975,2.5403414,3.3597844,1.4508852,0.08132342,0.17541814,0.101361215,0.09610911,5160.805,0.0069344086,2023.7654,0.020403124,52385.04,0.025770918,65259.125,-199129.38,-1231853.5,200696.67,67068.77,92.45424,39.75106,98.46672,45.303413,20.863894,37.69041,33.939304,74.06507,4.3083124,156.9904,42.2667,0.0,36.388905,0.19490327,55.878414,20.864435,1.0,0.0,11.049165,107.23388,-11.087243,1.0,1.4119794,1.0,0.0,0.0,0.0,1.0,1.0,0.0,1.0,0.0,1.0,0.0,0.0,0.0,0.0,1.0,1.0,0.0,0.0,0.0,1.0,0.0,0.0,1.0,0.0,0.0,0.0,0.0,0.0,1.0,1.0,0.0,0.0,0.0,0.0,0.0,1.0,0.0,0.0,0.0,0.0,0.0,0.0,0.0,0.0,0.0,0.0,0.0,1.0,0.0,0.0,408.17627,127.20054,83.29854,4.102242,6.4564066,42.573765,5.35839,4.0077386,40.769756,17.509327,11.559664,16.07888,3.2890825,4.891429,3.9051352,51.488476,109.175934,47.42964,50.058464,-5.584186,75.5577,0.8148553,0.84849894,2.663399,1.4975893,0.9247711,239.72531,716.5034,3.9970376,2.3256412,0.0,0.0,1.0,0.0,0.0,0.0,1.0
70.519714,1.9865141,24.444963,3.2379265,2.2544403,1.2539294,0.09555732,0.18589982,0.0838569,0.058554467,23331.719,-0.0011333586,6156.23,0.005931305,88148.836,0.021330727,63840.715,-9077.663,-1869567.1,200431.5,53874.965,131.31766,62.941322,144.53363,80.07375,40.415787,89.46384,28.87608,89.01137,2.591225,152.94702,62.574997,0.0,25.696493,-1.695226,63.908257,29.067215,1.0,0.0,10.46173,162.08746,71.81904,2.0,1.6034904,1.0,0.0,0.0,0.0,1.0,1.0,0.0,0.0,0.0,1.0,0.0,0.0,0.0,0.0,0.0,0.0,0.0,0.0,0.0,0.0,0.0,0.0,1.0,0.0,0.0,0.0,0.0,0.0,1.0,1.0,0.0,0.0,1.0,0.0,0.0,1.0,0.0,0.0,0.0,0.0,0.0,0.0,0.0,0.0,0.0,0.0,0.0,0.0,0.0,0.0,814.1475,135.84535,79.7223,2.8548605,5.9199424,50.68955,4.068115,2.9113402,49.19347,20.965837,16.582043,22.674503,3.7958505,5.4400253,4.444477,53.133575,204.35655,104.55423,87.71434,19.001396,74.236305,0.89469,1.1926506,4.6309605,1.6191046,1.5684825,252.55548,1061.3439,4.797215,2.8510926,0.0,0.0,1.0,0.0,0.0,0.0,1.0
77.44573,-2.067311,35.694687,11.6963825,2.0493538,2.4206948,0.20379813,0.06521344,0.059062447,0.1832987,34542.625,0.017443439,5602.7837,0.022015331,77521.24,0.21957622,33596.62,204233.8,382737.6,289640.56,66308.37,99.808205,25.443573,3.0390027,85.643616,24.616583,-63.60952,39.553707,75.453255,9.71177,154.98366,75.81602,0.0,40.729908,-0.95776856,83.190834,33.07336,0.0,0.0,12.655417,115.69844,46.5338,2.0,1.7872033,1.0,0.0,1.0,0.0,0.0,0.0,0.0,1.0,0.0,0.0,0.0,1.0,0.0,0.0,1.0,0.0,0.0,0.0,0.0,0.0,0.0,0.0,0.0,0.0,0.0,0.0,0.0,0.0,1.0,1.0,0.0,0.0,0.0,0.0,0.0,1.0,0.0,0.0,0.0,0.0,1.0,0.0,0.0,0.0,0.0,0.0,0.0,0.0,0.0,0.0,72.70527,183.68527,106.38381,11.230858,10.998107,32.675495,9.150182,10.039878,31.629524,16.573715,27.431723,33.86488,3.543969,5.3500724,3.353553,52.0234,82.03196,38.544876,-127.72657,-148.96896,76.85902,0.9684581,1.189655,1.2573794,-0.4176147,0.99828815,48.09933,737.8543,5.0252786,4.2377534,0.0,1.0,0.0,0.0,0.0,1.0,0.0
80.901665,4.3836493,31.293718,3.476082,3.5054722,0.8153031,0.06949212,0.1942469,0.0442419,0.039777134,-2701.2478,0.0018323067,463.17334,0.014567994,-1618.0374,0.010079004,52441.113,179515.52,441269.94,252555.53,96461.28,123.94562,48.9903,192.73094,63.495342,24.827425,124.353966,15.385423,61.21489,8.779764,168.29616,80.09422,0.0,14.900156,1.7779244,54.477905,28.749372,1.0,0.0,12.857157,110.61205,64.60799,2.0,1.9175762,0.0,0.0,1.0,0.0,1.0,1.0,0.0,1.0,0.0,1.0,0.0,1.0,0.0,1.0,0.0,0.0,0.0,0.0,0.0,0.0,0.0,0.0,0.0,0.0,1.0,0.0,0.0,0.0,1.0,1.0,0.0,0.0,1.0,0.0,0.0,0.0,0.0,0.0,0.0,0.0,0.0,0.0,0.0,0.0,0.0,0.0,0.0,0.0,0.0,0.0,532.52185,127.45167,79.73141,10.258829,14.791418,50.868366,12.603021,7.0021214,48.703667,22.578026,13.919987,17.611948,3.4858856,5.1040764,5.131856,49.864735,169.08705,96.97511,197.46603,118.38708,38.72579,0.7554753,0.92954654,2.2011232,2.0261266,1.2064801,250.98059,412.12048,4.0522923,1.7848732,1.0,0.0,1.0,0.0,0.0,1.0,0.0
51.06352,-0.3326,46.677433,6.879998,0.87806565,1.7342236,0.17675593,0.05591481,0.1252342,0.101669535,-9380.251,-0.020657245,7911.7935,0.022547951,66188.26,0.079901524,70947.055,117472.914,-31756.852,419200.34,92316.89,180.70772,59.172558,51.676395,124.08251,40.162273,0.2979477,93.03355,178.24648,11.627387,166.83214,95.69388,0.0,105.76865,1.1033765,120.61704,36.299133,0.0,0.0,11.911979,108.170784,-153.51357,2.0,2.0819032,0.0,0.0,1.0,0.0,0.0,0.0,0.0,0.0,0.0,1.0,0.0,1.0,0.0,0.0,1.0,0.0,0.0,1.0,0.0,0.0,1.0,0.0,0.0,0.0,0.0,0.0,0.0,0.0,1.0,1.0,0.0,1.0,0.0,0.0,0.0,1.0,0.0,1.0,0.0,0.0,1.0,0.0,0.0,0.0,0.0,0.0,0.0,0.0,0.0,0.0,-998.8536,188.66823,98.79418,7.7003803,12.798133,42.518837,7.479189,7.8152447,42.773518,17.942778,34.243294,45.589462,5.53872,7.8264117,4.7311554,65.14416,295.02676,173.19493,-106.87717,-178.14282,128.53271,1.0048642,1.311161,3.5559173,1.1432947,1.3940563,-112.787445,868.8682,7.039994,5.6097155,0.0,1.0,0.0,0.0,1.0,0.0,0.0
60.04619,-3.2330055,45.71816,9.962301,2.2650893,1.4737781,0.11753089,0.21238126,0.065422915,0.046592455,138.6253,-0.014123043,3297.5247,0.016651064,-36472.75,-0.048195425,-23935.742,16640.783,-1842922.0,143657.52,61086.76,161.26027,65.1936,122.394646,147.47498,59.746574,74.43207,16.17248,74.81765,1.7796979,152.93944,58.820423,0.0,11.372545,-4.699791,81.279205,28.62868,0.0,0.0,17.315512,74.91973,-95.5188,0.0,1.589027,0.0,0.0,0.0,0.0,1.0,1.0,0.0,0.0,0.0,1.0,0.0,1.0,0.0,0.0,0.0,0.0,0.0,1.0,0.0,0.0,0.0,0.0,0.0,0.0,0.0,0.0,1.0,0.0,1.0,1.0,0.0,0.0,0.0,0.0,1.0,0.0,0.0,0.0,0.0,1.0,1.0,0.0,1.0,0.0,0.0,0.0,0.0,0.0,0.0,0.0,1386.8939,165.68362,98.58123,3.4141133,5.478685,55.65163,5.342936,2.057693,56.011375,26.475101,20.165255,23.576984,3.3942726,5.2424297,1.3885928,56.72546,247.49149,166.97588,9.111155,-16.534174,56.140602,1.3179009,1.6180478,2.5178337,0.5621408,1.1572063,428.12158,798.303,5.138991,0.27301052,0.0,1.0,0.0,0.0,0.0,0.0,0.0
83.780205,-1.477578,7.0159125,4.9822545,-2.2580802,1.3669715,0.1724712,0.2205643,0.13315569,0.09628772,52577.668,-0.009480782,13805.152,-0.004169374,189515.95,0.058997933,28490.414,261939.78,-767318.44,376071.9,117801.26,85.03825,35.67445,40.9317,41.187847,20.563465,6.643457,54.116543,101.01401,10.711556,145.3281,64.18109,0.0,55.674305,-3.5334482,63.232655,33.0149,1.0,0.0,12.123553,120.79948,-95.672226,1.0,1.589419,1.0,0.0,0.0,0.0,0.0,0.0,0.0,0.0,0.0,0.0,0.0,0.0,0.0,0.0,0.0,0.0,0.0,0.0,0.0,0.0,0.0,0.0,0.0,0.0,0.0,0.0,0.0,0.0,0.0,0.0,0.0,0.0,0.0,0.0,0.0,0.0,0.0,1.0,0.0,0.0,0.0,0.0,0.0,0.0,0.0,0.0,0.0,0.0,1.0,0.0,-665.7165,153.04634,88.04717,15.294552,17.156446,64.52819,15.572511,13.675739,64.037125,34.698162,42.747864,55.009235,3.1843646,5.125973,2.7951777,65.11127,95.2248,35.45585,-70.212265,-93.62888,77.35061,0.68903786,1.1709714,4.4079537,0.48793235,4.074806,226.55984,873.04,4.8578916,2.689676,0.0,1.0,0.0,0.0,0.0,0.0,1.0
38.161755,5.246258,48.025326,14.528366,4.1865625,2.1350317,0.22243862,0.016478036,-0.0719385,-0.06553373,93940.94,0.0050049853,14829.655,0.038060293,293583.4,-0.07912758,187356.94,15086.322,-316453.7,337344.2,32661.398,174.01178,72.63487,179.69173,133.15962,57.272106,59.167774,22.602001,80.60693,3.1488,169.38443,92.750244,0.0,24.439718,-0.7938429,102.54776,34.300465,1.0,1.0,13.310668,103.38675,195.5436,1.0,2.0529885,0.0,0.0,0.0,0.0,1.0,0.0,1.0,0.0,0.0,1.0,0.0,1.0,0.0,0.0,1.0,0.0,0.0,0.0,0.0,0.0,0.0,0.0,1.0,0.0,0.0,0.0,0.0,0.0,1.0,1.0,0.0,0.0,0.0,0.0,0.0,1.0,0.0,0.0,0.0,0.0,0.0,0.0,0.0,0.0,0.0,0.0,0.0,0.0,0.0,0.0,-905.54236,161.17992,65.619316,8.688192,8.209664,3.6643686,6.536902,5.1173887,-1.6646143,1.138548,4.6504583,5.978164,4.818439,6.17361,6.2310553,49.28483,271.91733,166.12984,161.37312,60.86045,70.008835,0.91779304,1.489515,3.540717,1.1113741,-0.5205848,-223.16437,622.01074,5.3745956,-1.6897537,0.0,1.0,0.0,0.0,0.0,1.0,0.0
50.368107,-2.6511688,44.21378,17.443007,4.4288397,0.97754145,0.18080121,0.031501956,0.14990696,0.1260101,6175.1216,-0.005329259,8949.561,0.014600563,113920.21,-0.014985016,110651.41,-361320.4,-1188421.0,395712.3,97811.53,82.73367,36.964714,28.041351,50.43979,28.30109,-30.915325,27.900974,88.917145,8.888692,149.74402,84.38868,0.0,22.936312,3.5031433,79.15006,37.883648,0.0,1.0,10.768431,104.370285,-17.631866,2.0,1.8456526,0.0,0.0,0.0,0.0,0.0,0.0,0.0,0.0,0.0,1.0,1.0,1.0,0.0,0.0,0.0,0.0,0.0,1.0,0.0,0.0,0.0,0.0,0.0,0.0,0.0,0.0,0.0,0.0,0.0,0.0,0.0,1.0,0.0,0.0,1.0,1.0,0.0,1.0,0.0,0.0,1.0,0.0,0.0,0.0,0.0,0.0,0.0,0.0,1.0,0.0,-711.75995,177.50555,85.47855,7.090673,9.353515,34.77952,5.8574724,3.5479088,32.470722,10.892989,14.751982,13.951157,2.471459,4.7122116,5.394342,77.61999,72.7719,-16.180546,-59.436935,-127.65866,122.49805,0.9668841,1.3319509,1.8018324,1.0119072,0.6642449,185.3956,544.3994,5.192188,2.8007164,0.0,0.0,0.0,0.0,0.0,1.0,0.0
62.214413,-8.657084,42.042534,23.1266,0.094912015,1.7488765,0.29886281,-0.18167044,0.058494724,0.20970915,54596.465,-0.014008794,2675.5037,0.018974274,123144.016,0.101221584,72532.14,-374779.75,-2689396.8,307288.8,-24313.402,147.16298,53.515217,8.75121,69.70112,25.276386,-41.81542,97.802795,152.81699,0.32519767,132.10643,37.20828,0.0,106.88343,-5.6266575,104.42072,27.692139,0.0,0.0,10.757434,101.482376,17.828468,2.0,1.2073996,1.0,0.0,0.0,0.0,0.0,0.0,0.0,0.0,0.0,1.0,1.0,1.0,0.0,0.0,0.0,0.0,0.0,0.0,0.0,1.0,1.0,0.0,0.0,0.0,0.0,0.0,0.0,0.0,0.0,0.0,0.0,1.0,0.0,0.0,0.0,0.0,0.0,1.0,0.0,0.0,1.0,0.0,0.0,0.0,0.0,0.0,0.0,0.0,0.0,0.0,1653.4762,172.72305,68.42964,5.358294,0.9550032,1.9630055,1.4133444,6.4207487,3.6808882,5.361154,27.236107,35.542168,6.1379504,7.483885,4.5311513,21.150188,240.99117,174.90869,-152.66362,-152.61887,58.8663,0.6857311,0.97675496,3.2091508,0.016964853,1.0452353,-197.26979,804.66425,5.751728,2.57034,0.0,0.0,1.0,0.0,0.0,0.0,1.0
78.089905,1.4760137,-5.682676,-0.3707495,-0.5968992,1.5426725,0.16381909,0.33155382,0.1486343,0.12986697,41678.66,0.010574806,1319.309,0.03651246,90648.586,0.10049553,69737.55,29530.596,-1308229.5,-3864.625,42231.23,110.97857,43.282715,107.76815,56.58056,23.96658,78.6816,9.5437155,36.708313,9.1109705,143.81154,32.294544,0.0,0.47359556,-6.646139,56.724716,21.485693,1.0,0.0,11.448634,128.31212,69.20841,2.0,1.2023784,1.0,0.0,0.0,0.0,0.0,1.0,0.0,1.0,0.0,1.0,1.0,0.0,0.0,0.0,0.0,0.0,0.0,0.0,0.0,1.0,1.0,0.0,1.0,0.0,0.0,0.0,0.0,0.0,0.0,0.0,0.0,0.0,0.0,0.0,0.0,0.0,0.0,0.0,0.0,0.0,0.0,0.0,0.0,0.0,0.0,0.0,0.0,0.0,0.0,0.0,2165.134,110.73237,65.7191,11.110982,13.868461,68.76062,16.173382,11.967891,68.35317,35.83742,28.366629,35.346107,3.563108,4.6998677,1.363127,40.014103,158.1591,105.81822,2.1148503,-8.9465065,33.037083,0.79896444,0.9354118,3.6019125,0.77371347,1.1216842,536.9075,975.0245,3.721023,4.3319883,0.0,0.0,1.0,0.0,0.0,0.0,1.0
70.85388,4.473475,42.64771,12.556519,4.276444,1.0810151,0.16372111,0.14585376,0.070525095,0.10422446,11558.752,0.003567527,2733.4753,0.02798286,35877.902,0.071850255,121719.555,-301124.25,-1986165.5,126144.93,41890.47,183.54694,70.04226,160.85631,133.44829,47.690796,97.59325,42.979324,85.383316,-0.33256656,171.39912,108.13795,1.0,51.209663,-0.41139162,76.94771,38.392612,1.0,0.0,11.638607,96.035416,-19.881325,2.0,2.2191226,1.0,0.0,0.0,0.0,1.0,1.0,0.0,1.0,0.0,1.0,0.0,1.0,0.0,0.0,1.0,0.0,1.0,0.0,0.0,0.0,0.0,0.0,1.0,0.0,0.0,0.0,0.0,0.0,1.0,1.0,0.0,1.0,0.0,0.0,0.0,0.0,0.0,0.0,0.0,0.0,0.0,0.0,0.0,0.0,0.0,0.0,0.0,0.0,0.0,0.0,1086.8066,119.09764,58.1642,1.3575779,2.130189,42.09303,1.9353073,2.6531112,43.257946,21.169558,14.579132,16.221327,5.485821,6.416331,6.664862,40.799313,309.18958,227.32288,108.089226,55.816383,38.284206,1.0537279,1.1892493,2.7429993,0.9618346,0.7146364,157.2062,1126.7833,5.095791,4.8694205,0.0,0.0,1.0,0.0,0.0,0.0,1.0
103.43926,4.235121,-11.764887,-7.0554786,-3.529556,1.2270283,0.11339561,0.19494791,0.085129835,0.033161096,27309.129,-0.0034887271,6310.6665,0.0050087725,187750.84,0.12600815,49280.93,490244.2,452127.9,223465.47,53774.88,145.08252,32.33327,138.54742,73.64229,6.745334,105.84141,86.394325,123.73071,8.348478,155.08711,4.6118083,0.0,97.815155,-0.8138852,64.33988,8.363347,1.0,0.0,9.16888,68.802704,-64.59876,0.0,0.962723,1.0,0.0,0.0,0.0,0.0,0.0,0.0,1.0,0.0,0.0,0.0,0.0,0.0,0.0,0.0,0.0,0.0,0.0,0.0,0.0,0.0,0.0,0.0,0.0,0.0,0.0,0.0,0.0,0.0,0.0,0.0,0.0,0.0,0.0,0.0,0.0,0.0,0.0,0.0,0.0,0.0,0.0,0.0,0.0,0.0,0.0,0.0,0.0,0.0,0.0,1184.5352,97.35659,66.20569,13.176314,18.76369,56.53072,14.980686,11.508005,57.346035,32.279984,42.97401,56.69553,4.4412966,6.109362,1.6636742,55.276253,222.64072,151.43513,79.508675,37.005257,55.90367,0.76018167,1.0109563,4.5528374,0.76682043,4.40782,209.2641,1068.5151,5.1181636,7.0796165,0.0,1.0,0.0,0.0,0.0,0.0,1.0
66.27461,5.927503,58.52325,10.976584,5.9623475,-0.018360836,0.077621564,-0.16642977,-0.07456267,0.013522606,10922.756,0.0029508923,8536.818,0.008516565,137733.6,-0.043034993,25810.703,-20523.695,-482249.8,256500.11,48693.42,126.47399,53.574272,138.02422,98.81997,41.669888,55.52201,5.62235,66.04035,3.9173462,176.5381,124.55205,0.0,1.6396298,3.1212244,48.48547,42.548824,1.0,0.0,9.753981,173.32445,75.71447,2.0,2.457677,0.0,0.0,0.0,0.0,0.0,0.0,0.0,0.0,1.0,1.0,0.0,0.0,0.0,0.0,0.0,0.0,0.0,1.0,0.0,0.0,0.0,0.0,0.0,0.0,0.0,0.0,0.0,0.0,1.0,0.0,0.0,0.0,0.0,0.0,0.0,1.0,0.0,0.0,0.0,1.0,1.0,0.0,0.0,0.0,0.0,0.0,0.0,0.0,0.0,0.0,0.43432233,134.37271,70.510056,5.3818226,6.4391093,8.926247,2.695668,0.78307986,4.1575174,4.716685,7.6240973,4.6660013,3.1063023,5.0676885,8.053775,63.69824,164.21072,66.41376,105.02258,5.2784863,103.74738,1.0666156,1.2479503,0.639595,1.1419239,1.0623184,-87.126076,488.20657,4.2934732,1.5814477,0.0,1.0,0.0,0.0,0.0,0.0,1.0
63.091156,2.8493648,29.322292,4.7084227,1.9447107,0.45645413,0.18372999,0.13506274,0.10154346,0.04217009,25397.158,-0.004470739,4331.5176,0.02571697,98455.8,0.067400165,106417.83,-545919.25,-1435340.8,356557.3,137264.5,115.40917,29.44017,126.69615,78.30576,19.968882,66.09592,36.55703,95.66293,5.859569,155.57072,70.781334,0.0,38.175278,-1.2571807,68.94151,30.529322,1.0,0.0,8.418788,83.822525,151.7891,2.0,1.7280313,1.0,0.0,1.0,0.0,0.0,0.0,0.0,1.0,0.0,0.0,0.0,0.0,1.0,0.0,0.0,0.0,0.0,0.0,0.0,0.0,0.0,0.0,0.0,0.0,0.0,0.0,0.0,0.0,1.0,0.0,0.0,0.0,0.0,0.0,0.0,0.0,0.0,0.0,0.0,0.0,0.0,0.0,0.0,0.0,0.0,0.0,0.0,0.0,0.0,0.0,102.603386,132.32416,54.67869,6.7600665,9.07654,48.90523,7.617545,7.055402,46.430466,19.482168,15.09287,21.367733,3.4399338,5.5528827,8.19545,73.57062,134.70702,23.402227,76.41104,4.923358,61.409603,0.8069049,1.0905704,3.0924761,1.0624583,1.6726818,91.437965,1251.9338,4.4533834,4.1781054,0.0,1.0,0.0,0.0,0.0,0.0,1.0
57.53109,2.1127586,32.589237,12.358608,4.0752144,-0.28387484,0.10567135,-0.17789634,-0.07907745,-0.049155034,51940.527,0.014808158,6429.5186,0.03798977,118851.44,-0.05245224,164663.14,-274078.56,-1139649.2,182984.47,63337.992,121.82874,62.66877,129.51318,93.80769,50.63277,37.14497,-43.227734,0.7511172,3.572578,150.72086,73.35347,0.0,-63.68152,-1.3907137,58.815872,32.993088,1.0,0.0,9.830422,167.69695,261.7272,2.0,1.7205926,1.0,0.0,0.0,0.0,1.0,1.0,0.0,1.0,0.0,1.0,1.0,0.0,0.0,0.0,0.0,0.0,0.0,1.0,0.0,0.0,0.0,0.0,1.0,0.0,0.0,0.0,1.0,0.0,0.0,0.0,0.0,1.0,0.0,0.0,0.0,0.0,0.0,0.0,0.0,0.0,0.0,0.0,0.0,0.0,0.0,0.0,0.0,0.0,0.0,0.0,-612.1524,114.829285,45.06965,6.2967544,6.0099187,15.25062,7.4912453,4.2758265,9.264232,6.1469665,4.5930367,2.919311,2.8161397,4.2057858,6.4966736,60.08845,169.4551,63.82532,101.79725,11.238448,77.62012,1.08226,1.4137021,2.1108105,0.52964354,-0.4200527,86.77774,520.0512,3.423195,0.9981985,0.0,0.0,1.0,0.0,0.0,1.0,0.0
66.94154,4.579264,26.855019,6.048842,3.4878316,1.4802171,0.18044901,0.12567428,0.06164316,0.080053404,833.5063,0.0064614443,1154.4325,0.012481161,-18217.586,0.022506714,88217.91,78689.78,389044.66,253168.36,77470.625,114.43601,29.029137,117.39705,61.017723,13.0467615,47.94583,29.064203,79.79417,13.993188,156.49954,95.49738,0.0,27.27031,1.2902555,67.28998,39.45749,0.0,0.0,11.324664,72.91503,30.724655,2.0,2.015047,1.0,0.0,1.0,0.0,1.0,1.0,0.0,0.0,0.0,0.0,1.0,1.0,0.0,0.0,0.0,0.0,0.0,0.0,0.0,1.0,0.0,0.0,0.0,0.0,0.0,0.0,0.0,0.0,0.0,1.0,0.0,1.0,0.0,0.0,0.0,1.0,0.0,0.0,0.0,0.0,1.0,0.0,0.0,0.0,0.0,0.0,0.0,0.0,0.0,0.0,-462.1853,152.39636,79.096985,14.503579,16.150347,36.09062,14.194912,10.718688,32.613766,15.275481,16.732203,16.709127,3.29706,4.9954815,4.9877987,58.16087,128.99547,57.14619,52.113453,-6.140571,72.35119,0.8028872,0.9343291,2.0953398,1.340938,1.0864621,75.95975,419.8998,4.304968,4.602274,0.0,1.0,0.0,0.0,0.0,0.0,1.0
71.64607,3.5119264,9.015861,-1.6276982,0.2417385,1.5091193,0.22602677,0.36767814,0.14005627,0.13196802,1432.4995,0.0063442923,2580.064,0.008742877,4815.681,0.13644831,5950.7886,329354.62,-717049.06,148263.31,95614.69,85.42931,45.1081,86.51971,30.1352,21.73778,49.10471,40.46514,71.71224,5.990151,138.95087,12.465107,0.0,39.10832,-1.6274533,64.01963,17.199078,0.0,0.0,11.568233,83.137314,-168.3565,1.0,0.9823407,0.0,0.0,0.0,0.0,0.0,0.0,0.0,0.0,0.0,0.0,0.0,0.0,0.0,0.0,0.0,0.0,0.0,1.0,0.0,1.0,0.0,0.0,0.0,0.0,0.0,0.0,1.0,0.0,0.0,0.0,0.0,1.0,0.0,0.0,0.0,0.0,0.0,1.0,0.0,0.0,1.0,0.0,0.0,0.0,0.0,0.0,0.0,0.0,1.0,0.0,1383.4512,96.51287,52.793003,8.191675,12.953263,55.898285,9.372614,9.219766,54.833145,25.963314,23.280535,28.445307,3.5839736,4.7401376,1.6899018,41.84594,105.52749,72.51297,-21.526525,-17.393246,38.082848,0.75083673,1.2238784,3.8608322,2.1609106,3.1436586,495.1164,714.2703,4.0531545,5.210143,0.0,1.0,0.0,0.0,0.0,0.0,1.0
63.582645,3.4864275,25.526474,9.111774,3.6747055,0.8479905,0.089903556,0.19930877,0.09129626,0.03787244,13560.582,-0.000120765515,5883.487,0.015475938,41596.246,0.015032247,101071.03,-124447.91,-2311901.8,141933.36,45136.76,84.218124,38.91497,55.633312,53.845886,27.541475,27.351376,40.51582,89.56116,7.1189613,153.61148,98.7679,0.0,39.910847,0.36945492,52.30839,41.032925,1.0,1.0,12.058294,198.43979,82.69022,1.0,2.0222783,0.0,0.0,0.0,0.0,0.0,1.0,0.0,0.0,0.0,1.0,1.0,0.0,0.0,0.0,0.0,0.0,0.0,0.0,0.0,0.0,1.0,0.0,1.0,0.0,0.0,0.0,0.0,0.0,1.0,0.0,1.0,1.0,0.0,0.0,0.0,1.0,0.0,1.0,0.0,0.0,1.0,0.0,0.0,0.0,0.0,0.0,0.0,0.0,0.0,0.0,-62.491947,112.00732,67.67341,6.9432554,9.297833,45.67413,8.2650795,5.400194,43.363007,22.146425,16.972628,18.930738,2.5657873,4.256639,3.378439,64.01261,69.786896,-4.655676,-41.44016,-84.48413,81.40165,0.9159066,1.2264656,3.238914,1.4318223,2.024316,313.35132,480.7807,4.676589,3.1397479,0.0,0.0,1.0,0.0,1.0,0.0,1.0
31.526205,-4.96376,67.44426,23.912588,2.5101323,0.74896604,0.06225298,-0.22941415,-0.0010939422,-0.016451998,28774.646,-0.025007593,8930.861,0.015999494,115760.9,-0.023061743,151915.17,-80591.4,-1968925.1,468360.94,75853.33,301.39786,126.96458,168.17484,244.15703,103.68985,86.28924,111.86371,234.825,7.3183966,177.18286,159.54048,0.0,127.65365,-1.3986471,90.75459,53.15267,0.0,0.0,13.75535,25.911411,-132.4074,1.0,2.8386178,1.0,0.0,0.0,0.0,1.0,1.0,0.0,0.0,0.0,1.0,0.0,1.0,0.0,0.0,0.0,0.0,1.0,1.0,0.0,1.0,1.0,0.0,0.0,0.0,0.0,0.0,1.0,0.0,0.0,1.0,0.0,0.0,0.0,0.0,0.0,0.0,0.0,1.0,1.0,1.0,1.0,0.0,0.0,0.0,0.0,0.0,0.0,0.0,1.0,0.0,1032.2395,230.52837,119.79368,7.232063,7.372905,39.144447,7.5056095,6.2054005,38.539875,20.459154,30.300552,37.608692,6.8503366,9.173835,8.311034,62.86042,581.8316,381.55475,44.297913,-59.913525,136.90659,1.4455091,1.9657768,2.8924818,-0.7403549,0.26612964,-139.48009,1109.5355,6.780076,2.098906,0.0,1.0,0.0,0.0,0.0,0.0,0.0
62.35913,6.7458234,48.189922,5.940517,7.2695312,1.113116,0.1488668,0.46027628,0.11175496,0.10236774,-16106.979,0.010718675,-486.606,0.045166686,-33353.13,0.008461197,110504.22,-439871.53,-1021926.9,158279.1,137533.72,85.19222,40.86457,176.85109,54.45147,30.270464,71.4657,-10.142585,22.602764,-0.94386774,178.59718,82.309074,1.0,-14.122371,2.0854914,53.08837,26.866615,1.0,0.0,15.855052,101.71096,25.024977,1.0,1.9907206,0.0,0.0,0.0,0.0,0.0,0.0,0.0,0.0,0.0,0.0,0.0,1.0,0.0,1.0,0.0,0.0,0.0,0.0,0.0,0.0,0.0,0.0,0.0,0.0,0.0,0.0,0.0,0.0,1.0,0.0,0.0,1.0,0.0,0.0,1.0,0.0,0.0,0.0,0.0,1.0,1.0,0.0,0.0,0.0,0.0,0.0,0.0,0.0,0.0,0.0,-223.77266,117.82746,67.13287,-1.1860005,2.4852958,61.044994,1.6453713,-1.4310703,59.0748,22.040514,-3.5832105,-9.402935,2.0456831,3.8935177,5.144395,74.3363,85.89813,21.911715,195.15466,124.64853,24.297483,0.9813319,1.1249505,1.7735771,2.4903593,-0.36514643,562.4893,669.82166,3.6557276,2.3862817,1.0,1.0,0.0,0.0,1.0,0.0,0.0
72.60939,7.8238254,53.24751,7.346767,6.3933916,1.5773861,0.11352635,0.1474987,-0.0038015053,-0.021368751,-2614.7703,0.0075433697,-16.54237,0.016613778,-19182.799,-0.044833206,45153.6,148174.84,-500400.16,167868.75,57073.35,108.53116,37.144985,130.73701,54.177742,17.66108,45.954197,3.7662663,36.539486,-2.9875531,164.6171,66.29173,0.0,0.33970308,1.3205589,61.220577,26.267578,0.0,0.0,12.604706,161.16177,88.755035,3.0,1.7554464,1.0,0.0,0.0,0.0,0.0,1.0,0.0,1.0,0.0,1.0,1.0,1.0,0.0,0.0,0.0,0.0,0.0,0.0,0.0,0.0,0.0,0.0,1.0,0.0,1.0,0.0,0.0,0.0,0.0,1.0,1.0,0.0,1.0,0.0,1.0,1.0,0.0,0.0,0.0,0.0,0.0,0.0,0.0,0.0,0.0,0.0,0.0,0.0,0.0,0.0,-98.48898,106.47882,64.67722,1.7132564,2.3760455,13.384372,1.0123007,-0.97947,10.233905,2.45374,-1.217883,-2.6184714,3.782416,4.9480577,3.217873,32.547115,127.8003,83.36024,100.16813,52.004204,38.701756,0.6429561,0.65782225,1.6477621,1.8708462,1.2764708,177.14578,15.661208,3.3745327,-0.11341984,0.0,1.0,0.0,0.0,0.0,1.0,0.0
49.4204,-0.98750645,70.35864,24.0938,5.570458,0.5735098,0.21043661,-0.12906264,0.04110388,0.090347424,11408.242,-0.007829172,12200.278,0.043361854,136843.94,-0.05512018,72401.41,-409224.34,-3189986.5,388442.12,30363.828,89.10442,45.30107,61.388924,54.696995,32.941315,1.0494244,15.602148,76.03508,0.77028406,164.54416,111.07168,0.0,12.355752,-0.37953398,92.27245,42.494743,0.0,0.0,11.616419,174.73639,23.936024,2.0,2.2516222,0.0,0.0,1.0,0.0,0.0,0.0,0.0,0.0,0.0,1.0,0.0,1.0,0.0,0.0,1.0,0.0,0.0,0.0,0.0,0.0,0.0,0.0,0.0,0.0,0.0,0.0,0.0,0.0,1.0,1.0,0.0,1.0,0.0,0.0,1.0,1.0,0.0,0.0,0.0,1.0,1.0,0.0,0.0,0.0,0.0,0.0,0.0,0.0,0.0,0.0,-150.70517,166.24954,64.710884,2.8636477,0.6096573,10.849111,-0.32506198,-0.21167064,5.9997377,2.5567617,8.06936,8.220392,2.585599,4.7041936,6.9961643,73.44024,96.196815,-7.693864,-14.315689,-92.660645,111.79309,0.8641408,1.2328056,1.7736647,1.4638101,-0.16865563,-200.41872,297.59717,4.5428305,1.4811723,0.0,1.0,0.0,0.0,0.0,1.0,0.0
76.643654,7.5818496,6.214363,-2.662752,-0.45151117,1.0996102,0.012970394,0.20604731,-0.04452011,-0.07371333,-12509.193,-0.0022920598,3292.548,0.007827718,-40937.58,-0.051766694,43933.316,682969.94,-1186645.6,27359.62,25708.004,203.82893,89.462616,221.33493,190.2602,77.69795,189.466,37.923065,85.380516,8.877272,170.11795,64.50007,1.0,41.952198,-0.8054195,47.14812,23.294071,1.0,1.0,11.938735,120.77985,-37.437496,1.0,1.7193807,1.0,0.0,0.0,0.0,1.0,1.0,0.0,1.0,1.0,1.0,0.0,0.0,0.0,0.0,0.0,0.0,1.0,1.0,0.0,1.0,0.0,0.0,1.0,1.0,0.0,0.0,1.0,0.0,1.0,1.0,0.0,1.0,0.0,0.0,0.0,1.0,0.0,1.0,0.0,0.0,1.0,1.0,0.0,0.0,0.0,0.0,0.0,0.0,0.0,0.0,2049.2253,92.008675,68.47331,11.446724,15.8580675,53.802658,14.157649,8.598764,51.532185,31.518866,31.83193,38.718315,4.7614927,5.8052144,2.021151,46.850166,327.59064,244.62383,178.29413,104.59483,71.068436,1.3572106,1.9421457,3.7176712,2.1096823,2.3924801,282.9159,1115.6053,4.991599,2.9748309,1.0,0.0,1.0,0.0,1.0,0.0,0.0
83.01117,-1.9650855,41.963596,13.832906,2.1202521,0.7658753,0.18508182,-0.08159814,-0.022660676,0.0591344,42040.902,0.00043420098,2161.9478,-0.0055741305,55525.65,0.05820134,103251.73,-83165.086,-215704.8,275299.44,93008.39,116.834206,33.87411,36.078903,82.679245,23.62989,-45.880753,56.272457,108.61835,-2.9023166,136.39265,77.209984,0.0,57.217155,-0.7851983,74.391174,40.35833,1.0,0.0,9.506347,145.40656,4.973992,0.0,1.688677,1.0,0.0,0.0,0.0,0.0,0.0,0.0,1.0,0.0,1.0,1.0,1.0,0.0,0.0,0.0,0.0,0.0,0.0,0.0,1.0,0.0,0.0,0.0,0.0,0.0,0.0,0.0,0.0,1.0,0.0,0.0,1.0,0.0,0.0,0.0,0.0,0.0,0.0,0.0,0.0,1.0,0.0,0.0,0.0,0.0,0.0,0.0,0.0,0.0,0.0,-134.32729,153.70996,71.130196,3.0444956,0.31572735,17.55541,1.3078893,3.9462094,17.07706,10.438532,19.16647,22.85171,4.19108,5.720979,6.570879,47.126427,127.00417,57.37086,-58.82276,-89.26559,49.44305,0.8635424,1.0444148,2.7428825,-0.3863423,2.3661706,-61.377518,814.83856,4.6399426,1.7086388,0.0,0.0,1.0,0.0,0.0,0.0,1.0
10.004278,-3.2663534,41.12895,17.702526,0.3365721,0.62491655,0.24390332,-0.035887554,0.24835224,0.18248388,-11541.618,-0.03347822,16508.13,0.029884566,195684.75,-0.0002837337,106175.32,-456719.0,-3556890.8,529689.44,78415.766,157.40068,68.59988,67.990776,114.40785,52.781986,51.495483,120.694244,246.37415,19.192314,163.62477,144.98828,0.0,134.33707,-1.6663013,131.70003,55.346355,0.0,0.0,12.876857,44.293003,-121.267525,2.0,2.6139176,0.0,0.0,1.0,0.0,0.0,0.0,0.0,0.0,0.0,1.0,0.0,1.0,0.0,0.0,0.0,0.0,0.0,1.0,0.0,0.0,0.0,0.0,0.0,0.0,0.0,0.0,1.0,0.0,1.0,1.0,0.0,1.0,0.0,0.0,1.0,1.0,0.0,1.0,0.0,1.0,1.0,0.0,0.0,0.0,0.0,0.0,0.0,0.0,1.0,0.0,-153.84749,199.46104,75.053955,12.56435,17.794634,58.3955,13.54296,9.9879675,56.233345,23.785229,38.92694,50.138218,3.4857569,6.9995103,6.151408,108.775826,261.33597,69.997314,-83.7346,-184.85666,185.89423,1.1705307,2.0540025,4.26563,0.9787612,0.7276305,-120.04002,703.4594,8.517901,4.668874,0.0,1.0,0.0,0.0,0.0,1.0,0.0
86.71926,-3.9046574,56.76595,30.234348,4.0974855,-0.37597087,-0.0240579,-0.28522006,-0.08404288,0.046826553,92648.375,-0.010758077,11865.673,0.019519025,248470.92,-0.11572645,134041.5,-230865.28,-92415.69,355384.66,44346.195,188.75716,93.81335,194.66125,170.00392,85.072014,112.373764,-3.7875702,51.59659,15.279473,199.8288,193.92807,1.0,-5.380205,0.8029198,32.419212,57.512177,1.0,0.0,15.363756,169.46123,156.46951,1.0,3.3492215,1.0,0.0,0.0,0.0,0.0,0.0,0.0,1.0,0.0,1.0,0.0,0.0,0.0,0.0,0.0,0.0,0.0,0.0,0.0,1.0,0.0,0.0,0.0,0.0,1.0,0.0,0.0,0.0,0.0,1.0,0.0,0.0,0.0,0.0,0.0,1.0,0.0,0.0,0.0,0.0,1.0,0.0,0.0,0.0,0.0,0.0,0.0,0.0,0.0,0.0,-834.612,182.69365,112.00805,17.938374,16.258558,39.41777,17.434444,12.330941,38.61451,30.175283,31.667809,31.257504,3.9581134,6.232907,10.094265,71.21828,324.4128,203.80795,213.55652,93.95028,39.345806,1.2322843,1.4341906,-0.4820193,-0.29294294,0.07772724,4.2685404,583.8067,4.390174,4.3934965,0.0,0.0,0.0,0.0,0.0,0.0,1.0
69.9606,-0.15998568,46.098663,11.484705,4.4466558,1.6195132,0.16005318,0.16002008,0.08754171,0.11341263,24589.043,-0.011960475,794.9221,0.002684123,51781.785,0.05921339,39210.785,-266723.0,-2323857.0,124080.336,7578.6504,142.34221,56.62875,76.70964,89.07504,35.84232,27.570732,68.64579,115.31548,-3.6632423,148.64244,52.273487,0.0,75.33557,-1.8494371,70.631096,27.40697,0.0,0.0,11.451726,127.87599,-41.44111,2.0,1.4772978,1.0,0.0,0.0,0.0,1.0,1.0,0.0,1.0,0.0,1.0,1.0,1.0,0.0,0.0,1.0,0.0,0.0,0.0,0.0,1.0,1.0,0.0,0.0,0.0,0.0,0.0,0.0,0.0,1.0,1.0,0.0,1.0,0.0,0.0,0.0,0.0,0.0,1.0,0.0,0.0,1.0,0.0,0.0,0.0,0.0,0.0,0.0,0.0,0.0,0.0,1288.889,129.22684,71.06495,-0.9869738,-0.7446732,25.15292,-1.6085967,-0.055719137,26.254005,10.579543,8.421788,11.170207,5.4730444,6.4153533,3.8301926,24.852245,218.5621,161.63538,-43.856655,-47.485123,50.4133,0.85391,0.9954096,2.8416247,1.1620407,1.294446,231.23523,738.2721,4.634197,3.8830426,0.0,0.0,1.0,0.0,0.0,0.0,1.0
70.68014,-0.10061602,42.199535,17.073626,4.204773,1.5155177,0.1804239,0.14550208,-0.02570978,0.079127066,47776.035,-0.0005874942,-207.41957,0.032056216,81602.43,0.05491511,60116.402,-96073.125,-1232066.0,159654.2,38986.805,155.84206,54.442917,114.94956,98.13827,34.90867,30.828836,41.70889,85.19537,-2.0956423,147.30243,82.68444,0.0,41.621216,-2.4741304,69.93396,38.010555,1.0,0.0,14.252608,202.1163,85.527824,1.0,1.8005596,1.0,0.0,0.0,0.0,0.0,0.0,0.0,1.0,0.0,1.0,0.0,0.0,0.0,0.0,0.0,0.0,0.0,0.0,1.0,0.0,0.0,0.0,0.0,0.0,0.0,0.0,0.0,0.0,1.0,0.0,0.0,0.0,0.0,0.0,0.0,0.0,0.0,0.0,0.0,1.0,0.0,0.0,0.0,0.0,0.0,0.0,0.0,0.0,0.0,0.0,-288.49896,140.04391,73.06694,0.68203527,-0.047363944,23.558014,-0.1410105,1.5663869,26.059647,16.064817,5.35137,0.6072067,4.77046,5.9957857,4.108271,38.968628,243.88454,186.55124,35.135742,1.4140732,34.492413,0.8813228,0.8501595,2.151773,0.91934,-0.045899883,291.08444,858.472,4.4852314,-0.40677315,0.0,0.0,1.0,0.0,0.0,0.0,1.0
71.50504,2.908944,39.188972,6.429337,5.0838532,1.2738291,0.122797936,0.24999325,0.07915931,0.122557126,1568.1165,0.012673159,-145.60127,0.03629898,21260.428,0.06952832,20957.014,-295632.84,-1413396.6,131228.97,64428.773,63.0613,29.619728,96.62394,22.936008,14.025798,39.104797,24.240803,54.93065,3.27338,164.29385,60.836178,0.0,26.96752,-0.46434605,50.198357,24.618212,1.0,0.0,14.629588,130.21611,113.182396,1.0,1.6792488,1.0,0.0,0.0,0.0,0.0,1.0,0.0,1.0,0.0,1.0,1.0,0.0,0.0,0.0,0.0,0.0,0.0,0.0,0.0,0.0,0.0,0.0,1.0,0.0,0.0,0.0,0.0,0.0,1.0,0.0,0.0,0.0,0.0,0.0,0.0,1.0,0.0,0.0,0.0,0.0,0.0,0.0,0.0,0.0,0.0,0.0,0.0,0.0,0.0,0.0,408.24963,114.072845,73.18138,3.9091184,5.552498,40.962807,5.0840564,4.484643,40.10661,19.54703,4.1920657,-0.44158316,2.3410466,3.9074829,3.166314,59.399,46.75077,8.6025715,48.205635,18.6045,38.439022,0.7700029,0.7380136,1.3360075,1.4047211,0.42278698,469.1002,414.9114,3.4878986,0.97521436,1.0,0.0,1.0,0.0,0.0,0.0,1.0
83.92377,-6.91855,81.1829,31.825743,7.346226,2.021298,0.11076655,-0.025920011,-0.09153142,0.074724376,24198.617,-0.0019743843,8203.487,0.021270618,159611.42,0.0057213753,16417.87,-392114.72,-1724012.9,226041.89,19546.355,148.56985,65.6316,97.03495,146.71559,64.12552,-11.622982,22.312422,56.393414,-6.394553,174.39207,87.92325,1.0,25.86772,0.80109555,62.324284,30.100601,1.0,0.0,15.213637,210.03352,-0.8007114,2.0,2.032563,0.0,0.0,1.0,0.0,0.0,1.0,0.0,0.0,0.0,0.0,0.0,1.0,0.0,0.0,1.0,0.0,0.0,0.0,0.0,0.0,0.0,0.0,0.0,0.0,0.0,0.0,0.0,0.0,0.0,0.0,0.0,0.0,0.0,0.0,0.0,0.0,0.0,0.0,0.0,0.0,0.0,0.0,0.0,0.0,0.0,0.0,0.0,0.0,0.0,0.0,205.06136,193.65515,119.03047,-4.4089203,-5.501229,2.9252698,-6.420726,-3.106741,5.709575,8.7915945,0.7030274,-4.1324368,3.9038854,5.1967473,5.3834558,37.601192,218.68134,155.20296,38.993183,-7.3224473,31.681606,1.412243,1.5294019,1.3999352,1.043357,0.5983563,222.93292,423.1455,4.1242137,3.6654239,0.0,0.0,0.0,0.0,0.0,0.0,1.0
77.08347,3.2691503,52.051598,9.056296,3.8062673,0.21451294,0.09048722,-0.21081796,-0.022353722,-0.021128971,31085.346,-0.0018410924,12707.846,0.026458165,181756.66,-0.0361102,120711.86,37548.25,-1963864.2,312015.2,33931.97,102.24808,52.81833,52.939728,63.029587,36.699116,4.6806345,34.031418,84.71372,5.2772775,168.75273,90.80434,0.0,33.81931,2.343158,72.27176,33.20915,1.0,1.0,6.5216537,159.58746,139.72757,2.0,2.0349338,1.0,0.0,0.0,0.0,0.0,1.0,0.0,0.0,0.0,1.0,1.0,1.0,0.0,0.0,0.0,0.0,0.0,1.0,0.0,0.0,0.0,0.0,0.0,0.0,0.0,0.0,1.0,0.0,1.0,0.0,0.0,1.0,0.0,0.0,0.0,1.0,0.0,0.0,0.0,0.0,0.0,0.0,0.0,0.0,0.0,0.0,0.0,0.0,0.0,0.0,81.80121,140.73325,68.894325,6.506999,5.646088,14.900261,5.2185006,4.010046,7.035004,5.360691,17.686174,22.366024,3.4933522,5.313385,6.7032657,62.63766,133.34969,39.84075,-31.335562,-104.40834,111.442474,0.77604765,1.1306543,1.7357259,0.32806683,1.0953351,-247.5721,310.90103,4.5652237,4.0775933,0.0,1.0,0.0,0.0,0.0,1.0,0.0
69.79799,1.998744,72.43885,17.853388,8.0799675,0.85708475,0.07116905,-0.074502066,-0.015871754,0.01816594,15873.425,-0.003959236,8413.422,0.011282097,111304.34,-0.07125366,118214.305,-242780.53,-972355.94,270316.84,61330.52,137.66934,60.877895,85.92119,119.65277,54.99317,-17.481369,29.001616,78.208405,-7.231452,169.94266,90.67919,0.0,32.58121,5.3015428,44.264393,33.001038,0.0,0.0,8.8393545,148.8505,35.7786,2.0,2.020466,1.0,0.0,1.0,0.0,0.0,1.0,0.0,1.0,0.0,1.0,0.0,1.0,0.0,0.0,1.0,0.0,1.0,0.0,0.0,0.0,0.0,0.0,0.0,0.0,0.0,0.0,0.0,0.0,1.0,1.0,1.0,1.0,0.0,0.0,0.0,0.0,0.0,0.0,0.0,0.0,1.0,0.0,0.0,0.0,0.0,0.0,0.0,0.0,0.0,0.0,886.5385,155.05197,87.10515,-4.8981776,-5.299233,3.96795,-6.383069,-6.665925,0.6023991,-2.3944323,-2.1929908,-1.6331261,3.74292,5.018565,6.861146,57.067585,188.67036,97.41349,34.50302,-49.324142,92.286476,1.2665104,1.3387711,1.5070431,1.4106163,0.8726153,-81.72978,436.3079,3.943958,3.4290984,0.0,1.0,1.0,0.0,1.0,1.0,0.0
87.85377,3.6373603,32.630867,9.885834,3.5742967,0.2809415,-0.020540027,0.053848695,-0.067663625,-0.11241059,-319.3172,-0.016482513,3526.2993,-0.027449386,80237.05,-0.12669487,121314.83,-28098.084,-489878.16,277016.1,84221.1,213.83836,62.074642,208.71251,166.2943,46.684204,146.39513,37.163143,93.54276,4.3436947,172.31831,90.86087,0.0,41.56632,2.9082658,20.002337,31.232355,1.0,1.0,8.168038,122.348564,113.67087,0.0,2.0295556,1.0,0.0,0.0,0.0,0.0,0.0,0.0,0.0,0.0,0.0,0.0,0.0,0.0,0.0,1.0,0.0,0.0,0.0,0.0,0.0,0.0,0.0,0.0,0.0,0.0,0.0,0.0,0.0,1.0,0.0,0.0,0.0,0.0,0.0,0.0,1.0,0.0,1.0,0.0,0.0,0.0,0.0,0.0,0.0,0.0,0.0,0.0,0.0,0.0,0.0,13.522913,128.68169,84.45013,7.6283903,11.741398,35.504818,9.680149,1.637382,32.418167,18.48757,14.987498,19.590158,5.565496,7.088664,7.4638686,51.93631,335.49774,236.76028,197.52968,100.895706,65.9604,0.94120616,1.1732634,2.6664839,2.2382584,3.0477953,48.30943,926.3675,4.650156,2.4398463,0.0,1.0,0.0,0.0,0.0,1.0,0.0
79.472244,8.10063,40.20943,5.1297727,5.4401894,1.4239717,0.07592937,0.15033239,-0.001716434,-0.045905963,13977.093,0.010344197,3104.0352,0.022727296,28588.662,0.0062138345,48364.11,231714.42,-916553.3,126830.27,36274.53,109.55918,48.19635,124.63784,50.62913,24.319696,44.44851,-0.6786203,17.678802,-2.4638824,164.15295,52.958843,0.0,-4.159187,1.2510228,49.02863,20.86209,1.0,0.0,12.546253,166.02524,68.31009,0.0,1.5919738,1.0,0.0,0.0,0.0,1.0,1.0,0.0,1.0,0.0,1.0,1.0,0.0,0.0,0.0,1.0,0.0,0.0,0.0,0.0,0.0,0.0,0.0,1.0,0.0,0.0,0.0,0.0,0.0,1.0,1.0,0.0,0.0,1.0,0.0,0.0,1.0,0.0,0.0,0.0,0.0,0.0,0.0,0.0,0.0,0.0,0.0,0.0,0.0,0.0,0.0,424.02994,93.942566,64.77445,1.6892453,3.2734368,16.403042,1.2595574,0.73784447,12.158387,6.2631235,2.7671547,2.0868845,3.8663113,4.6399603,2.8686635,26.44167,151.31197,117.137794,86.24003,45.472153,45.543526,0.6631209,0.7972696,2.021425,2.1618881,1.7457191,184.27112,86.29953,3.2091746,3.3982387,0.0,0.0,1.0,0.0,0.0,1.0,0.0
82.88486,11.850363,13.78243,-4.396614,2.1716685,0.6323565,0.098765165,0.075333714,0.021680668,0.035593256,-1686.1744,0.014749051,503.30762,0.030166661,-10325.092,0.061928097,54701.01,558858.75,846532.94,135806.28,59209.047,108.26106,44.28935,155.16937,38.838177,15.063152,92.46098,28.753063,68.912796,8.796099,169.83664,80.66326,0.0,31.405655,2.0449965,57.94118,29.703829,0.0,0.0,11.066757,115.49391,207.7678,3.0,1.9268976,1.0,0.0,1.0,0.0,1.0,1.0,1.0,1.0,0.0,1.0,1.0,1.0,0.0,0.0,0.0,0.0,0.0,0.0,0.0,1.0,0.0,0.0,0.0,0.0,1.0,0.0,0.0,0.0,0.0,1.0,1.0,0.0,1.0,0.0,1.0,0.0,0.0,0.0,0.0,1.0,0.0,0.0,0.0,0.0,0.0,0.0,0.0,0.0,0.0,0.0,561.8057,81.366165,51.014275,11.495135,16.521502,38.791183,12.569492,9.891912,36.538746,19.216787,21.664124,26.241869,2.9074101,4.512669,4.6635137,45.48382,144.95891,80.33691,126.393814,54.113094,44.74598,0.8210939,0.7452123,1.743758,1.3701091,2.2231133,125.1703,464.82724,4.2840767,3.6590009,1.0,1.0,0.0,0.0,0.0,0.0,1.0
49.26465,4.7321663,25.950459,-0.67812645,-0.07113824,-0.2766056,0.109959655,-0.13153203,0.027215255,0.037838813,28066.115,0.013217442,9403.214,-0.016089862,109222.39,0.03448333,136617.23,579971.8,883091.3,257056.86,163158.52,238.79738,91.40747,171.6501,222.54288,82.15229,75.260056,61.450363,146.8339,8.95465,175.62996,103.29724,1.0,70.30094,0.56018543,57.879314,36.577248,1.0,1.0,5.3766236,4.368208,151.35492,1.0,2.1986313,1.0,0.0,0.0,0.0,0.0,0.0,0.0,0.0,0.0,1.0,0.0,0.0,0.0,0.0,1.0,0.0,0.0,0.0,0.0,1.0,0.0,0.0,0.0,0.0,0.0,0.0,0.0,0.0,1.0,0.0,0.0,0.0,0.0,0.0,0.0,1.0,0.0,1.0,0.0,0.0,1.0,0.0,0.0,0.0,0.0,0.0,0.0,0.0,0.0,0.0,1303.051,157.38637,69.29024,10.123127,11.203499,61.6249,13.234064,5.665738,52.033802,24.928204,35.93396,48.004257,5.4603186,7.2578363,8.593174,60.697647,396.93674,253.06769,111.359856,-5.2100105,117.10991,1.5185076,1.8401209,0.77153707,-1.5125122,2.6766293,-35.372856,1971.4891,6.3383665,2.199213,1.0,1.0,0.0,0.0,1.0,0.0,0.0
69.50732,0.84356374,56.946045,5.7999673,6.4556937,0.53538275,0.07492095,0.26780224,-0.00042905315,0.044603333,-20587.91,0.009222112,1266.5365,-0.015947768,29763.39,0.02598532,135671.23,-357416.03,-1203043.0,107619.695,156958.61,154.6854,65.654564,186.91217,126.52093,51.992046,76.80362,17.212776,65.63834,-10.051015,156.47896,48.329166,0.0,14.544233,2.1576571,23.301588,24.34903,0.0,0.0,12.107872,52.4472,36.199066,1.0,1.4586823,1.0,0.0,0.0,0.0,0.0,0.0,0.0,0.0,1.0,0.0,0.0,0.0,1.0,1.0,0.0,0.0,0.0,0.0,0.0,0.0,0.0,0.0,0.0,0.0,0.0,0.0,0.0,0.0,0.0,0.0,0.0,0.0,0.0,0.0,0.0,0.0,0.0,0.0,0.0,0.0,1.0,0.0,0.0,0.0,0.0,0.0,0.0,0.0,0.0,0.0,531.8619,116.02484,69.54089,-11.459806,-6.8912606,50.602528,-7.079643,-9.415802,45.77574,16.941896,-6.6966267,-8.191218,3.879803,5.2928123,6.291552,56.83535,230.9375,151.8074,182.82419,127.43631,26.677914,1.2503462,1.372236,3.0019908,1.0115213,2.6207204,633.6942,1337.5156,4.2608137,4.4304385,1.0,0.0,0.0,0.0,0.0,0.0,1.0
74.82898,-8.093653,65.39172,35.887924,6.3736835,-0.36687958,-0.014316321,-0.17233805,-0.06895395,0.0077594663,99915.83,-0.025004784,11716.974,-0.02174669,267812.38,-0.230976,176792.33,-419682.1,-1826215.9,239470.97,49469.562,193.63797,79.26323,143.8615,211.54892,87.98751,67.620155,39.120438,96.449394,1.3042438,173.72731,168.09512,1.0,42.11547,0.7609364,2.9134183,58.525463,1.0,1.0,14.645764,112.127815,148.58893,0.0,2.907176,1.0,0.0,0.0,0.0,0.0,0.0,0.0,0.0,0.0,1.0,0.0,0.0,0.0,0.0,0.0,0.0,0.0,0.0,0.0,0.0,0.0,0.0,0.0,0.0,0.0,0.0,0.0,0.0,0.0,1.0,0.0,0.0,0.0,0.0,0.0,1.0,0.0,0.0,0.0,0.0,1.0,0.0,0.0,0.0,0.0,0.0,0.0,0.0,0.0,0.0,935.46063,204.46863,117.72324,7.3345246,3.7561233,40.976562,8.268098,0.20242786,39.90141,26.944603,18.830612,15.685095,3.5723581,5.461237,9.290891,68.99672,291.38257,196.72993,109.324234,34.004166,40.17671,1.5071846,1.7631526,-1.9127083,-0.7663355,1.315286,234.1715,990.213,4.658782,1.1097811,0.0,1.0,0.0,0.0,0.0,0.0,1.0
68.43406,-0.93960047,21.375881,14.161268,3.3138473,2.4837916,0.10300059,0.3925174,0.07898708,0.01726674,39958.18,0.0025732587,4464.049,0.021608852,64413.03,0.032298777,112343.27,429950.25,-1024111.0,175401.1,46915.305,141.86179,77.3828,106.8421,74.001564,48.483784,55.313084,70.48747,106.71934,8.89532,158.12135,75.64532,0.0,80.24948,0.74096763,66.33943,30.586363,1.0,1.0,16.131083,143.2916,66.81952,1.0,1.7875236,0.0,0.0,0.0,0.0,1.0,1.0,1.0,1.0,0.0,1.0,1.0,0.0,0.0,1.0,0.0,0.0,1.0,1.0,0.0,0.0,1.0,0.0,1.0,0.0,0.0,0.0,0.0,0.0,1.0,0.0,0.0,0.0,0.0,0.0,0.0,1.0,1.0,1.0,0.0,0.0,0.0,0.0,0.0,0.0,0.0,0.0,0.0,0.0,0.0,0.0,-89.77457,159.73137,106.07161,10.089367,12.354614,56.778282,12.329381,10.977062,58.484623,32.003204,19.21608,17.945116,4.9215817,5.7644567,0.69414896,23.978903,249.57803,218.62662,18.363815,5.1942973,38.786606,0.7907731,1.0135999,2.292854,1.2617874,1.5837994,664.9145,685.5247,5.1811748,2.9806128,0.0,0.0,1.0,0.0,1.0,0.0,0.0
81.8081,-1.116049,37.821415,12.469311,3.2620912,1.6424572,0.20679487,0.16120265,0.13396291,0.2508103,12019.398,0.009567787,5301.88,0.030955695,64836.95,0.10074255,30028.29,-58041.26,-2042716.5,180384.97,15505.972,35.916443,42.42409,27.392054,-24.356543,14.240977,-3.132769,13.548769,29.469429,2.4975893,164.15675,54.46458,0.0,9.776572,-1.2046641,68.886154,22.608826,1.0,0.0,14.530074,143.15367,-101.90762,1.0,1.622,1.0,0.0,0.0,0.0,1.0,1.0,0.0,0.0,1.0,1.0,1.0,1.0,0.0,1.0,0.0,0.0,0.0,0.0,0.0,0.0,0.0,0.0,0.0,0.0,0.0,0.0,0.0,1.0,0.0,0.0,0.0,1.0,0.0,0.0,0.0,0.0,0.0,0.0,0.0,0.0,1.0,0.0,0.0,0.0,0.0,0.0,0.0,0.0,0.0,0.0,-38.57966,126.39568,73.414635,4.850998,5.2481914,35.88627,5.0486975,6.138305,35.37355,19.996494,14.84289,15.976917,2.842435,4.15614,2.8676655,42.34037,35.610897,20.519182,-78.9324,-78.95679,43.265774,0.56847423,0.67595744,1.5725394,1.3603297,0.95597047,415.71988,225.97873,2.9294255,2.4207525,0.0,0.0,0.0,0.0,0.0,0.0,1.0
69.22784,6.4759903,28.350115,5.454217,2.8981054,1.2764819,0.14630052,0.09909841,0.012747613,0.036284626,6651.6924,0.006649007,3651.2444,0.019062325,32869.016,-0.016137784,23941.568,538068.06,304119.97,126186.24,54367.574,113.83608,44.864044,111.5841,82.97286,33.48493,61.601402,19.401691,62.13478,14.933887,161.41003,89.82455,0.0,15.374546,0.93151367,63.874813,35.603386,0.0,0.0,11.304395,179.96913,11.944096,2.0,2.005384,0.0,0.0,1.0,0.0,0.0,1.0,0.0,1.0,0.0,1.0,0.0,0.0,0.0,0.0,0.0,0.0,0.0,0.0,0.0,0.0,0.0,0.0,0.0,0.0,1.0,0.0,0.0,1.0,0.0,1.0,1.0,1.0,0.0,0.0,1.0,0.0,0.0,0.0,0.0,1.0,1.0,0.0,0.0,0.0,0.0,0.0,0.0,0.0,1.0,0.0,591.8258,123.58194,70.93435,17.259844,19.725657,31.022142,17.502356,10.958195,28.655092,17.664654,20.122923,20.147697,3.267929,4.5117497,2.5200937,37.904816,140.05707,92.08595,27.547558,-23.667868,65.29573,0.99436957,1.1708943,0.31756055,1.9340769,1.5279355,181.54636,121.60525,4.1868405,1.622833,0.0,1.0,0.0,0.0,0.0,0.0,0.0
90.557335,3.10482,53.918507,9.810996,4.5146437,0.5836551,0.06587357,-0.105044834,-0.0726852,0.0011137191,38997.62,-0.003242837,4632.6924,0.007922789,89999.234,-0.023093348,59106.44,155395.03,-893569.9,291329.97,27591.354,139.62811,72.66,166.73125,79.009544,45.310505,85.926315,16.46855,64.55779,-0.41632962,167.13535,76.71902,0.0,15.649396,0.25415802,48.713078,28.672857,0.0,0.0,11.4839,139.1379,305.79056,2.0,1.8707978,0.0,0.0,0.0,0.0,1.0,1.0,1.0,1.0,0.0,0.0,1.0,0.0,0.0,0.0,0.0,0.0,0.0,0.0,0.0,0.0,0.0,0.0,1.0,1.0,0.0,0.0,0.0,0.0,0.0,1.0,0.0,0.0,1.0,0.0,0.0,1.0,0.0,0.0,0.0,0.0,0.0,0.0,0.0,0.0,0.0,0.0,0.0,0.0,0.0,0.0,569.13086,119.72616,69.00339,4.728835,3.8848798,10.286012,3.3783398,2.6688862,8.845918,8.8842325,9.309062,11.040422,4.298113,5.7780256,6.4304814,35.16685,235.00574,160.34064,138.49895,69.2783,64.86285,0.8013442,0.95528656,1.3233893,1.195364,0.9401281,12.172572,356.1931,4.460618,-0.4215005,0.0,0.0,1.0,0.0,0.0,0.0,1.0
79.50754,5.2415404,30.162714,3.0629847,3.2336044,1.0966995,0.109466545,0.2915497,-0.00014323446,-0.01202857,2632.7048,-0.00023052128,5082.8105,-0.015318626,68274.17,-0.040768918,63206.516,443375.72,300010.94,223969.22,91207.41,118.090706,34.38399,163.4332,91.82034,26.88238,88.76762,36.738167,74.8346,1.3870621,162.22948,63.051678,0.0,37.400593,4.2738466,51.375355,26.190954,1.0,0.0,10.745114,136.74576,0.6530978,0.0,1.686207,1.0,0.0,0.0,0.0,0.0,0.0,0.0,0.0,0.0,0.0,0.0,0.0,0.0,0.0,0.0,0.0,0.0,0.0,0.0,0.0,0.0,0.0,0.0,0.0,0.0,0.0,0.0,0.0,1.0,0.0,0.0,0.0,1.0,0.0,0.0,0.0,0.0,1.0,0.0,0.0,0.0,0.0,0.0,0.0,0.0,0.0,0.0,0.0,0.0,0.0,-638.82825,129.1797,80.3114,7.1837926,11.237296,45.67107,7.7120547,1.2604244,43.58967,21.156702,11.81714,12.881811,2.9329226,4.4202857,4.512649,58.61219,120.885025,81.429695,149.03163,88.39485,52.449234,0.9496872,1.098171,1.8800379,2.1719968,3.352637,330.96518,968.1015,4.0432563,-3.7707806,0.0,1.0,0.0,0.0,0.0,1.0,0.0
46.6926,-3.3489144,66.74971,30.78397,5.8622165,2.2399886,0.23181312,-0.17378612,-0.027536321,0.13579977,16789.195,0.0021546318,823.86743,0.0017111372,14734.169,0.18629225,101645.68,-142704.08,764955.5,424145.03,25962.748,231.66058,64.2096,115.870926,188.50815,52.026634,-4.5190773,122.09874,204.7818,2.14419,159.71973,120.0326,0.0,141.52167,5.460167,88.75338,46.48095,0.0,0.0,16.391973,-10.310757,-64.84902,2.0,2.3145962,1.0,0.0,1.0,0.0,0.0,1.0,0.0,0.0,0.0,0.0,1.0,1.0,0.0,0.0,1.0,0.0,0.0,1.0,0.0,1.0,1.0,0.0,0.0,0.0,0.0,0.0,0.0,0.0,1.0,1.0,0.0,0.0,0.0,0.0,0.0,0.0,0.0,1.0,0.0,0.0,1.0,0.0,0.0,0.0,0.0,0.0,0.0,0.0,1.0,0.0,-658.96625,202.17151,94.85134,3.9992723,4.4775524,-16.444563,-1.9443539,-0.7653711,-15.189204,-7.751843,10.567632,11.537812,5.900078,7.7072287,6.913347,53.414516,362.24124,249.74051,19.825226,-39.82337,50.34652,1.4195971,1.6377974,2.7996514,0.7263863,1.3239125,-381.13116,176.01062,7.088291,7.755792,0.0,1.0,1.0,0.0,0.0,0.0,0.0
84.73954,-0.7191374,36.750706,4.9259872,1.4988911,1.6834372,0.18990538,0.090737656,0.08492412,0.15201971,-2596.6826,0.00777244,2075.7031,0.02808806,30474.03,0.12985484,-11027.246,-164812.64,-2684809.0,196000.86,-2460.1917,28.752626,15.814317,30.10248,-31.524054,-7.675788,-0.58762616,46.85647,64.97842,1.7180549,147.8248,-9.973844,0.0,51.022247,-3.6848564,61.3838,5.6801,0.0,0.0,11.293692,135.9205,86.20286,2.0,0.78299046,1.0,0.0,0.0,1.0,0.0,0.0,1.0,1.0,0.0,0.0,1.0,0.0,0.0,0.0,0.0,0.0,0.0,0.0,0.0,0.0,1.0,0.0,1.0,0.0,0.0,0.0,0.0,0.0,1.0,0.0,0.0,0.0,0.0,0.0,0.0,0.0,0.0,0.0,0.0,1.0,0.0,0.0,0.0,0.0,0.0,0.0,0.0,0.0,0.0,0.0,1996.5408,97.81529,57.672462,5.560915,4.5219436,17.309769,2.9870243,4.934444,13.139853,9.086451,18.263552,25.437166,3.0892594,4.427535,1.2090014,34.46305,-24.450968,-34.414276,-56.29635,-49.734222,48.38159,0.4058585,0.5562369,3.113871,1.7010555,2.4574456,49.408638,149.91252,3.7136757,2.7625856,0.0,0.0,1.0,0.0,0.0,0.0,1.0
52.353485,-4.2667794,43.233315,25.150747,4.745907,0.32844374,0.109559685,0.13793,0.027306037,0.013512899,64674.043,0.0008988768,10331.53,-0.010173196,227999.8,-0.10462591,56246.89,-372797.97,-556101.8,328535.1,145510.06,173.02954,62.706074,234.58849,159.21156,60.35574,104.53903,32.383327,88.572266,-1.1888009,158.84265,118.43169,0.0,34.561745,-1.6090908,24.014503,46.805557,1.0,1.0,13.200394,69.21466,85.45976,0.0,2.2466745,1.0,0.0,0.0,0.0,0.0,0.0,0.0,0.0,0.0,0.0,0.0,0.0,0.0,0.0,0.0,0.0,0.0,0.0,0.0,0.0,0.0,0.0,0.0,0.0,0.0,0.0,0.0,0.0,1.0,0.0,0.0,0.0,0.0,0.0,0.0,0.0,0.0,1.0,0.0,0.0,0.0,0.0,0.0,0.0,0.0,0.0,0.0,0.0,0.0,0.0,525.5044,195.60625,99.889595,6.77709,6.792947,59.777615,7.7216716,1.6493225,55.286884,25.05208,11.97031,10.819073,3.4252007,5.1555333,8.634135,63.64758,241.42285,150.75618,293.0373,191.49004,37.06361,1.3347332,1.5924292,1.1945156,0.8473228,2.1263623,446.552,1316.3372,4.8478146,0.77544063,0.0,0.0,0.0,0.0,0.0,1.0,1.0
77.81194,0.57041717,38.0061,5.5967183,2.6484618,1.360664,0.17634852,0.19381793,0.104420416,0.09881335,15751.896,0.0020721855,3551.5825,0.029646767,25233.516,0.06292017,57689.465,-14874.009,-674484.75,309547.94,150410.58,100.17617,31.61276,47.01931,55.438087,18.730951,-20.719774,6.3317556,48.147293,4.9963903,154.415,60.17709,0.0,0.64966244,-2.3388703,69.88257,28.093159,0.0,0.0,11.46303,126.89124,53.470615,2.0,1.6095978,1.0,0.0,1.0,0.0,0.0,0.0,0.0,0.0,0.0,0.0,0.0,1.0,0.0,0.0,0.0,0.0,0.0,0.0,0.0,1.0,0.0,0.0,0.0,0.0,1.0,0.0,0.0,0.0,1.0,0.0,0.0,0.0,0.0,0.0,0.0,0.0,0.0,0.0,0.0,0.0,1.0,0.0,0.0,0.0,0.0,0.0,0.0,0.0,1.0,0.0,91.12644,157.36855,83.25984,6.017913,5.8930798,49.099255,7.7218475,6.7967787,47.873405,20.51996,17.869692,22.63723,3.4016836,5.0760336,4.1649027,56.3849,118.86009,54.50464,-53.80716,-88.14335,58.858257,0.7562124,0.8571336,1.899512,0.3719467,0.96555966,263.89294,744.4359,3.9566104,5.0029163,0.0,1.0,0.0,0.0,0.0,1.0,0.0
71.73656,2.5181322,42.33911,11.863043,1.9552834,0.6816672,0.060910586,-0.13103728,-0.033730157,-0.030872036,37526.793,-0.0031639573,8342.932,0.011651732,77631.914,0.07289694,62107.426,281264.8,-1153243.0,277526.56,49349.71,199.55316,87.50402,104.33179,146.08488,62.84376,43.32937,58.332954,119.912964,4.0583844,167.22395,103.46748,0.0,64.51915,-0.8531492,54.387497,37.428917,1.0,0.0,11.87206,86.34737,-74.41391,2.0,2.163405,1.0,0.0,0.0,0.0,0.0,1.0,0.0,0.0,0.0,1.0,0.0,0.0,0.0,0.0,0.0,0.0,0.0,1.0,0.0,1.0,0.0,0.0,0.0,0.0,0.0,0.0,1.0,0.0,1.0,0.0,0.0,0.0,0.0,0.0,0.0,1.0,0.0,1.0,0.0,0.0,1.0,0.0,0.0,0.0,0.0,0.0,0.0,0.0,0.0,0.0,411.33102,133.73958,79.67521,7.0046554,7.4114,22.741615,6.5849814,7.783842,20.586765,15.8172,27.836353,35.376858,5.763187,7.2757826,5.7115726,42.799652,355.64014,243.51546,-14.004238,-62.917545,80.51516,1.0288258,1.4481757,3.1587281,-0.017817855,2.0963535,-118.60553,384.7528,4.6699567,4.4783263,0.0,1.0,0.0,0.0,0.0,0.0,1.0
83.643265,4.389046,31.679237,0.47204205,3.248838,1.1632154,0.097408004,0.13074541,0.12053193,0.112365186,15924.137,0.0011176235,4503.8774,0.026060363,73587.7,0.015988372,17167.121,249601.1,-486561.66,205060.86,10504.156,66.520996,43.248096,89.83336,-2.6678758,13.096047,57.86607,39.377117,66.56201,9.073494,169.34534,46.239727,0.0,42.798206,0.72586185,61.093792,17.273026,1.0,0.0,12.616334,94.03237,-14.913602,2.0,1.5458289,1.0,0.0,0.0,0.0,0.0,0.0,0.0,1.0,0.0,1.0,0.0,1.0,0.0,0.0,0.0,0.0,0.0,0.0,0.0,0.0,0.0,0.0,0.0,0.0,0.0,0.0,0.0,1.0,1.0,1.0,0.0,0.0,1.0,0.0,0.0,1.0,0.0,0.0,0.0,0.0,0.0,0.0,0.0,0.0,0.0,0.0,0.0,0.0,0.0,0.0,876.68475,110.66556,71.15424,12.4178505,13.595144,35.523075,12.743053,8.501379,32.824673,15.911663,18.305471,21.43818,3.8562834,4.9944606,2.6962197,31.65976,80.36372,53.603874,38.797207,-3.9222322,81.12762,0.49043396,0.5516368,0.3141656,0.69702303,0.59636164,253.286,146.62144,3.9945273,0.7686157,1.0,0.0,1.0,0.0,0.0,1.0,0.0
78.074745,-2.4062831,-5.2490854,3.9614832,-2.5092127,2.815891,0.2171053,0.18460004,0.12017371,0.14119786,4677.2983,0.008139542,1043.5564,0.04237866,2689.3943,0.07887223,120300.65,219249.08,-225184.31,220867.72,44260.664,84.987526,17.051935,17.435682,32.678776,0.07268976,-10.588381,44.939884,62.896416,10.264487,129.90979,-10.363491,0.0,46.30468,-1.0381905,84.23841,11.677716,0.0,1.0,12.114259,54.90608,-50.192516,1.0,0.6528663,1.0,0.0,0.0,0.0,1.0,1.0,0.0,1.0,0.0,1.0,0.0,0.0,0.0,0.0,0.0,0.0,0.0,0.0,1.0,1.0,0.0,0.0,1.0,0.0,0.0,0.0,0.0,0.0,1.0,0.0,0.0,1.0,0.0,0.0,0.0,1.0,0.0,1.0,0.0,0.0,0.0,1.0,0.0,0.0,0.0,0.0,0.0,0.0,0.0,0.0,976.1117,140.37193,77.23569,12.009937,13.25327,40.811703,11.608364,11.22552,40.29403,21.505632,34.75488,43.992596,3.5997138,4.886478,-0.8765053,49.330944,69.007034,44.630955,-84.365326,-103.877365,73.37808,0.6868125,0.9445583,3.5894017,0.74268746,1.6896381,185.48688,1006.37305,4.5843,4.565372,0.0,0.0,1.0,0.0,1.0,0.0,0.0
78.365036,-1.1492358,38.5828,14.649144,2.8678463,1.7289792,0.16006035,0.12652504,-0.017315658,0.007971967,62767.906,-0.0007418836,11976.18,0.0045109587,241122.03,-0.013562864,32185.97,205125.33,101072.2,372865.47,68795.55,98.30842,36.670895,114.796005,62.972454,25.117565,27.580214,41.64603,73.92535,3.2723033,151.87051,62.16346,0.0,43.09247,1.2761794,56.00937,30.1727,1.0,0.0,12.974308,139.98154,-3.5022767,1.0,1.5983918,0.0,0.0,0.0,0.0,0.0,0.0,0.0,0.0,0.0,0.0,0.0,0.0,0.0,0.0,0.0,0.0,0.0,0.0,0.0,0.0,0.0,0.0,0.0,0.0,0.0,0.0,0.0,0.0,0.0,0.0,0.0,0.0,0.0,0.0,0.0,0.0,0.0,0.0,0.0,0.0,0.0,0.0,0.0,0.0,0.0,0.0,0.0,0.0,0.0,0.0,-618.75586,165.56992,93.74708,10.979835,11.402047,25.334179,7.9924974,5.4156456,24.535599,14.466431,14.896335,15.366997,3.2272131,4.6186433,4.1700683,51.38701,102.04405,64.46579,85.882545,32.15547,66.8544,0.8690071,1.116591,1.6566207,1.206419,2.5077662,235.53177,595.6422,4.3110046,-5.5542132e-05,0.0,1.0,0.0,0.0,0.0,1.0,1.0
75.46984,1.1818622,44.568813,9.348652,3.5873504,0.70688325,0.09697439,0.013517343,0.014580633,0.075908765,10299.889,0.020138077,2970.857,0.03772455,58350.69,0.038847774,88975.92,-296311.7,-1393735.2,296244.78,68927.85,83.10809,35.47184,152.1069,46.54962,22.031713,78.35853,-35.662457,5.140807,1.3493102,165.97205,53.421104,0.0,-48.231617,0.31971362,53.259922,20.982744,1.0,0.0,13.390865,144.87912,94.348495,1.0,1.5921278,0.0,0.0,0.0,0.0,1.0,1.0,0.0,1.0,0.0,0.0,0.0,0.0,0.0,0.0,0.0,0.0,0.0,0.0,0.0,0.0,0.0,0.0,1.0,0.0,0.0,0.0,1.0,0.0,1.0,1.0,0.0,0.0,0.0,0.0,0.0,0.0,0.0,1.0,0.0,1.0,1.0,0.0,0.0,0.0,0.0,0.0,0.0,0.0,0.0,0.0,673.2021,122.17998,68.26242,2.8719237,4.102764,28.77009,3.0555186,-1.1498184,24.742357,11.642518,9.252677,13.215677,1.7231988,4.1136026,5.259496,80.7043,83.50359,-7.892312,158.31148,67.1903,55.571144,0.8085927,1.0929042,2.786416,2.278038,0.5142423,56.51141,295.46457,3.4245164,0.31686252,1.0,1.0,0.0,0.0,0.0,1.0,0.0
65.29316,11.634636,26.997042,-1.8748327,-1.0518864,-0.34818742,0.118742,-0.17481528,0.015579285,-0.06964234,89151.16,-0.021041265,25982.543,0.021600233,367803.16,0.04418578,72528.11,466816.0,-101705.11,255442.39,127021.44,247.51471,96.031586,20.905628,209.06006,84.1174,-32.109367,32.56199,115.478935,15.909782,176.62688,150.01242,0.0,34.23794,-3.8570938,100.988594,53.102947,0.0,0.0,9.413127,165.37682,-176.76466,2.0,2.7372243,1.0,0.0,0.0,0.0,0.0,0.0,0.0,0.0,0.0,0.0,1.0,0.0,0.0,0.0,1.0,0.0,0.0,0.0,0.0,0.0,0.0,1.0,0.0,0.0,0.0,0.0,0.0,0.0,0.0,0.0,0.0,0.0,0.0,0.0,1.0,0.0,0.0,0.0,0.0,1.0,1.0,0.0,0.0,0.0,0.0,0.0,0.0,0.0,0.0,0.0,-2678.5984,118.53513,52.487133,12.99095,16.31341,35.987988,15.469466,14.395092,35.151733,22.381365,47.692963,59.564373,6.7685127,8.419912,5.511722,53.013966,464.93408,313.38177,-210.00014,-289.78287,146.14687,1.2504089,1.5165037,4.3110476,-1.3681077,1.7820271,-495.77744,1041.5931,5.9270177,1.918221,0.0,1.0,0.0,0.0,0.0,1.0,0.0
52.783485,2.6768792,38.8891,18.477943,3.3794956,-0.0219301,0.12797606,0.11148931,0.05210724,0.070760086,128540.945,-0.017341355,14088.681,-0.02682654,284097.34,-0.013265083,67950.07,-9901.026,755003.94,199390.86,115293.5,192.31343,62.466366,99.209854,167.76482,56.99832,22.390629,70.479614,138.42024,7.4148593,167.4645,208.78844,0.0,77.94105,-3.2821236,26.688696,75.28086,1.0,0.0,16.606659,96.012566,50.265663,2.0,3.3414161,1.0,0.0,0.0,0.0,0.0,0.0,0.0,0.0,0.0,1.0,0.0,0.0,0.0,0.0,1.0,0.0,0.0,0.0,0.0,0.0,0.0,1.0,0.0,0.0,0.0,0.0,0.0,0.0,1.0,0.0,0.0,0.0,0.0,0.0,0.0,0.0,0.0,1.0,0.0,0.0,0.0,0.0,0.0,0.0,0.0,0.0,0.0,0.0,0.0,0.0,-1418.1976,159.25633,84.073105,13.193749,14.224981,60.562992,15.012288,10.892683,60.570866,33.728855,34.963936,40.829098,5.127101,6.917372,7.510866,63.895683,303.16528,201.23615,-13.304439,-56.63069,26.6859,1.0787064,1.3725941,1.3944426,-1.6836545,2.9444158,206.56306,800.5386,5.8017855,4.332503,0.0,0.0,0.0,0.0,0.0,0.0,1.0
74.69624,-8.477248,28.636856,17.964102,-0.77787733,2.2706184,0.13447712,0.20409308,0.04823839,0.08907068,41910.496,-0.025312027,5723.922,-0.011486292,135117.69,0.04346691,78859.59,-122777.91,-2946504.0,330821.44,20233.766,171.86261,74.22113,102.81812,108.3025,48.8374,64.90243,90.27952,157.5869,1.0295663,137.51599,53.136948,0.0,98.39487,-4.283766,57.39309,31.06447,1.0,0.0,15.06271,92.33321,-147.68976,0.0,1.3857056,1.0,0.0,0.0,0.0,0.0,0.0,0.0,1.0,0.0,1.0,1.0,0.0,0.0,0.0,0.0,0.0,0.0,1.0,0.0,1.0,0.0,0.0,0.0,0.0,0.0,0.0,1.0,0.0,0.0,0.0,0.0,0.0,0.0,0.0,0.0,1.0,0.0,1.0,0.0,0.0,1.0,0.0,0.0,0.0,0.0,0.0,0.0,0.0,0.0,0.0,353.72787,175.65422,107.71675,4.064767,5.82385,43.74117,3.842857,5.913192,47.061573,29.103827,31.990831,42.517056,5.387789,7.2706904,2.5266,49.80715,304.2774,208.75194,-24.6958,-42.67191,74.23668,0.82732034,1.5263304,6.9206038,1.7896116,3.0967312,240.19653,1108.1624,5.615564,1.0428874,0.0,0.0,1.0,0.0,0.0,0.0,1.0
76.55239,2.948624,23.032352,7.032198,2.6860888,1.0657839,0.16457017,0.1288927,0.05840348,0.11116055,26344.926,0.0032220853,2730.8992,0.020220583,23309.953,0.055308044,77310.31,127252.45,-428209.6,200281.03,40898.387,88.54508,35.7558,88.74051,32.31641,14.430411,47.352516,28.04528,65.746544,11.830288,156.32268,95.44707,0.0,24.266703,0.49463865,73.84639,38.815197,1.0,0.0,12.273401,125.622475,65.61602,2.0,2.0220506,0.0,0.0,0.0,0.0,1.0,1.0,0.0,0.0,0.0,1.0,0.0,1.0,0.0,1.0,0.0,0.0,0.0,0.0,0.0,0.0,0.0,0.0,0.0,0.0,0.0,0.0,0.0,0.0,1.0,1.0,0.0,1.0,1.0,0.0,0.0,1.0,0.0,0.0,0.0,0.0,1.0,0.0,0.0,0.0,0.0,0.0,0.0,0.0,0.0,0.0,-275.12344,133.91075,72.38638,13.156185,14.219467,43.658344,13.20624,11.405706,42.10164,23.385235,19.62079,20.133236,3.1300445,4.734201,4.444028,51.488457,99.5029,45.345295,10.612369,-27.926315,57.549885,0.70595473,0.846253,1.2972816,0.6563039,0.86456656,281.67957,505.7893,4.2455745,3.3159301,0.0,0.0,0.0,0.0,0.0,0.0,1.0
64.28147,8.989874,24.461859,9.028357,3.7155492,1.7907178,0.13312587,0.12584218,0.008870273,-0.006611881,-4907.332,0.0134720495,-1686.718,0.029013406,-45718.984,0.05916883,72301.41,365044.4,670784.0,139243.73,40600.86,176.7169,67.96675,164.2836,99.75759,36.182106,69.30953,41.871567,76.02651,2.961316,162.77765,78.813934,1.0,49.041607,3.262299,62.99291,30.037365,0.0,0.0,12.849204,81.11752,44.52296,3.0,1.8660313,1.0,0.0,0.0,0.0,1.0,1.0,1.0,1.0,1.0,1.0,1.0,1.0,0.0,0.0,1.0,0.0,0.0,0.0,0.0,0.0,1.0,0.0,0.0,0.0,1.0,0.0,0.0,1.0,1.0,0.0,0.0,0.0,0.0,0.0,0.0,1.0,0.0,0.0,0.0,0.0,0.0,0.0,0.0,0.0,0.0,0.0,0.0,0.0,0.0,0.0,574.8008,94.35454,56.639805,6.322643,10.819146,13.263853,5.8460536,4.695554,12.371162,7.469737,10.190626,13.103986,5.87028,6.6101847,3.368336,16.2739,297.37204,244.6232,133.72075,78.824005,46.18093,0.8941256,0.9080594,2.4270382,2.2996807,1.748927,-35.83325,400.46298,4.7023954,2.10215,1.0,0.0,1.0,0.0,0.0,1.0,0.0
53.0578,8.437508,30.277552,3.7654006,4.674973,0.37073746,0.08099957,0.052387267,0.05455787,0.04794805,23169.963,0.005486288,4272.9053,0.01632663,91892.42,-0.036893163,120539.734,-153459.16,687734.25,179108.75,103326.75,142.20541,47.364616,185.99167,115.16282,39.62496,88.61148,4.813374,69.36927,5.4207077,169.43921,115.22203,0.0,-0.352615,1.4585263,51.62327,41.336216,1.0,0.0,12.381714,102.0029,152.79462,0.0,2.3103049,1.0,0.0,0.0,0.0,0.0,0.0,0.0,0.0,0.0,1.0,0.0,0.0,0.0,0.0,0.0,0.0,0.0,0.0,0.0,0.0,0.0,0.0,0.0,0.0,0.0,0.0,0.0,0.0,1.0,1.0,0.0,0.0,0.0,0.0,1.0,1.0,0.0,0.0,0.0,0.0,0.0,0.0,0.0,0.0,0.0,0.0,0.0,0.0,0.0,0.0,68.222626,120.08604,64.72285,6.4532948,9.00958,40.842197,8.075936,3.245551,38.695374,15.830209,8.939501,6.509261,2.4088082,4.5891023,5.8467703,76.86257,191.21948,77.03629,186.13292,76.561356,75.46214,1.1687924,1.2512237,1.2328746,0.12807107,0.42815247,242.63693,631.2167,4.497503,0.5250867,0.0,1.0,0.0,0.0,0.0,0.0,1.0
89.994896,1.6157566,36.359047,0.97696227,2.2616096,0.95540464,0.09925349,0.0795976,0.0128214015,0.042565744,-1554.3132,-0.0009323015,4399.4707,0.0133050885,30290.648,0.0075049726,-15441.97,227581.73,-1266555.0,141491.0,19346.115,102.09505,48.218662,138.3765,89.82263,41.64701,102.43959,2.2266831,38.271828,2.9410613,161.02422,17.566477,0.0,-2.1652386,0.7866612,68.27613,11.447944,1.0,0.0,10.108992,180.04015,54.26416,2.0,1.1649525,0.0,0.0,0.0,0.0,1.0,1.0,0.0,1.0,0.0,0.0,0.0,1.0,0.0,0.0,0.0,0.0,0.0,0.0,0.0,0.0,0.0,0.0,0.0,0.0,0.0,0.0,0.0,0.0,1.0,0.0,0.0,0.0,0.0,0.0,0.0,0.0,0.0,1.0,0.0,1.0,1.0,0.0,1.0,0.0,0.0,0.0,0.0,0.0,0.0,0.0,1795.1884,127.57047,76.15826,6.52257,7.709781,35.504765,5.4918647,0.73992825,36.326706,16.143475,16.414701,18.378122,2.275739,3.7713728,2.8828738,57.757713,114.249405,63.51976,85.04169,31.802652,65.24638,1.2032022,1.3259294,1.6927528,1.9578284,1.8624753,242.51634,814.376,3.975217,1.9085263,0.0,1.0,0.0,0.0,0.0,0.0,1.0
45.292454,-4.353787,75.14143,25.879686,8.001706,0.32668138,0.12359297,0.06008211,0.0963007,0.14943616,50667.58,-0.01801873,3861.0657,-0.016430689,139372.23,-0.012817836,89597.37,-968380.9,-2963559.0,192716.08,100106.24,162.09949,54.795795,86.5889,165.29623,57.129185,0.6329365,106.854744,190.08913,-12.525307,158.25177,144.02829,0.0,124.76554,-2.5480528,47.70556,57.629356,1.0,0.0,17.109173,39.251534,11.425314,2.0,2.5676038,1.0,0.0,0.0,0.0,0.0,1.0,0.0,0.0,0.0,0.0,0.0,1.0,0.0,0.0,1.0,0.0,0.0,0.0,0.0,1.0,1.0,0.0,0.0,0.0,0.0,0.0,0.0,0.0,1.0,0.0,0.0,0.0,0.0,0.0,0.0,0.0,0.0,0.0,0.0,0.0,1.0,0.0,0.0,0.0,0.0,0.0,0.0,0.0,0.0,0.0,116.55871,175.16681,82.28332,-10.415679,-11.948146,44.84406,-9.929019,-10.423569,45.380337,13.425899,3.1424685,1.9908723,3.9966924,6.2268414,7.5537953,78.20488,215.8729,92.07315,4.4408283,-36.060837,39.436172,1.3600949,1.6988764,2.1281142,-1.7800465,1.0930065,319.42142,969.8361,6.49831,5.7487354,0.0,0.0,1.0,0.0,0.0,0.0,1.0
68.3032,4.9118237,24.585907,4.649987,3.3009617,0.42400518,0.088105656,0.13751447,0.09378481,0.06059159,-4631.093,0.0038718646,1034.4612,0.02853069,8608.05,0.021718966,87095.26,-2296.087,-998411.9,124495.09,63722.664,129.52408,60.51084,163.76018,68.78572,33.899418,116.26871,19.695276,52.53769,4.4557996,165.27646,56.625572,0.0,19.42396,0.6906309,50.13128,20.92565,1.0,0.0,11.947913,78.60192,154.05766,2.0,1.6501431,1.0,0.0,1.0,0.0,1.0,1.0,0.0,1.0,0.0,1.0,1.0,1.0,0.0,1.0,0.0,0.0,0.0,1.0,0.0,0.0,1.0,0.0,1.0,0.0,0.0,0.0,0.0,0.0,1.0,1.0,0.0,0.0,0.0,0.0,0.0,1.0,0.0,0.0,0.0,0.0,0.0,0.0,0.0,0.0,0.0,0.0,0.0,0.0,0.0,0.0,742.561,88.793236,48.783638,6.5683794,10.565519,45.83694,10.015117,5.2856026,42.664394,19.257334,13.041634,16.872942,3.8169098,5.0201983,4.2678447,44.21751,202.07518,146.87549,135.07076,83.56808,29.235971,0.7595054,0.87644756,1.4579128,1.4586494,1.196502,313.56314,425.46594,3.769578,2.8522863,1.0,0.0,1.0,0.0,0.0,1.0,0.0
76.491425,10.301101,0.24192962,8.447666,0.75473475,1.4599427,0.17098625,0.13084988,-0.0031188433,0.07253313,19252.094,0.016176188,1389.7736,0.029325629,-19224.896,0.042910717,41229.098,541069.3,-477347.5,11449.521,543.2529,156.99628,57.54304,137.49257,96.736694,31.49106,88.93354,26.635155,55.86134,7.578503,152.35101,118.771706,1.0,25.803238,-2.2875445,54.673214,48.30993,1.0,1.0,11.816838,142.32278,102.640724,1.0,2.2240055,1.0,0.0,0.0,0.0,1.0,1.0,0.0,1.0,0.0,1.0,0.0,0.0,0.0,0.0,1.0,0.0,0.0,0.0,1.0,1.0,0.0,0.0,1.0,0.0,0.0,0.0,0.0,0.0,1.0,1.0,0.0,0.0,0.0,0.0,0.0,1.0,0.0,0.0,1.0,0.0,0.0,0.0,0.0,0.0,0.0,0.0,0.0,0.0,0.0,0.0,869.33575,72.289635,34.409904,13.161369,13.668251,31.114319,12.924337,11.446489,31.150127,22.688604,29.888329,33.031536,5.0956664,5.897489,2.2559266,39.412388,244.26515,200.87172,82.926544,40.864563,49.89782,0.79999787,0.9492022,3.131833,1.4068856,1.5854174,-30.163214,906.85626,4.363213,1.4134135,1.0,0.0,1.0,0.0,1.0,0.0,0.0
84.677376,5.5088606,36.691746,3.3693004,4.2906437,1.0832891,0.088019654,0.10209096,0.0063124746,0.018123206,-268.60257,0.0064145876,1309.5173,0.008571099,8515.036,0.026388446,50732.156,-30297.705,-528237.44,125254.62,40993.426,97.788055,27.350983,108.23934,72.90371,18.362759,42.326435,40.664146,69.31099,-1.7792658,154.80495,43.198917,0.0,42.92777,2.554873,50.47714,22.049503,1.0,0.0,12.92848,121.29337,-4.152613,1.0,1.425688,1.0,0.0,0.0,0.0,0.0,1.0,0.0,1.0,1.0,0.0,1.0,0.0,0.0,0.0,0.0,1.0,0.0,0.0,0.0,0.0,0.0,0.0,1.0,0.0,0.0,0.0,0.0,0.0,0.0,0.0,0.0,0.0,0.0,0.0,0.0,0.0,0.0,0.0,0.0,0.0,0.0,0.0,0.0,0.0,0.0,0.0,0.0,0.0,0.0,0.0,28.22287,92.335266,61.64327,1.5370147,3.861795,20.254385,0.28438592,-0.89521503,16.961351,7.1201363,6.704463,6.7730455,3.200725,4.61168,3.0679073,51.006477,90.09045,49.428467,70.929344,24.47382,47.698235,0.99570787,1.0103283,1.5963159,1.3087344,2.3734572,179.41231,554.74695,4.128988,3.5733464,0.0,1.0,0.0,0.0,0.0,0.0,1.0
80.382835,5.838848,29.734606,4.346244,3.4119763,1.3259418,0.15722004,0.07543112,0.021803394,0.13375674,45983.086,0.0093895495,184.85423,0.038855348,107805.64,0.10587721,12157.01,-310751.72,137863.05,13868.962,20003.418,115.71339,21.291819,94.70317,89.13494,18.415995,30.622835,13.100585,36.06191,12.795095,162.45343,96.93678,0.0,11.180992,-3.3256545,42.162037,36.639233,1.0,0.0,12.25942,141.136,30.52304,0.0,2.051165,1.0,0.0,0.0,1.0,0.0,0.0,0.0,1.0,1.0,0.0,1.0,0.0,0.0,0.0,0.0,0.0,0.0,0.0,0.0,1.0,1.0,0.0,0.0,0.0,0.0,0.0,0.0,0.0,0.0,0.0,0.0,0.0,0.0,0.0,0.0,0.0,0.0,0.0,0.0,0.0,1.0,0.0,0.0,0.0,0.0,0.0,0.0,0.0,0.0,0.0,628.5538,121.02149,73.36249,13.1620245,14.071815,24.798609,13.066604,13.432294,22.837189,17.225704,18.544281,16.115543,4.0306034,5.230053,4.805992,37.88151,126.26493,88.64021,-4.9444175,-25.430893,41.447823,0.9300704,0.948954,0.66711783,0.79685235,-0.15466662,59.778255,543.2811,3.2868254,4.67399,0.0,0.0,1.0,0.0,0.0,0.0,1.0
83.80332,1.5453802,51.19123,11.221199,4.45136,1.6844264,0.15681517,0.11372435,0.024474027,0.065361895,14150.7295,-0.005013178,7112.0933,0.008289642,118436.53,-0.0039875065,57456.055,227313.83,-1127978.1,302204.6,19041.234,104.821335,48.44628,104.16708,35.838207,19.846552,50.598072,37.815453,72.401665,-0.39782876,163.4445,52.880287,0.0,38.89623,2.7459998,81.68673,22.3335,1.0,0.0,11.206068,167.91887,-16.348318,2.0,1.6006417,1.0,0.0,0.0,0.0,0.0,1.0,0.0,0.0,0.0,0.0,0.0,1.0,0.0,0.0,0.0,0.0,0.0,0.0,0.0,0.0,0.0,0.0,0.0,0.0,0.0,0.0,0.0,0.0,1.0,0.0,0.0,0.0,0.0,0.0,1.0,0.0,0.0,0.0,0.0,0.0,0.0,0.0,0.0,0.0,0.0,0.0,0.0,0.0,0.0,0.0,-643.68646,137.80594,77.45454,4.2576175,5.5966377,18.289654,2.2071488,0.9562262,16.71111,7.983596,7.9383945,9.961378,4.1848187,5.4404945,4.2489324,37.87436,149.27605,114.606514,39.753254,3.7443807,48.16162,0.55526024,0.7301331,2.2043605,2.4281979,1.8935983,119.18153,338.96533,4.188922,1.0148721,0.0,1.0,0.0,0.0,0.0,1.0,0.0
66.41918,9.4891815,40.49414,2.5405467,5.076834,0.87494797,0.143268,0.04345827,0.074773155,0.06872898,3554.4783,0.014375011,2746.2485,0.017595006,14295.605,0.018820064,102286.89,42284.676,-1049958.6,99738.45,53729.195,87.220314,33.54534,73.322075,40.275707,14.14502,-3.376478,3.3682907,26.334743,-8.109079,156.9061,42.58595,0.0,-0.30225867,2.2714071,52.627434,20.936575,0.0,0.0,9.185957,104.9074,92.05364,1.0,1.4363173,1.0,0.0,0.0,0.0,0.0,1.0,0.0,1.0,0.0,1.0,1.0,1.0,0.0,0.0,1.0,0.0,0.0,0.0,0.0,0.0,0.0,0.0,0.0,0.0,0.0,0.0,0.0,1.0,1.0,1.0,1.0,1.0,0.0,0.0,0.0,1.0,0.0,1.0,1.0,0.0,1.0,0.0,0.0,0.0,0.0,0.0,0.0,0.0,0.0,0.0,923.4479,63.978985,28.822062,-5.0057178,-3.712508,12.74768,-5.5594406,-5.814105,5.682288,-1.6667739,1.8830202,5.543102,3.3825202,4.5360913,3.9202847,49.247208,82.41292,39.861923,22.634115,-13.156183,53.41447,0.7042915,0.81556946,2.117457,1.1460259,1.9961382,-12.445748,456.1685,3.0669575,3.1313522,0.0,1.0,1.0,0.0,0.0,0.0,0.0
80.052505,2.5919545,46.716915,9.445712,4.3678756,1.2785559,0.13154154,0.09289727,0.024242476,0.049334366,3470.9858,0.00320104,2543.5352,0.030112326,-5002.208,-0.0033418469,66372.445,8694.378,-896636.25,257421.9,47804.293,88.860855,41.533363,77.83487,33.916046,20.403988,16.127384,1.1707392,28.813654,2.7343566,166.819,68.30458,0.0,-3.0520601,0.9456169,70.65358,25.768694,0.0,0.0,10.461599,175.77328,1.2825109,2.0,1.7759029,0.0,0.0,1.0,0.0,1.0,1.0,1.0,1.0,0.0,1.0,0.0,1.0,0.0,0.0,1.0,0.0,0.0,0.0,0.0,0.0,0.0,0.0,0.0,0.0,0.0,0.0,0.0,0.0,1.0,0.0,0.0,1.0,1.0,0.0,1.0,0.0,0.0,0.0,0.0,0.0,1.0,0.0,0.0,0.0,0.0,0.0,0.0,0.0,0.0,0.0,-143.68686,137.2356,79.038826,6.5883493,6.240202,26.081455,5.1580057,4.2974076,23.939577,11.15874,11.779211,14.29968,3.7754292,5.077588,4.7707148,43.268234,100.77015,49.349533,12.148833,-41.54764,73.707726,0.6383749,0.75053054,1.8256176,1.8750404,0.62268376,93.70396,365.26068,3.4661589,2.6388898,1.0,1.0,0.0,0.0,1.0,0.0,0.0
58.356792,0.6746635,36.964954,3.7687109,-0.020826047,2.824791,0.20158243,0.31587815,0.1330931,0.08489449,21014.033,-0.015299679,4619.294,0.009682997,5803.505,0.13902354,-3561.021,458294.25,-2200572.5,204806.52,36636.02,160.33531,76.17488,33.110924,94.8154,48.964622,11.571332,114.109436,177.31499,4.9382653,156.19046,59.578297,0.0,129.2265,-4.874081,98.551155,26.434168,1.0,0.0,12.487515,112.2405,-104.110634,2.0,1.6108756,1.0,0.0,0.0,0.0,0.0,1.0,0.0,1.0,0.0,1.0,0.0,1.0,0.0,1.0,0.0,0.0,0.0,1.0,0.0,1.0,0.0,0.0,1.0,0.0,0.0,0.0,1.0,0.0,1.0,0.0,0.0,1.0,0.0,0.0,0.0,0.0,0.0,1.0,0.0,0.0,0.0,0.0,0.0,0.0,0.0,0.0,0.0,0.0,0.0,0.0,759.1464,157.0829,94.25689,7.7365317,8.68715,49.02644,7.198032,11.218094,51.15255,25.348906,35.208794,47.987125,6.7686496,7.7656393,0.614289,14.367675,290.92264,219.38837,-166.61745,-152.47192,76.824135,0.7547804,1.1164925,4.883625,0.53878045,2.7563155,256.36398,915.33014,5.9703875,3.0310624,0.0,0.0,1.0,0.0,0.0,0.0,1.0
30.815998,-2.7821896,25.333344,7.6294193,1.0489459,2.958243,0.1485837,0.32707655,0.1756381,0.14821924,-44634.88,0.01706846,2846.7593,0.016928762,-80484.32,0.40986356,76261.35,460359.78,-962909.0,354037.47,95532.64,235.73393,84.41854,121.853645,214.24464,74.07412,73.46162,157.83029,251.13412,8.507855,155.74657,42.972042,0.0,183.1555,2.6117492,80.390495,21.073347,0.0,0.0,15.290951,-37.930473,-129.5928,1.0,1.4144893,1.0,0.0,1.0,0.0,1.0,1.0,0.0,1.0,0.0,1.0,0.0,0.0,0.0,0.0,0.0,0.0,0.0,1.0,0.0,1.0,0.0,0.0,0.0,0.0,0.0,0.0,1.0,0.0,1.0,1.0,0.0,0.0,0.0,0.0,0.0,1.0,0.0,1.0,0.0,0.0,1.0,0.0,0.0,0.0,0.0,0.0,0.0,0.0,0.0,0.0,538.2667,196.11523,122.10064,3.4517994,11.386104,72.53382,4.764372,4.327696,70.77623,25.885397,29.038223,39.85065,5.640316,7.918569,1.5480385,65.83742,396.2649,253.46655,-32.80211,-97.92562,122.148865,1.6254798,2.2131813,4.6626024,1.264863,2.4074378,370.9433,1493.3668,7.81891,5.563766,0.0,1.0,0.0,0.0,1.0,0.0,0.0
80.328804,3.20039,27.419096,7.036857,2.885794,1.3880322,0.115249395,0.15783665,0.058939766,0.07058834,31501.373,0.004011266,4443.4453,0.03486465,69448.38,0.053500444,36677.562,77864.03,-1394526.2,179021.56,33452.387,105.57646,47.010303,115.93358,60.52708,26.086103,60.108997,35.509502,66.48666,2.8571906,154.492,61.6367,0.0,38.98895,0.025861954,67.79382,28.584682,1.0,0.0,13.775489,150.76472,-13.344416,1.0,1.6125399,1.0,0.0,0.0,0.0,1.0,1.0,0.0,1.0,0.0,1.0,0.0,1.0,0.0,0.0,1.0,0.0,1.0,0.0,0.0,0.0,0.0,0.0,0.0,0.0,0.0,0.0,0.0,0.0,1.0,1.0,1.0,0.0,0.0,0.0,0.0,1.0,0.0,0.0,0.0,0.0,0.0,0.0,0.0,0.0,0.0,0.0,0.0,0.0,0.0,0.0,718.94824,112.19682,68.88072,3.772516,5.9238386,37.76021,2.8229063,4.2601824,37.150757,19.140652,13.702574,12.683798,3.1891677,4.5243945,3.6488566,52.986664,130.53906,80.06397,63.288666,23.81971,40.909374,0.85726595,1.1219105,2.7276995,1.1369263,0.9254832,246.15843,595.346,4.277164,4.3052535,0.0,0.0,1.0,0.0,0.0,0.0,1.0
92.43615,4.2286167,33.765427,7.2403326,2.760087,1.342611,0.10054503,-0.03377372,-0.044310037,-0.013703039,34102.625,0.012876573,10723.682,0.020262012,159958.45,0.05373548,27044.281,758167.3,1459769.0,274178.28,80866.33,139.11813,53.52624,93.45394,97.72724,36.698467,4.442524,29.062948,66.32958,10.03626,154.82883,84.33792,0.0,26.004246,3.9573529,60.395973,36.49746,0.0,0.0,8.943429,134.7512,-93.37484,2.0,1.8776866,1.0,0.0,0.0,0.0,0.0,0.0,0.0,0.0,0.0,0.0,0.0,0.0,0.0,1.0,1.0,0.0,0.0,1.0,0.0,0.0,0.0,0.0,0.0,0.0,0.0,0.0,0.0,0.0,1.0,0.0,0.0,0.0,0.0,0.0,1.0,0.0,0.0,0.0,0.0,0.0,1.0,0.0,0.0,0.0,0.0,0.0,0.0,0.0,0.0,0.0,-616.64966,143.46803,86.83217,12.524789,14.455871,19.15446,12.507725,8.713156,16.132397,13.115937,18.831232,19.772253,4.044178,5.1859136,4.157435,41.123146,207.19698,159.05635,21.052212,-37.548214,88.96488,1.0577117,1.1102889,0.5929312,0.6576096,1.9474783,-19.86004,313.75885,4.149356,0.34819704,0.0,1.0,0.0,0.0,0.0,1.0,0.0
69.34403,11.1006565,21.543652,-7.0886083,3.0303354,1.6040273,0.17038088,0.21486892,0.10580083,0.073850684,5365.4644,0.01408026,2159.7688,0.01614314,30567.291,0.02325142,63014.645,243271.0,794699.94,134358.48,65935.86,53.72148,12.389703,92.09997,6.326774,-3.692152,39.190533,12.729775,50.707054,4.168332,153.27196,52.305264,0.0,8.672531,1.6479747,65.365616,25.6633,1.0,0.0,9.331597,176.75394,56.966732,3.0,1.5350837,0.0,0.0,0.0,0.0,1.0,1.0,0.0,1.0,1.0,1.0,0.0,1.0,0.0,0.0,0.0,0.0,0.0,0.0,0.0,0.0,0.0,0.0,0.0,0.0,0.0,0.0,0.0,0.0,0.0,0.0,1.0,0.0,0.0,0.0,1.0,1.0,0.0,0.0,0.0,0.0,0.0,0.0,0.0,0.0,0.0,0.0,0.0,0.0,0.0,0.0,79.68895,94.132614,51.914577,7.219817,10.200631,31.796871,6.593314,3.4115157,26.942598,8.431293,11.913926,14.789624,2.6014862,4.094278,2.6298897,55.527523,0.89310485,-45.310158,34.761913,-20.108086,69.49391,0.52873486,0.7245701,2.6330616,2.0185454,1.8790487,123.309,359.80334,3.8772354,0.99549985,0.0,1.0,0.0,0.0,0.0,1.0,0.0
78.41662,4.502944,55.378654,12.670481,4.5620766,-0.38598606,0.011361437,-0.22877268,-0.09316359,-0.091494784,59795.645,-0.00036096812,5686.2627,-0.01483464,97367.2,-0.06500622,148777.92,30851.81,165103.77,219304.66,126899.73,206.9799,67.9635,113.7784,178.93419,57.99504,-1.2915903,39.84666,94.589,-7.6995463,170.59291,143.62593,1.0,45.018906,0.37304822,32.898193,50.403866,1.0,1.0,8.930343,94.00258,170.68788,1.0,2.6217353,1.0,0.0,0.0,0.0,0.0,0.0,0.0,1.0,0.0,1.0,1.0,1.0,0.0,0.0,1.0,0.0,0.0,0.0,0.0,0.0,0.0,0.0,0.0,0.0,0.0,0.0,0.0,0.0,1.0,0.0,0.0,0.0,0.0,0.0,0.0,1.0,0.0,0.0,1.0,0.0,0.0,0.0,0.0,0.0,0.0,0.0,0.0,0.0,0.0,0.0,564.61615,140.59239,74.34727,-0.67344874,-3.545805,23.36533,0.35053596,-0.49792266,18.638432,10.705761,18.090782,24.840874,5.46103,6.8601003,9.472082,50.865585,323.39746,219.51682,69.34608,-10.7906685,65.350204,1.1520752,1.2135475,0.38516423,-1.8492692,2.4716854,-130.9595,1088.4387,4.579204,5.6597905,0.0,1.0,0.0,0.0,0.0,1.0,0.0
75.98137,3.6912382,62.09922,10.413573,5.4499507,0.37743884,0.046812866,-0.02560578,-0.03996517,-0.014980241,4694.474,-0.0060471953,5300.0366,0.005416569,41006.45,-0.0070107463,62092.176,-94725.22,-1795385.4,226763.64,41533.254,131.61064,55.508892,153.00845,112.87065,46.687244,91.146164,28.768034,86.865166,-3.2822165,168.26501,91.441666,0.0,29.991463,3.564068,54.423485,33.61464,0.0,0.0,12.806667,181.87013,109.873024,2.0,2.0458343,0.0,0.0,0.0,0.0,1.0,1.0,0.0,1.0,0.0,1.0,0.0,1.0,0.0,0.0,0.0,0.0,0.0,1.0,0.0,0.0,0.0,0.0,1.0,0.0,0.0,0.0,0.0,0.0,0.0,1.0,1.0,0.0,0.0,0.0,0.0,0.0,0.0,1.0,0.0,1.0,0.0,0.0,1.0,0.0,0.0,0.0,0.0,0.0,0.0,0.0,425.19904,117.77852,68.79274,-1.1483183,0.7367332,20.131563,-2.654199,-4.756001,19.169916,8.305054,8.254899,11.611093,2.789233,4.7846556,5.696847,66.85367,172.41449,77.44853,118.71312,40.94741,51.993145,1.1861237,1.354358,2.5248356,2.0546403,2.2791429,51.630657,334.31116,4.5596824,3.45961,0.0,1.0,0.0,0.0,0.0,0.0,1.0
59.514256,-10.234707,31.451942,25.471378,0.18317622,1.3190496,0.12727568,0.099222116,0.037566558,0.04988515,91865.52,-0.029220764,6057.2266,0.002133359,175147.48,-0.025822176,51068.39,-158280.42,-3787606.5,252667.69,13704.803,212.64227,108.36837,125.55373,143.55197,77.18494,84.74559,101.95147,174.93343,0.061448883,133.3301,78.05497,0.0,111.508354,-8.937256,59.323116,41.178616,1.0,0.0,16.90028,83.754875,-147.3854,1.0,1.6462927,1.0,0.0,0.0,0.0,1.0,0.0,0.0,1.0,0.0,1.0,1.0,0.0,0.0,0.0,0.0,1.0,0.0,1.0,0.0,1.0,1.0,0.0,0.0,0.0,0.0,0.0,1.0,0.0,0.0,1.0,0.0,1.0,0.0,0.0,0.0,1.0,0.0,1.0,1.0,0.0,1.0,0.0,0.0,0.0,0.0,0.0,0.0,0.0,0.0,0.0,1166.2539,184.69113,99.33378,5.0059357,3.4417975,53.111137,6.202957,8.481785,56.421993,32.13372,29.996792,33.923615,6.4679456,7.9385166,3.7098515,31.415796,418.39203,315.16632,-12.990951,-27.051203,51.401546,0.86109793,1.586308,4.438765,-0.29046583,1.1443514,414.4081,1239.2565,5.6625996,-0.17441739,0.0,0.0,1.0,0.0,0.0,0.0,1.0
71.61218,2.4978838,42.527752,6.619803,4.7161613,1.0770044,0.0910167,0.100072734,0.021303408,0.022685468,18847.83,0.0089435605,1210.4696,0.029440885,78478.125,-0.023098411,118481.23,-467532.22,-1507896.4,180826.22,63096.863,100.99465,36.461308,134.1953,80.12378,29.622446,55.733288,-12.174871,26.988022,-4.126302,159.17662,25.45926,0.0,-17.78838,0.63790154,59.31176,14.2295885,1.0,0.0,13.282451,101.78898,61.144917,0.0,1.2449566,1.0,0.0,0.0,0.0,1.0,1.0,0.0,1.0,1.0,0.0,1.0,0.0,0.0,0.0,0.0,0.0,0.0,0.0,0.0,0.0,0.0,0.0,1.0,0.0,0.0,0.0,0.0,0.0,0.0,1.0,0.0,0.0,0.0,0.0,0.0,0.0,0.0,0.0,0.0,0.0,0.0,1.0,0.0,0.0,0.0,0.0,0.0,0.0,0.0,0.0,1101.6454,115.531456,66.60451,-2.9871426,-0.18659337,23.408007,-2.0553262,-4.0428767,21.22278,7.454646,0.3796958,1.8215348,2.4408197,4.308368,4.748913,64.1635,106.421425,19.33635,112.1378,40.7556,39.40148,0.97159976,1.2742546,3.2249298,2.0993805,0.49713883,157.6571,612.634,3.5669358,1.2422291,0.0,1.0,0.0,0.0,0.0,0.0,1.0
79.71568,6.8399363,24.534084,11.8397255,4.231528,1.5577177,0.11505114,0.11523695,-0.052115425,0.0003426138,32285.055,0.017446376,705.8267,0.03744154,23570.51,0.0059900964,119630.87,233651.45,364241.84,219070.44,33020.816,134.28572,56.551723,145.07585,37.95118,18.606855,56.10528,10.01337,36.37378,8.608898,172.94417,105.98571,0.0,8.804116,1.2256389,47.73342,35.5639,1.0,0.0,12.874281,160.82655,201.66325,1.0,2.206102,1.0,0.0,0.0,0.0,1.0,1.0,0.0,1.0,0.0,1.0,1.0,0.0,0.0,0.0,1.0,0.0,1.0,0.0,1.0,0.0,1.0,0.0,1.0,0.0,0.0,0.0,0.0,0.0,1.0,0.0,0.0,0.0,0.0,0.0,0.0,1.0,0.0,0.0,0.0,1.0,0.0,0.0,0.0,0.0,0.0,0.0,0.0,0.0,0.0,0.0,-916.62274,113.1224,70.81361,11.869049,12.471068,16.21359,11.857461,11.523437,14.370265,15.855838,10.882652,8.589031,4.9589148,5.871949,4.5983815,34.940533,231.78905,179.38753,117.81818,64.65099,35.16498,0.45643362,0.41457757,2.4475813,1.7175474,0.55742013,104.647224,75.92725,3.2483313,2.3003836,1.0,0.0,1.0,0.0,0.0,0.0,1.0
77.58086,1.3516405,49.31305,8.802659,4.547428,0.3453721,0.064454034,-0.011897071,0.08263447,0.088366635,11836.5625,-0.0047937403,6742.327,0.019009952,113363.5,-0.024781898,61180.086,-311673.12,-2878595.8,204595.05,47826.88,119.69278,63.03736,103.98444,80.0946,43.76528,46.573147,16.226242,54.573124,-1.4955212,168.78442,59.43435,1.0,17.728802,-0.03476014,53.85944,23.11964,0.0,0.0,9.9391365,158.26474,64.10206,2.0,1.6765809,1.0,0.0,0.0,0.0,1.0,1.0,0.0,1.0,0.0,1.0,0.0,1.0,0.0,0.0,1.0,0.0,1.0,0.0,0.0,0.0,1.0,0.0,0.0,0.0,0.0,0.0,0.0,0.0,1.0,1.0,1.0,1.0,0.0,0.0,0.0,1.0,0.0,0.0,0.0,0.0,0.0,0.0,0.0,0.0,0.0,0.0,0.0,0.0,0.0,0.0,1211.1178,116.257454,66.80414,-1.1722517,-0.37909624,29.337507,-0.73041046,-3.4811587,26.055779,9.943291,8.00875,11.06525,4.0631647,5.3457313,5.6945505,42.546124,175.84984,113.196,47.736313,-5.88377,76.938484,0.88519967,1.0597792,1.7088609,1.2490487,0.6531529,62.165215,437.62076,4.1728487,2.320011,1.0,0.0,1.0,0.0,0.0,1.0,0.0
71.56966,2.1408207,42.941174,16.848232,4.556255,1.9287075,0.16020821,0.03000691,-0.016353535,0.07503695,17934.488,0.013885454,1251.645,0.03553193,-3810.7083,0.011512515,43675.52,240243.1,-479360.72,151871.44,11380.27,127.350685,53.81356,79.95767,61.71383,27.090172,-5.1794715,24.275528,42.93346,0.113961436,160.1996,73.22924,1.0,24.52099,-0.8850714,61.728546,29.939991,0.0,0.0,13.490044,126.23772,19.384068,1.0,1.7801014,1.0,0.0,0.0,0.0,0.0,0.0,0.0,1.0,0.0,1.0,0.0,1.0,0.0,0.0,1.0,0.0,0.0,0.0,0.0,0.0,0.0,0.0,0.0,0.0,0.0,0.0,0.0,1.0,1.0,1.0,0.0,1.0,0.0,0.0,0.0,1.0,0.0,1.0,0.0,0.0,1.0,0.0,0.0,0.0,0.0,0.0,0.0,0.0,0.0,0.0,427.19473,130.03395,73.545586,4.9817824,3.6779773,9.419706,3.028358,4.758647,5.906239,5.9926443,11.155683,11.333521,5.2193637,5.8294473,3.0557592,17.685108,192.00706,163.89969,17.923512,-15.087133,44.17693,0.7289831,0.6679628,1.1107459,0.8853358,0.60833114,72.07805,416.99567,3.7163327,3.8493261,0.0,0.0,1.0,0.0,1.0,0.0,0.0
56.700233,0.8276909,49.85059,16.645296,0.75617385,-0.13359661,0.062479448,-0.4038627,-0.03696287,-0.081277326,62161.59,-0.015999252,23379.105,-0.0005200942,311212.28,-0.0048043765,164776.9,106959.34,-1077572.6,524993.06,123918.61,233.68547,92.22071,89.93111,208.0577,81.4905,0.3524263,98.582664,205.75177,10.149345,169.0828,163.86324,0.0,111.72393,1.1295577,77.9829,59.463627,0.0,0.0,8.633023,78.328,-39.379105,2.0,2.8419726,1.0,0.0,0.0,0.0,0.0,0.0,0.0,0.0,0.0,0.0,1.0,1.0,0.0,0.0,1.0,0.0,0.0,1.0,0.0,0.0,0.0,1.0,0.0,0.0,0.0,0.0,1.0,0.0,1.0,0.0,0.0,0.0,0.0,0.0,0.0,1.0,0.0,1.0,1.0,0.0,1.0,0.0,0.0,0.0,0.0,0.0,0.0,0.0,0.0,0.0,-1055.8047,183.54803,86.681755,9.214927,9.617155,23.889515,9.0867,7.4803495,17.002392,13.263568,37.1115,49.031555,5.2043676,7.854546,9.156113,83.390945,399.206,214.88608,-21.933735,-134.05241,145.86247,1.3718895,2.020136,3.9119883,-1.4151987,2.7597246,-632.269,614.51624,6.7905703,2.8323734,0.0,1.0,0.0,0.0,0.0,1.0,0.0
72.08993,2.6176789,13.697206,13.429113,1.8734074,0.92857647,0.16950296,0.06219099,-0.014848989,0.07020105,16312.392,0.006961638,1552.3381,0.013578681,13993.237,0.03561724,93566.88,180485.47,1272090.0,268317.56,85791.586,134.22188,41.13108,153.60501,95.50393,30.346321,71.63823,22.788393,78.35426,12.2656555,155.37251,113.50836,0.0,20.462364,1.098681,55.75994,44.273514,1.0,0.0,11.4533205,146.74437,220.91028,2.0,2.217645,1.0,0.0,0.0,0.0,1.0,1.0,0.0,0.0,0.0,1.0,0.0,1.0,0.0,0.0,0.0,0.0,0.0,0.0,0.0,0.0,0.0,0.0,1.0,0.0,0.0,0.0,0.0,0.0,1.0,1.0,0.0,0.0,0.0,0.0,0.0,1.0,0.0,0.0,0.0,0.0,0.0,0.0,0.0,0.0,0.0,0.0,0.0,0.0,0.0,0.0,958.28064,156.69682,79.9758,15.7778635,18.761135,34.97797,14.988281,11.793348,31.578564,22.186062,22.141026,23.42259,3.240125,4.867455,6.628975,53.08133,160.30496,77.83264,122.53913,50.709103,30.913157,0.9663746,1.1938368,2.5305457,2.1182795,1.8490648,-46.357075,656.95905,4.501303,3.6767192,0.0,0.0,1.0,0.0,0.0,0.0,1.0
81.20331,8.850733,-9.679248,-5.2113867,-2.6625412,1.0160856,0.2755328,0.20865516,0.106113315,0.15106715,75375.375,0.012494946,1209.9097,0.028775992,137812.88,0.25015205,-30355.1,488958.94,-837089.5,-36770.516,-15719.566,161.93994,62.48152,133.97192,45.201195,15.577007,123.53843,83.51684,107.398094,12.438501,144.67647,47.17829,0.0,92.98979,-8.49867,63.329086,25.944422,1.0,0.0,7.2914824,103.150314,8.309737,2.0,1.3653089,1.0,0.0,0.0,0.0,0.0,0.0,0.0,1.0,0.0,1.0,1.0,1.0,0.0,0.0,0.0,0.0,0.0,0.0,0.0,1.0,0.0,0.0,0.0,0.0,0.0,0.0,0.0,0.0,1.0,0.0,0.0,0.0,0.0,0.0,0.0,0.0,0.0,0.0,0.0,0.0,0.0,0.0,0.0,0.0,0.0,0.0,0.0,0.0,0.0,0.0,2906.0396,57.57544,17.198984,18.750546,19.537804,48.942436,19.78324,20.755486,48.50186,30.479101,41.267303,49.058067,7.465406,7.6728706,3.3510034,0.5985847,306.74155,284.61307,-1.4089077,19.163666,11.776946,0.30238712,0.4279732,3.2410104,0.6609653,1.8718774,86.94896,1004.60223,4.545661,4.629244,0.0,0.0,1.0,0.0,0.0,0.0,1.0
71.61078,7.6928535,33.905315,3.6555953,4.8699474,1.3638462,0.108269714,0.17559853,0.015789242,0.035313364,10374.072,0.009062502,721.5287,0.019430283,-9635.831,0.019836979,17924.467,-12999.06,-230136.89,123107.61,39863.15,90.00864,34.830124,143.52025,53.146053,20.814041,65.66995,8.529789,45.177723,-0.671266,161.11827,68.375114,0.0,5.5672846,0.7969831,51.989853,27.714472,1.0,0.0,13.747926,177.63622,70.56943,1.0,1.7466193,1.0,0.0,0.0,1.0,1.0,1.0,0.0,1.0,0.0,1.0,0.0,1.0,0.0,0.0,0.0,0.0,1.0,0.0,0.0,0.0,0.0,0.0,1.0,0.0,0.0,0.0,0.0,0.0,1.0,1.0,0.0,0.0,1.0,0.0,0.0,1.0,0.0,1.0,0.0,0.0,0.0,0.0,0.0,0.0,0.0,0.0,0.0,0.0,0.0,0.0,-12.968096,98.0684,63.818596,3.092361,4.673992,20.663864,1.6645265,2.2537346,18.617758,9.106047,2.1497557,-1.2295188,2.6004734,4.0011945,3.3159456,55.371098,88.34338,35.962536,123.07611,73.545456,38.696037,0.8560253,0.9381951,2.4568229,1.9407401,1.2613003,250.73302,199.88977,3.2145085,2.1338964,0.0,0.0,1.0,0.0,0.0,0.0,1.0
57.300694,-1.2672174,11.623353,1.1183734,-0.25088385,1.3443563,0.17047064,0.23799454,0.14779563,0.14660169,-13586.47,0.002383458,4101.3403,0.0012268574,-20039.223,0.06337021,133459.48,-16208.1,-526955.8,253021.94,137974.38,77.95475,35.109913,54.03785,63.158424,30.900358,-3.6477275,24.032475,84.902214,3.6393144,138.14452,54.42578,0.0,16.411785,-0.48623803,67.244965,31.606596,0.0,0.0,12.753229,106.09037,-32.44704,1.0,1.4376287,0.0,0.0,0.0,0.0,0.0,1.0,0.0,1.0,0.0,1.0,0.0,0.0,0.0,0.0,0.0,1.0,0.0,1.0,0.0,0.0,0.0,0.0,0.0,0.0,0.0,0.0,1.0,0.0,0.0,0.0,0.0,1.0,0.0,0.0,0.0,1.0,0.0,1.0,0.0,1.0,1.0,0.0,0.0,0.0,0.0,0.0,0.0,0.0,1.0,0.0,-340.28683,158.07434,85.35426,3.4872437,7.0449924,61.95685,5.173167,3.7538748,60.225445,26.610628,26.578638,34.890553,2.0017228,4.185809,2.9871805,76.85484,55.694096,-30.951672,-32.75366,-88.72505,119.88302,1.1377759,1.6346086,4.2848015,0.8812145,2.619704,430.83325,1178.159,5.386514,2.9037611,0.0,0.0,1.0,0.0,0.0,1.0,0.0
67.58363,-1.4594777,48.387657,24.536697,3.8571966,-0.3707907,0.012586603,-0.09191481,-0.063682236,-0.016778622,86120.086,-0.019998433,10091.556,-0.030105976,201016.89,-0.17511246,179908.94,-186937.39,-1958402.1,240577.34,53403.895,214.63556,82.91938,174.47305,193.35243,72.53099,100.03688,67.968445,137.15747,-2.1419275,173.6803,170.88531,1.0,78.832985,-1.4364352,11.69873,59.733658,1.0,1.0,13.780281,75.67912,203.21854,1.0,2.9295382,1.0,0.0,0.0,0.0,0.0,0.0,0.0,1.0,0.0,1.0,0.0,0.0,0.0,0.0,1.0,0.0,0.0,0.0,0.0,1.0,0.0,0.0,0.0,0.0,0.0,0.0,0.0,0.0,1.0,0.0,0.0,0.0,0.0,0.0,0.0,1.0,0.0,1.0,0.0,0.0,1.0,0.0,0.0,0.0,0.0,0.0,0.0,0.0,0.0,0.0,440.5208,155.23607,81.65362,5.5737295,2.6611152,44.07873,7.6259427,0.80075276,41.012604,26.51492,25.013893,31.962147,4.9906373,6.7985215,8.740731,67.92749,350.62653,228.87144,152.73811,62.026436,58.093597,1.1814553,1.6101489,1.2092599,-1.0145024,2.4785714,84.20197,1201.3838,5.7226543,2.0516942,0.0,0.0,1.0,0.0,1.0,0.0,0.0
74.636856,4.310759,39.692013,7.3502965,4.1820583,0.8396615,0.077305846,0.055419207,-0.012098633,-0.016694704,10400.525,0.0012039095,5094.891,0.01587576,48794.387,-0.04533061,65570.69,96656.625,-158105.94,232945.03,95486.7,127.00887,52.296944,87.59103,95.226364,41.024086,8.401942,4.3813753,41.770725,4.1241374,166.95798,75.631584,0.0,-0.905696,1.7058325,51.92785,28.564644,1.0,1.0,11.048145,137.4081,-41.478058,2.0,1.8463411,1.0,0.0,0.0,0.0,0.0,1.0,0.0,0.0,0.0,0.0,0.0,0.0,1.0,0.0,1.0,0.0,0.0,0.0,0.0,1.0,0.0,0.0,0.0,0.0,0.0,0.0,0.0,0.0,0.0,0.0,0.0,0.0,0.0,0.0,0.0,0.0,0.0,1.0,0.0,0.0,1.0,0.0,0.0,0.0,0.0,0.0,0.0,0.0,0.0,0.0,-930.32025,126.12371,77.2159,5.949903,7.939447,24.990583,6.459262,4.128231,22.484764,12.32161,11.452763,12.247567,4.066595,5.3727965,4.8877144,48.113346,172.60211,109.37159,23.543526,-35.078796,81.880875,0.97034866,1.0940256,1.4786297,0.9479598,1.2703402,170.80768,509.44498,3.4739525,0.79518026,0.0,1.0,0.0,0.0,0.0,1.0,0.0
54.590874,-2.6851258,38.876785,22.489603,2.7871811,2.4320877,0.3268659,-0.010110506,0.14057101,0.22303806,38764.484,0.003496703,4723.52,0.058583956,66216.64,0.08260457,82818.22,-199003.05,-726649.94,420348.28,14641.117,84.94143,31.798607,-10.094728,-21.394829,-5.2088876,-62.96777,61.73049,99.08376,13.392438,150.27206,111.22042,0.0,65.84417,-2.6953726,109.186905,47.22951,0.0,0.0,14.350257,52.285385,-12.188931,1.0,2.1424782,1.0,0.0,1.0,0.0,0.0,0.0,0.0,0.0,0.0,1.0,1.0,1.0,0.0,0.0,0.0,0.0,0.0,0.0,0.0,1.0,0.0,0.0,0.0,0.0,0.0,0.0,0.0,0.0,1.0,1.0,0.0,1.0,0.0,0.0,0.0,1.0,0.0,0.0,1.0,0.0,0.0,0.0,0.0,0.0,0.0,0.0,0.0,0.0,0.0,0.0,-971.2619,196.17323,83.65449,16.464855,13.051395,20.575119,11.953362,15.977197,19.090101,8.992026,26.357016,28.108913,5.1979895,6.6434174,4.716421,39.14367,117.374,71.45185,-138.19,-160.35493,89.5056,0.23280588,0.27386054,1.6698046,-0.2505855,-0.77544415,-117.80238,400.7227,5.046036,5.894942,0.0,0.0,1.0,0.0,0.0,1.0,0.0
66.19298,-2.313516,54.62451,18.2786,5.08465,1.1596283,0.106114864,0.050233215,0.021350006,0.049170785,35610.46,-0.011152263,8969.415,-0.0037878014,112378.086,-0.008862596,65013.152,76060.12,-2265237.0,189536.75,32791.324,138.20187,69.464516,61.178284,119.834854,58.695435,2.701432,90.8969,152.9458,-0.338884,156.87387,97.11841,0.0,101.85678,0.15128088,64.67975,40.078304,1.0,0.0,13.315952,162.07416,9.700683,2.0,2.0415843,0.0,0.0,1.0,0.0,1.0,1.0,0.0,1.0,0.0,1.0,0.0,1.0,0.0,0.0,0.0,0.0,0.0,1.0,0.0,0.0,1.0,0.0,0.0,0.0,0.0,0.0,0.0,0.0,0.0,1.0,1.0,1.0,0.0,0.0,0.0,1.0,0.0,0.0,0.0,1.0,0.0,0.0,0.0,0.0,0.0,0.0,0.0,0.0,0.0,0.0,1497.9143,165.4402,95.56804,1.7451367,1.6312551,32.288055,1.6120111,0.73801637,31.375902,16.877651,13.86868,15.209482,3.7634757,5.2283945,3.713683,47.09213,199.43932,117.156334,-63.80022,-94.27912,65.286125,1.2560453,1.6098638,1.9169773,-0.105756044,1.6703942,283.15366,303.17123,5.4847293,4.974815,0.0,0.0,1.0,0.0,0.0,0.0,1.0
90.89512,9.1687,20.323158,1.9833385,3.6260378,-0.40426674,-0.053316824,-0.08939559,-0.089764394,-0.08566571,38304.32,0.022017762,7353.833,-0.0046879556,166370.77,-0.055182155,21535.963,448459.16,1766790.6,187873.64,74074.086,176.04616,72.120735,280.8475,115.336296,44.00364,181.77107,-6.4721727,30.668303,12.410816,186.02992,102.36349,1.0,-10.605248,2.7552736,1.7837757,30.445179,1.0,0.0,9.864531,74.626495,-4.253758,1.0,2.2355742,0.0,0.0,0.0,0.0,0.0,1.0,0.0,1.0,1.0,0.0,0.0,0.0,1.0,0.0,0.0,1.0,0.0,0.0,0.0,0.0,0.0,0.0,0.0,0.0,0.0,0.0,0.0,0.0,0.0,0.0,0.0,0.0,0.0,0.0,0.0,0.0,0.0,0.0,0.0,0.0,0.0,0.0,0.0,0.0,0.0,0.0,0.0,0.0,0.0,0.0,275.15314,89.92689,66.18119,15.699312,19.924639,36.167526,17.997215,9.787104,28.486725,19.784437,17.796183,18.301287,4.3209443,5.5319195,7.344186,43.401585,308.28574,215.68103,348.74127,214.62749,69.69357,1.042157,1.075761,-0.35923642,0.87005734,2.1390593,204.82115,605.3089,3.4243712,5.8897996,0.0,1.0,0.0,0.0,0.0,0.0,1.0
79.37269,-0.05729273,30.528797,6.6232476,3.0042777,1.0838184,0.13516699,0.21977383,0.101341546,0.0946281,-1314.7196,-0.0058574537,1836.0424,0.016510008,21468.514,0.022381784,82358.266,-69158.055,-1908861.5,153401.4,46795.46,104.253044,49.83435,117.48622,59.780243,31.634918,81.800896,26.28867,64.39149,2.0954683,152.80402,40.73804,0.0,23.393293,-0.43121967,57.159893,20.739212,1.0,0.0,10.476326,138.24081,118.86635,2.0,1.3884706,1.0,0.0,0.0,0.0,1.0,1.0,0.0,1.0,0.0,1.0,0.0,1.0,0.0,1.0,0.0,0.0,0.0,0.0,0.0,0.0,0.0,0.0,0.0,0.0,0.0,0.0,0.0,0.0,1.0,1.0,0.0,0.0,0.0,0.0,0.0,1.0,0.0,0.0,0.0,0.0,0.0,0.0,0.0,0.0,0.0,0.0,0.0,0.0,0.0,0.0,1370.2861,129.13489,71.95989,3.9380379,5.9659414,48.982372,6.4977384,3.1681426,47.730618,22.646374,11.88775,14.187314,3.467248,4.760026,4.0773196,45.106186,139.39357,85.37493,51.459286,19.205807,53.82746,0.8203086,1.032648,1.9234589,1.5343041,1.1842353,441.23367,786.74475,4.0180683,2.7509718,0.0,0.0,1.0,0.0,0.0,1.0,0.0
75.94028,6.2709885,44.17645,7.202057,3.5716915,0.3782609,0.07083294,-0.085025445,-0.029991815,0.007552505,708.90375,0.0070265215,8179.456,0.010708834,67579.67,0.008162861,88432.8,154263.61,-1743494.1,283481.47,61873.47,118.20294,67.41168,117.09254,62.861233,40.120754,45.22556,19.87287,74.066376,0.96067655,165.42693,97.473015,0.0,15.180394,2.6312459,54.55564,37.023663,0.0,0.0,9.368058,181.2605,87.03818,1.0,2.0807052,0.0,0.0,0.0,0.0,0.0,1.0,0.0,0.0,0.0,1.0,1.0,0.0,0.0,0.0,0.0,0.0,0.0,1.0,0.0,0.0,0.0,0.0,1.0,0.0,0.0,0.0,1.0,0.0,0.0,0.0,0.0,1.0,0.0,0.0,0.0,0.0,0.0,0.0,0.0,1.0,1.0,0.0,0.0,0.0,0.0,0.0,0.0,0.0,0.0,0.0,-697.72485,97.05511,55.556488,2.5712423,4.4965134,14.170927,1.428111,0.8052592,9.675682,7.3530855,13.753976,19.044525,3.6428015,5.40807,5.6331615,59.415905,186.62311,92.50552,68.107124,-7.9927173,91.611946,0.8979645,1.217436,4.0707903,2.3183336,2.4777825,-95.01149,174.18822,4.534385,1.2605655,0.0,1.0,0.0,0.0,0.0,1.0,0.0
70.930824,2.3428237,40.107723,10.274197,4.095626,1.3169549,0.13756719,0.05469383,0.04053372,0.046965886,43354.09,0.0048828153,14845.879,0.017231874,275865.06,0.013244631,170240.36,-121963.22,908668.25,445350.47,200943.81,129.73715,46.856678,57.379253,88.658615,35.751232,-61.330757,9.663775,65.62033,8.698115,159.72159,109.05857,0.0,3.6361766,3.6293752,60.393166,43.992645,0.0,0.0,9.351538,121.49946,-70.53629,2.0,2.1511917,1.0,0.0,0.0,0.0,0.0,0.0,0.0,0.0,0.0,0.0,0.0,0.0,1.0,0.0,0.0,0.0,0.0,0.0,0.0,0.0,0.0,0.0,0.0,0.0,0.0,0.0,0.0,0.0,0.0,0.0,0.0,0.0,0.0,0.0,0.0,0.0,0.0,0.0,0.0,1.0,1.0,0.0,0.0,0.0,0.0,0.0,0.0,0.0,0.0,0.0,-2078.9583,179.92754,97.287796,5.1772532,8.925696,35.758984,6.055052,5.4041038,33.374554,14.633567,13.018787,13.273519,4.022895,5.809964,7.502901,66.03307,180.69603,86.43763,-9.701582,-92.89032,98.84226,0.98098695,1.1214378,3.0467892,0.42586246,1.4039457,66.10683,1087.6013,4.1898427,1.715343,0.0,1.0,0.0,0.0,0.0,1.0,0.0
72.09191,-0.27862176,55.151554,21.058123,5.3440914,1.2759126,0.11219743,0.06140737,0.0006369857,0.080172226,6797.365,0.002240163,6706.1646,0.05172962,30146.021,-0.057772998,-11840.694,-157498.94,-2782330.8,162283.11,483.42377,91.68305,56.16382,107.53395,74.41233,45.75989,43.067177,-2.7282422,25.407064,-2.4788377,165.61128,84.28164,0.0,-7.0381703,-2.221855,50.306126,31.963654,1.0,0.0,16.39182,186.83183,6.8182197,1.0,1.953849,1.0,0.0,0.0,0.0,1.0,1.0,0.0,0.0,0.0,1.0,1.0,1.0,0.0,0.0,1.0,0.0,1.0,0.0,0.0,0.0,0.0,0.0,0.0,0.0,0.0,0.0,0.0,0.0,1.0,1.0,1.0,0.0,0.0,0.0,1.0,1.0,0.0,0.0,0.0,0.0,1.0,0.0,0.0,0.0,0.0,0.0,0.0,0.0,0.0,0.0,237.35393,132.18332,79.18775,0.6614231,0.3229514,22.006758,-0.4085495,0.014433861,18.805843,12.50672,5.6400547,2.6715474,2.5234842,3.986571,3.2479668,56.04827,105.79011,47.01401,57.199764,13.782283,44.68944,1.0321378,1.3177501,2.3379052,1.671422,-0.17443284,126.43925,121.4693,3.0969872,-1.0915128,1.0,0.0,1.0,0.0,1.0,0.0,0.0
63.206882,1.9566957,21.119778,4.3379087,2.4248397,1.175194,0.17299528,0.30202076,0.111613154,0.14110115,31248.348,-0.0034248785,-4200.1167,0.0072208797,76682.49,0.10448571,-69835.734,-286211.88,-2709268.0,-36615.35,-7660.2905,160.27193,53.05569,161.38773,84.13095,24.654976,126.82974,82.31103,130.13754,1.2449515,139.98042,34.87064,0.0,91.49373,-8.132181,39.012474,23.841002,1.0,0.0,11.219647,134.55751,18.76321,1.0,1.2095896,1.0,0.0,0.0,0.0,0.0,0.0,0.0,0.0,0.0,1.0,1.0,0.0,0.0,0.0,0.0,0.0,0.0,0.0,0.0,1.0,1.0,0.0,0.0,0.0,0.0,0.0,0.0,0.0,1.0,0.0,0.0,0.0,0.0,0.0,0.0,0.0,0.0,0.0,0.0,0.0,0.0,0.0,0.0,0.0,0.0,0.0,0.0,0.0,0.0,0.0,3196.242,99.382965,55.057415,4.2224293,6.36827,48.222607,6.135843,5.1811285,46.747433,22.71144,13.269164,13.025297,5.627796,6.5817394,2.9254055,24.017761,261.57224,207.74362,47.032627,52.546368,22.655737,0.66943127,0.8952498,3.4046168,1.7112424,1.0844773,431.6396,871.8784,4.405554,3.1229813,0.0,0.0,1.0,0.0,0.0,0.0,1.0
77.04093,1.429235,34.06147,10.7882595,3.8002005,1.2352376,0.115583725,0.14517367,0.09838476,0.09214343,14669.512,0.00039121552,2692.8257,0.011488766,52412.77,-0.020833055,37652.977,73815.92,-665698.1,191039.38,50584.08,131.52051,67.07565,156.68675,69.42683,39.7056,95.09025,10.223717,50.162476,4.3397064,161.06151,65.36508,0.0,5.5862427,0.18083353,51.554306,26.738472,1.0,0.0,10.480789,185.93439,96.15349,2.0,1.6994252,0.0,0.0,0.0,0.0,1.0,1.0,0.0,1.0,1.0,1.0,0.0,1.0,0.0,0.0,1.0,0.0,1.0,0.0,0.0,0.0,0.0,0.0,0.0,0.0,0.0,0.0,0.0,1.0,1.0,1.0,1.0,0.0,0.0,0.0,0.0,1.0,0.0,1.0,0.0,0.0,0.0,0.0,0.0,0.0,0.0,0.0,0.0,0.0,0.0,0.0,706.67145,126.90625,75.34216,6.292382,8.878959,37.8958,8.048198,3.8879962,36.48054,17.30742,10.259802,10.579314,4.378195,5.508508,4.3637924,35.828846,220.17357,164.10852,114.59655,63.623657,41.15218,0.7946081,0.9201133,1.8568068,2.1601777,1.1525593,346.63687,342.513,3.9563046,1.6167912,0.0,0.0,1.0,0.0,0.0,1.0,0.0
46.220303,-1.1337643,51.77368,28.895557,6.1928186,-2.0378938,-0.09538321,-0.10051391,-0.108633615,-0.12188191,56229.86,-0.009515603,8266.396,-0.028118433,229019.0,-0.21582544,91360.125,-413385.06,526339.94,245194.95,180762.88,312.7712,114.13354,381.17975,303.23044,111.41957,233.41231,51.8311,153.86523,3.678446,188.49608,217.6174,1.0,61.66925,-1.8798558,-16.50533,70.437004,1.0,0.0,15.855745,92.23982,153.32092,0.0,3.5414612,1.0,0.0,0.0,0.0,0.0,0.0,0.0,0.0,0.0,1.0,0.0,0.0,0.0,0.0,1.0,0.0,0.0,0.0,0.0,0.0,0.0,0.0,0.0,0.0,0.0,0.0,0.0,0.0,1.0,0.0,0.0,0.0,0.0,0.0,0.0,0.0,0.0,0.0,0.0,0.0,0.0,0.0,0.0,0.0,0.0,0.0,0.0,0.0,0.0,0.0,-385.2302,178.94113,100.5229,8.629907,11.712846,75.69917,13.430851,1.7334301,67.274475,34.46117,14.556126,8.622218,4.9227962,7.20212,12.585939,78.67109,537.53,357.87006,490.50983,313.4282,24.46922,1.7398231,1.9114008,-0.11926052,-0.66748714,1.9184399,364.796,1446.5309,5.7721457,3.8684473,0.0,0.0,0.0,0.0,0.0,0.0,1.0
70.48612,2.4493942,26.53041,8.271754,2.6449475,0.94335747,0.15443097,0.20090102,0.09116606,0.044886626,-776.1169,0.0022210449,3302.3596,0.052437156,7292.2524,0.0037553937,77028.0,-82282.15,-2144818.8,171639.75,60026.152,68.577896,27.398476,92.659836,37.643574,16.122738,70.31767,0.6985833,35.06902,8.625828,151.50142,55.38909,0.0,-4.361433,-1.1690232,70.24895,27.76339,0.0,0.0,13.71305,119.084404,59.151012,2.0,1.5509359,0.0,0.0,1.0,0.0,1.0,1.0,0.0,0.0,0.0,0.0,0.0,1.0,0.0,1.0,0.0,0.0,0.0,0.0,0.0,0.0,0.0,0.0,0.0,0.0,0.0,0.0,0.0,0.0,0.0,1.0,0.0,0.0,0.0,0.0,1.0,0.0,0.0,0.0,0.0,1.0,0.0,0.0,0.0,0.0,0.0,0.0,0.0,0.0,0.0,0.0,958.2271,116.87544,60.33468,9.597429,12.92533,50.58539,11.294614,6.791692,48.59596,23.178988,15.637257,17.37069,1.6093272,3.4503894,3.274648,64.66302,41.671577,-20.586855,23.159292,-21.722742,44.64403,0.85700834,1.0998654,2.103897,2.2931948,1.1264515,233.20792,484.41742,3.7672167,2.8380566,0.0,1.0,0.0,0.0,0.0,0.0,1.0
60.714287,-0.35494512,29.5941,11.790174,2.855225,0.10407717,0.07108356,0.032192893,0.0781241,0.027415046,38880.723,0.0042271083,6523.0044,0.028471781,146503.14,-0.052892394,23874.871,-109282.43,-1452846.2,175084.38,53292.695,160.0897,72.409195,179.11615,91.79791,42.6318,125.72207,28.322721,67.641335,8.597012,173.53334,70.55664,1.0,32.40515,-4.3426704,35.853413,24.941381,1.0,1.0,11.309488,56.698708,33.061436,1.0,1.8125316,1.0,0.0,0.0,0.0,0.0,0.0,0.0,0.0,0.0,1.0,0.0,0.0,0.0,0.0,0.0,1.0,0.0,0.0,0.0,1.0,0.0,0.0,0.0,0.0,0.0,0.0,0.0,0.0,1.0,0.0,0.0,0.0,0.0,0.0,0.0,1.0,0.0,1.0,0.0,0.0,0.0,0.0,0.0,0.0,0.0,0.0,0.0,1.0,0.0,0.0,1162.8704,137.86578,74.35888,11.837593,12.523838,60.055264,14.714283,9.302693,53.776657,25.695957,22.380657,25.672726,5.058946,6.2838483,5.7832065,36.52397,286.19122,195.73581,159.32385,78.64761,64.03601,0.82474595,0.87057024,0.17810205,-0.00394547,0.88866353,384.9505,1004.2062,4.0095787,6.348319,0.0,0.0,0.0,0.0,0.0,0.0,1.0
69.46247,2.5949473,30.316103,4.4389553,3.1140404,1.6608641,0.17091511,0.39854038,0.10637987,0.099968866,14697.021,0.0010105929,3194.9663,-0.00015665503,90922.3,0.04885886,13776.081,-80574.55,-1166795.0,179944.83,86518.6,118.20661,45.686146,180.72495,54.298668,21.548565,100.02709,47.012802,86.10174,-0.905933,154.96004,53.73689,0.0,48.856136,-2.4175715,46.380985,25.403242,1.0,0.0,12.945138,102.72724,58.18144,2.0,1.5243526,1.0,0.0,0.0,0.0,0.0,0.0,0.0,0.0,0.0,0.0,0.0,0.0,0.0,0.0,0.0,0.0,0.0,0.0,0.0,1.0,0.0,0.0,0.0,0.0,0.0,0.0,0.0,0.0,1.0,0.0,0.0,0.0,0.0,0.0,0.0,1.0,0.0,1.0,0.0,0.0,0.0,0.0,0.0,0.0,0.0,0.0,0.0,0.0,0.0,0.0,-212.40462,119.67191,69.512375,2.9715981,6.556737,54.723457,5.111362,3.0467744,51.092445,22.480108,8.288825,11.689669,3.9891562,5.316369,4.0840487,44.472893,168.0617,125.69028,161.06981,131.10458,24.641178,0.67891085,0.82107955,3.1958547,1.6698084,2.5178978,511.6054,923.30115,4.3026032,1.3272879,0.0,1.0,0.0,0.0,0.0,1.0,1.0
72.37116,-1.9788089,25.098602,11.925192,0.4796879,2.0362852,0.05569196,0.086628996,-0.01889711,-0.06145535,53274.137,-0.016457668,7851.663,0.005733496,128121.516,-0.045004647,165975.08,515159.03,-1187890.0,294105.06,9468.684,231.62436,109.03207,146.67424,152.37978,72.14544,99.923645,114.046844,166.82562,5.82027,158.78885,55.7287,0.0,132.96336,1.0246753,62.593105,24.12468,1.0,1.0,12.225829,24.492748,-45.334183,1.0,1.5490768,1.0,0.0,0.0,0.0,1.0,1.0,0.0,0.0,0.0,1.0,1.0,0.0,0.0,0.0,0.0,0.0,1.0,1.0,0.0,1.0,0.0,0.0,0.0,0.0,0.0,0.0,1.0,0.0,1.0,1.0,0.0,0.0,0.0,0.0,0.0,1.0,0.0,1.0,1.0,0.0,1.0,0.0,0.0,0.0,0.0,0.0,0.0,0.0,0.0,0.0,592.2455,166.47008,105.35488,10.175278,11.820181,40.42355,10.16441,10.271266,38.575863,23.48243,30.640163,38.78622,7.2929993,8.097548,3.5418923,26.502825,439.4848,358.79697,48.53717,7.58997,61.60174,0.8671227,1.4057012,4.350329,0.8830677,2.4186895,140.04811,1177.7014,5.6085076,3.801654,0.0,0.0,1.0,0.0,1.0,0.0,0.0
44.52013,-2.2795181,41.093826,16.274328,2.5741765,0.24258153,0.17086445,0.0389154,0.06811637,0.029087286,8826.5,-0.014825507,11598.467,0.0010356862,158170.78,-0.102945104,69674.29,-212421.11,-1958532.1,407251.62,95936.83,141.10974,50.947304,140.44363,113.83998,43.03801,86.04628,45.018032,126.52157,9.893091,159.77673,97.57776,0.0,45.737686,-0.60013336,91.223816,40.022137,1.0,0.0,9.986997,124.39434,13.920631,0.0,2.0577826,1.0,0.0,0.0,0.0,0.0,0.0,0.0,0.0,0.0,0.0,0.0,0.0,0.0,0.0,0.0,0.0,0.0,0.0,0.0,0.0,0.0,0.0,0.0,0.0,0.0,0.0,0.0,0.0,0.0,0.0,0.0,0.0,0.0,0.0,0.0,1.0,0.0,1.0,0.0,0.0,1.0,0.0,0.0,0.0,0.0,0.0,0.0,0.0,0.0,0.0,-397.614,184.6456,80.07064,12.144504,13.674384,50.720776,12.201282,4.7228107,48.32342,20.462471,20.466963,23.244907,3.2123559,5.5088887,6.9900756,73.355385,183.09407,62.236637,94.97005,-6.978379,113.04859,1.0609654,1.4971993,2.2018914,1.241241,1.5553855,146.48506,1087.8451,5.804344,-2.6752853,0.0,1.0,0.0,0.0,0.0,1.0,0.0
73.4945,-1.089817,32.894432,7.168816,1.4391035,0.83577955,0.18369411,0.060095306,0.072141096,0.06550721,31789.18,-0.0067062154,4979.595,-0.0027945146,111242.78,0.06737008,106884.63,-72547.16,-170705.28,283311.62,116981.83,158.96967,45.558784,74.626335,110.35549,30.656374,12.84534,55.242664,117.20829,4.512266,145.8875,70.22659,0.0,56.021347,-1.9495062,84.04292,34.965885,1.0,0.0,7.3545613,146.97409,10.341696,2.0,1.6612176,1.0,0.0,1.0,0.0,0.0,0.0,0.0,1.0,0.0,0.0,0.0,1.0,0.0,0.0,1.0,0.0,0.0,0.0,0.0,0.0,0.0,0.0,0.0,0.0,0.0,0.0,0.0,0.0,1.0,0.0,0.0,0.0,0.0,0.0,0.0,0.0,0.0,0.0,0.0,0.0,0.0,0.0,0.0,0.0,0.0,0.0,0.0,0.0,0.0,0.0,-424.50958,160.54652,76.3124,6.1842346,7.1809025,44.99799,7.734039,6.1106186,44.846867,19.727547,22.814669,30.59053,5.302339,6.8780627,6.402176,47.789444,235.04552,141.29027,-37.608906,-87.78352,76.41996,0.88988197,0.9885567,2.8329809,-0.055587113,1.9845891,144.07927,1177.2886,5.3025355,3.8427095,0.0,1.0,0.0,0.0,0.0,0.0,1.0
65.3075,7.6806016,45.26336,1.6658479,3.21584,3.0438604,0.23759703,0.39106685,0.07300606,0.09370272,27044.162,0.0009007981,3966.2173,0.015003723,57880.453,0.09585906,42797.117,532130.0,-502536.94,81737.8,11206.394,101.75751,32.94181,80.57029,62.670998,20.35921,22.182188,68.205574,89.20115,1.3083282,163.70969,71.69739,1.0,78.274414,1.3928447,87.96154,29.162302,0.0,0.0,13.946141,72.24506,93.91562,1.0,1.803521,0.0,0.0,0.0,0.0,0.0,0.0,0.0,0.0,0.0,1.0,1.0,1.0,0.0,1.0,0.0,0.0,0.0,0.0,0.0,0.0,0.0,0.0,0.0,0.0,0.0,0.0,0.0,0.0,1.0,0.0,0.0,1.0,0.0,0.0,0.0,1.0,0.0,0.0,0.0,0.0,1.0,0.0,0.0,0.0,0.0,0.0,0.0,0.0,0.0,0.0,479.07224,128.63136,77.25648,6.9578395,8.572508,33.088184,5.125026,5.5484514,31.806751,15.097447,17.15095,20.651997,4.1203227,5.142466,1.2039462,32.877876,101.56183,107.3155,-22.466557,-8.71088,31.106419,0.6987205,0.90508056,2.051707,1.6104314,2.629095,210.4968,725.24036,4.897591,-0.2357151,1.0,0.0,0.0,1.0,0.0,1.0,0.0
63.659622,9.202483,60.295662,10.076064,4.4739804,-0.7509272,0.022905305,-0.24014142,-0.13197386,-0.13827668,17715.346,-0.012961533,13245.715,0.008461654,160257.16,-0.11948512,72348.5,14814.67,-1468074.0,280357.78,64535.883,199.13403,73.06757,177.81033,181.77467,66.06556,96.45072,16.10078,97.37582,3.4160671,183.79634,155.0137,0.0,15.10637,1.8373392,61.440975,50.663918,1.0,0.0,9.094759,164.7054,66.888954,2.0,2.8398488,0.0,0.0,0.0,0.0,0.0,0.0,0.0,0.0,0.0,1.0,0.0,0.0,0.0,0.0,1.0,0.0,0.0,0.0,0.0,0.0,0.0,0.0,0.0,0.0,0.0,0.0,0.0,0.0,1.0,0.0,0.0,0.0,0.0,0.0,1.0,1.0,0.0,1.0,0.0,1.0,1.0,0.0,0.0,0.0,0.0,0.0,0.0,0.0,0.0,0.0,-664.56964,111.27499,52.60894,5.1679306,6.2344985,7.86475,4.734429,0.05912614,2.789708,7.011538,14.48508,18.645271,3.9392142,6.168158,8.454242,77.22035,308.6647,159.73753,138.43391,17.227158,114.62008,1.2896751,1.6684483,2.6300938,1.0157373,1.6725057,-407.74683,322.4172,5.119037,-1.0052999,0.0,1.0,0.0,0.0,0.0,1.0,0.0
70.6419,3.159991,31.626608,10.512213,3.6881478,1.1601804,0.120635405,0.08227395,0.041131686,0.06263621,24230.422,0.009513136,305.9254,0.02140329,-12624.92,0.0028417152,19768.215,-72480.164,-593001.75,139856.98,49947.938,114.59144,49.526073,123.609406,56.71789,27.024427,37.01457,7.8227363,45.69545,0.6576644,157.2421,76.45185,0.0,2.7343032,-3.264736,45.920334,30.77134,1.0,0.0,13.288136,163.62013,146.37923,2.0,1.8043537,1.0,0.0,0.0,0.0,0.0,1.0,0.0,1.0,0.0,1.0,1.0,1.0,0.0,0.0,0.0,0.0,0.0,1.0,0.0,0.0,1.0,0.0,0.0,0.0,0.0,0.0,0.0,0.0,1.0,0.0,1.0,0.0,0.0,0.0,0.0,1.0,0.0,1.0,0.0,0.0,1.0,0.0,0.0,0.0,0.0,0.0,0.0,0.0,0.0,0.0,671.03546,114.63582,66.42281,4.8069806,4.41213,22.509846,5.808834,5.6648684,19.893133,12.151662,9.75798,10.087271,3.8443406,5.0593762,4.0436363,36.124466,162.7749,107.511925,81.38107,40.701504,31.204967,0.73986095,0.7956501,2.1021962,0.6401241,0.8022768,187.52768,130.95746,3.5460079,1.4538296,0.0,0.0,1.0,0.0,0.0,1.0,0.0
83.92472,-0.1370328,-5.737364,4.5054517,-3.4371018,0.14996605,0.16534817,-0.07819931,0.14230247,0.12266342,47977.426,-2.4212019e-05,12568.486,0.0419282,208636.66,0.051057454,26020.701,126181.086,-1554072.0,341034.53,33533.16,78.23375,47.00301,68.75153,7.722477,16.591805,67.690834,23.103153,57.90089,16.861929,160.8268,36.8504,0.0,21.24035,-4.901476,66.605835,17.631487,1.0,0.0,7.704225,117.04218,84.61419,1.0,1.367565,1.0,0.0,0.0,0.0,0.0,0.0,0.0,1.0,0.0,0.0,0.0,0.0,0.0,0.0,0.0,1.0,0.0,0.0,0.0,0.0,0.0,0.0,0.0,0.0,0.0,0.0,0.0,0.0,0.0,0.0,0.0,0.0,0.0,0.0,1.0,0.0,0.0,1.0,0.0,0.0,0.0,0.0,0.0,0.0,0.0,0.0,0.0,0.0,0.0,0.0,978.62836,115.39012,53.724594,21.817114,22.003412,51.070786,22.011047,17.707111,50.399887,30.057098,46.419888,58.61926,3.4492068,5.281176,4.1080203,58.526226,125.79307,44.426064,-10.994504,-76.13701,109.64117,0.60758793,0.91217613,2.3497872,0.4605049,1.9682515,62.00038,764.57605,4.416815,3.4752684,0.0,0.0,0.0,0.0,0.0,0.0,1.0
47.84315,4.1291237,43.74717,10.22638,3.6754305,0.7850236,0.12952979,-0.016770601,0.07494107,0.05345182,10448.227,-0.0022716927,4550.8447,0.02273984,16414.639,-0.021355206,65573.26,-88970.51,-963907.4,282983.16,54169.63,130.52574,63.6297,114.828094,72.07439,39.617916,34.79689,23.338127,86.524536,4.1538267,165.11581,90.52053,0.0,20.851683,0.46195066,73.24445,33.928722,0.0,1.0,13.206955,118.47671,-60.571003,2.0,2.0110097,0.0,0.0,0.0,0.0,0.0,1.0,0.0,0.0,0.0,1.0,1.0,1.0,0.0,0.0,0.0,0.0,0.0,1.0,0.0,0.0,1.0,0.0,0.0,0.0,0.0,0.0,1.0,0.0,0.0,1.0,0.0,1.0,0.0,0.0,0.0,0.0,0.0,0.0,0.0,1.0,1.0,0.0,0.0,0.0,0.0,0.0,0.0,0.0,1.0,0.0,-493.61356,123.54061,60.91417,5.743009,7.387373,20.254068,4.8045516,3.7906344,16.955564,6.6461716,14.575567,17.08238,3.789042,5.6146035,5.093057,57.328205,202.86302,103.28616,51.358963,-28.363895,96.231514,0.88417,1.2110701,2.7121272,1.6557409,0.7000513,-44.019394,169.24077,4.5294843,1.3139185,0.0,0.0,1.0,0.0,1.0,0.0,0.0
86.50993,-2.6551917,44.252514,11.675706,2.90008,1.1843035,0.15241103,0.13108742,0.039049562,0.09655564,11008.309,0.005778959,2215.6726,0.026258562,34283.17,0.02629661,81834.97,-5454.2476,-1260168.6,272388.9,76498.74,99.4094,56.141087,123.08472,50.28249,34.83428,57.97966,22.571667,63.505222,1.3971833,156.80852,63.254425,0.0,19.847155,0.50144607,67.76528,27.659786,1.0,0.0,10.50953,119.65767,103.987366,2.0,1.6496968,1.0,0.0,1.0,0.0,1.0,1.0,0.0,1.0,0.0,1.0,1.0,1.0,0.0,0.0,0.0,0.0,0.0,1.0,0.0,0.0,0.0,0.0,1.0,0.0,0.0,0.0,0.0,0.0,1.0,1.0,0.0,0.0,0.0,0.0,0.0,0.0,0.0,0.0,0.0,0.0,0.0,1.0,0.0,0.0,0.0,0.0,0.0,0.0,0.0,0.0,1159.9528,165.31766,89.9368,4.179501,4.634858,45.89901,5.99434,4.859245,45.405514,23.700848,15.207257,18.083271,3.3550081,5.0062995,6.016796,53.848743,148.59325,81.95583,80.77365,30.077808,43.807526,0.8075839,0.94384825,2.0859928,1.320742,0.8699996,322.16736,827.7463,4.076246,0.2502916,1.0,1.0,0.0,0.0,0.0,1.0,0.0
40.41578,-4.088148,38.055176,9.366658,1.6357161,1.7077637,0.17523098,0.2651173,0.18814011,0.14585687,9129.402,-0.0063781454,8903.599,0.03548797,91824.734,0.02632401,30462.363,-166319.84,-2441431.2,276231.6,78588.33,106.729706,65.88719,109.44734,102.48628,63.570103,73.41297,27.819214,98.522224,10.704383,164.23097,33.76356,0.0,30.25134,-2.470233,79.75228,15.5177145,0.0,0.0,14.725512,187.73528,141.02643,1.0,1.3848854,0.0,0.0,1.0,0.0,0.0,1.0,0.0,1.0,0.0,1.0,0.0,1.0,0.0,1.0,1.0,0.0,0.0,1.0,0.0,0.0,0.0,0.0,1.0,0.0,1.0,0.0,1.0,0.0,1.0,1.0,1.0,1.0,0.0,0.0,1.0,0.0,0.0,1.0,0.0,1.0,1.0,0.0,0.0,0.0,0.0,0.0,0.0,0.0,0.0,0.0,1101.2349,174.25749,93.312935,7.8803463,12.708879,66.64077,10.119848,4.03844,63.81653,25.089367,22.058397,31.571705,2.5071464,4.712272,1.9300001,69.323135,146.24721,35.64002,22.781935,-54.21439,73.13292,1.2196565,1.6339556,3.3151026,2.119502,0.698712,393.12994,858.13837,5.123903,4.0548935,0.0,1.0,0.0,0.0,1.0,0.0,0.0
75.99807,4.619512,38.046177,2.7685313,3.8189063,1.7616112,0.17047659,0.2907523,0.05385283,0.08677556,-6861.3633,0.010798838,227.02013,0.042877004,-24708.305,0.051622447,57899.613,217394.45,-229746.78,147577.38,61731.145,80.86717,34.390995,128.70369,38.78463,18.29377,67.89284,10.18892,33.395424,3.559348,164.134,73.940025,0.0,5.0365987,0.57997835,73.70242,28.643318,1.0,0.0,13.700405,104.69069,22.038141,2.0,1.8264779,1.0,0.0,1.0,0.0,1.0,1.0,0.0,1.0,0.0,1.0,1.0,1.0,0.0,1.0,0.0,0.0,0.0,0.0,0.0,0.0,0.0,0.0,0.0,0.0,0.0,0.0,0.0,0.0,1.0,0.0,0.0,1.0,0.0,0.0,0.0,1.0,0.0,0.0,0.0,0.0,0.0,0.0,0.0,0.0,0.0,0.0,0.0,0.0,0.0,0.0,306.7511,134.65868,76.87055,7.0810657,8.742058,48.032818,8.973595,7.2554216,46.206543,22.260473,11.841116,13.401247,2.7853973,4.099869,3.164177,52.272346,80.11061,44.6543,85.790276,48.85409,52.13722,0.7829774,0.8744515,1.0307305,1.2082546,0.43935674,483.29465,601.992,3.4652894,2.1075847,1.0,1.0,0.0,0.0,0.0,1.0,0.0
56.261356,0.18897435,63.847305,17.636864,6.9093595,2.094119,0.12226829,0.10639665,0.03085468,0.0103524905,32881.7,-0.010463636,3447.6409,0.0127366455,83336.25,-0.052492265,98340.164,-103327.14,-1726853.9,251427.3,28546.506,127.56036,56.039185,77.63791,102.86924,47.529152,4.6370997,82.288445,135.98691,-5.8404818,154.34268,76.856316,0.0,94.530365,2.6655416,64.46019,33.795578,0.0,0.0,15.063004,99.20937,-33.152504,2.0,1.794261,1.0,0.0,1.0,0.0,1.0,1.0,1.0,1.0,0.0,1.0,0.0,1.0,0.0,0.0,1.0,0.0,1.0,1.0,0.0,0.0,1.0,0.0,0.0,0.0,0.0,0.0,1.0,0.0,1.0,1.0,0.0,1.0,0.0,0.0,0.0,1.0,0.0,1.0,0.0,1.0,1.0,0.0,0.0,0.0,0.0,0.0,0.0,0.0,0.0,0.0,600.94556,171.38193,93.38555,-1.2307624,-1.6615542,12.077486,-4.005951,-5.3004675,11.934621,-0.09305563,0.015381724,-1.8472433,4.1303306,5.348712,4.0077314,42.533455,155.23349,96.047806,-14.603841,-52.59956,73.296326,1.0053881,1.3201421,1.6901046,0.8175583,0.7970757,123.14921,465.06506,5.1156764,0.65746766,0.0,0.0,1.0,0.0,0.0,1.0,0.0
69.73672,5.96823,29.9701,4.2774725,2.7036297,1.2404339,0.14348367,0.07040564,0.051946957,0.06965271,9870.744,0.013713342,638.56024,0.034263566,21003.676,0.01109931,56648.004,182450.84,559011.2,152747.16,34068.547,118.31139,39.617954,136.11111,50.49003,15.067803,73.546394,20.675325,55.58059,12.9451685,165.4065,62.70345,0.0,19.947546,0.66541064,72.89628,24.584398,1.0,0.0,12.365473,107.63897,-1.5975581,0.0,1.7198844,1.0,0.0,0.0,0.0,0.0,1.0,0.0,1.0,0.0,1.0,0.0,0.0,0.0,0.0,0.0,0.0,0.0,0.0,0.0,0.0,0.0,0.0,1.0,0.0,1.0,0.0,0.0,0.0,1.0,0.0,1.0,0.0,0.0,0.0,1.0,0.0,0.0,0.0,0.0,0.0,0.0,0.0,0.0,0.0,0.0,0.0,0.0,0.0,0.0,0.0,-185.47812,104.44152,61.383873,14.638182,16.684391,28.65937,14.653824,9.046278,24.751432,13.4608,18.51529,22.01059,4.187463,5.651984,2.6242595,33.998146,166.91727,109.852425,97.730125,33.59672,41.17728,0.67282295,0.5681821,1.4115057,1.3752539,0.9774715,46.837563,102.86709,4.101586,-0.39970225,1.0,1.0,0.0,0.0,0.0,0.0,1.0
53.4096,7.903681,4.7381544,-8.762365,1.175431,1.0106618,0.14227198,0.21569231,0.13781704,0.10042871,-46352.85,0.016099924,-1636.831,0.019267619,-21742.188,0.034618177,64500.6,-119877.32,1148339.6,95446.69,127367.24,129.63307,15.443408,172.37039,107.293724,12.534004,93.26929,18.265848,77.73058,6.0601363,153.53793,23.258322,0.0,16.672531,0.77319854,73.32571,16.164448,1.0,0.0,9.981429,91.775475,23.12804,1.0,1.1888647,1.0,0.0,0.0,0.0,0.0,1.0,0.0,0.0,0.0,1.0,0.0,0.0,0.0,0.0,0.0,0.0,0.0,0.0,0.0,1.0,0.0,0.0,1.0,0.0,0.0,0.0,0.0,0.0,1.0,0.0,0.0,0.0,0.0,0.0,1.0,0.0,0.0,1.0,0.0,0.0,0.0,0.0,0.0,0.0,0.0,0.0,0.0,0.0,0.0,0.0,158.31375,102.22682,52.16763,5.1346207,11.2555895,52.683697,7.5717053,0.61920786,48.66575,15.620226,14.307011,18.50076,2.5611744,4.45486,2.6062138,67.399956,127.78236,33.259212,176.73904,68.36825,80.05269,1.2859919,1.15608,2.8417692,1.5416164,1.9556605,295.66772,1384.2366,5.123807,1.5314417,0.0,1.0,0.0,0.0,0.0,0.0,1.0
75.441444,1.0402485,62.78342,12.217023,5.426888,-0.58433247,-0.020686708,-0.33152592,-0.1263172,-0.079788506,14089.18,-0.0044734958,4454.146,-0.012936076,65476.47,-0.13373725,104812.3,-324402.88,372506.72,303045.16,144863.58,208.32596,71.95036,140.89166,201.18436,69.973495,18.531467,6.486854,81.314095,-1.8502145,173.42975,111.94753,0.0,3.4872584,2.426961,32.915894,38.68727,1.0,1.0,7.366485,119.503105,163.06375,0.0,2.2824895,1.0,0.0,0.0,0.0,0.0,1.0,0.0,0.0,1.0,0.0,0.0,0.0,1.0,0.0,1.0,0.0,0.0,0.0,0.0,1.0,0.0,0.0,0.0,0.0,0.0,0.0,0.0,0.0,1.0,0.0,0.0,0.0,0.0,0.0,0.0,1.0,0.0,0.0,0.0,0.0,1.0,0.0,0.0,0.0,0.0,0.0,0.0,0.0,0.0,0.0,398.39404,165.52573,90.23722,-0.9624934,-1.6783527,11.570514,-0.25346234,-3.2980065,6.796412,3.6772382,8.219956,10.041193,4.89876,6.7537537,10.261938,59.017002,317.7457,179.34584,117.637665,0.22078139,88.068634,1.4289333,1.5252194,0.79874814,-0.9275166,1.1258279,-147.08652,899.6243,4.5112906,2.7241898,0.0,1.0,0.0,0.0,0.0,1.0,0.0
87.81202,8.580486,44.0027,2.7901542,4.3579483,0.48519444,0.041685022,0.035702404,0.0014280787,0.012418517,-14076.31,-0.0007480842,1557.2715,-0.0014531445,-47666.605,-0.004787052,88822.62,310190.78,-833061.4,144318.1,32757.67,127.68088,54.70395,130.32138,65.68684,27.404982,79.59556,21.910097,54.555702,-3.8847716,168.03314,64.279106,0.0,22.478512,3.009061,43.436153,23.8111,0.0,1.0,11.082566,131.14154,51.746143,0.0,1.7507439,1.0,0.0,0.0,0.0,0.0,1.0,1.0,1.0,0.0,1.0,1.0,0.0,0.0,0.0,0.0,0.0,0.0,0.0,0.0,0.0,1.0,0.0,1.0,0.0,0.0,0.0,0.0,0.0,0.0,0.0,0.0,0.0,0.0,0.0,1.0,0.0,0.0,0.0,0.0,0.0,0.0,0.0,0.0,0.0,0.0,0.0,0.0,0.0,0.0,0.0,294.8261,66.377396,48.420605,2.1513782,2.9162772,15.622224,1.3093548,-1.4904242,13.336701,8.143607,12.634073,18.186253,4.310439,5.340878,3.5829594,33.740932,185.51938,139.58798,86.78644,44.22823,48.75681,0.74833566,0.8069692,2.5717864,2.2276735,3.0381699,34.89319,21.38993,3.8014483,0.7219593,0.0,0.0,1.0,0.0,1.0,0.0,0.0
85.793465,5.5567107,29.567263,2.2338793,3.0833583,1.2667127,0.12261928,0.1268887,0.064379774,0.047599237,739.71857,0.006193429,934.0975,0.018494258,-5154.9517,0.010341696,57487.3,138084.4,-395554.16,168631.2,51746.23,78.19882,27.610401,86.83557,21.013662,6.3748245,41.040764,-4.7064133,17.411217,1.2098631,154.91486,39.9236,0.0,-12.686062,1.124788,56.679665,19.97197,1.0,0.0,9.723735,156.83098,43.447758,0.0,1.3977774,0.0,0.0,0.0,0.0,1.0,1.0,0.0,1.0,1.0,1.0,0.0,1.0,0.0,0.0,0.0,0.0,0.0,0.0,0.0,0.0,0.0,0.0,0.0,0.0,1.0,0.0,0.0,0.0,0.0,0.0,1.0,1.0,1.0,0.0,1.0,1.0,0.0,1.0,0.0,0.0,0.0,0.0,0.0,0.0,0.0,0.0,0.0,0.0,0.0,0.0,120.38708,96.595055,58.865925,5.2647524,6.548633,25.15988,5.508773,3.349056,22.73613,10.376325,11.516862,15.349742,3.2929838,4.528981,3.0284066,42.373493,73.24765,38.309895,27.39064,-6.978038,50.29277,0.56113935,0.645644,2.096175,1.812495,1.9105039,200.73141,206.83594,3.1460817,2.0099378,0.0,1.0,0.0,0.0,0.0,1.0,0.0
82.523834,7.7461348,32.003986,11.337823,4.3845997,1.2342638,0.087843634,0.039773814,-0.002561211,0.04066401,38966.656,0.01170436,3007.3528,0.027460111,34754.246,0.046873674,22995.44,-138668.84,-873584.94,185010.7,36212.43,73.76908,30.717495,84.72434,29.277687,14.54682,6.9869375,7.009371,40.72445,4.489588,167.08823,123.22585,0.0,4.7277994,-1.3737508,47.149685,43.96035,0.0,0.0,14.01728,188.8682,140.33635,2.0,2.3740659,1.0,0.0,0.0,0.0,1.0,1.0,0.0,1.0,1.0,1.0,1.0,0.0,0.0,0.0,0.0,0.0,0.0,0.0,0.0,0.0,0.0,0.0,0.0,0.0,1.0,0.0,0.0,0.0,1.0,0.0,0.0,0.0,1.0,0.0,0.0,1.0,0.0,1.0,0.0,0.0,1.0,0.0,0.0,0.0,0.0,0.0,0.0,0.0,0.0,0.0,-401.13644,94.90249,64.42794,7.8367615,7.210759,11.273039,6.116836,9.309412,10.12068,12.173525,12.235626,9.380357,2.696696,4.4206,4.5757575,57.29881,63.292,9.352373,47.410873,6.5621147,49.046555,0.7192665,0.8812852,2.4956455,1.1815082,1.0524989,26.37195,-111.487724,3.558166,2.465553,0.0,0.0,1.0,0.0,0.0,0.0,1.0
83.259605,7.703327,57.70076,6.3956027,5.6460896,1.3905685,0.05759173,0.1376332,0.07830216,0.06555332,16011.36,0.0006649804,7140.6494,0.016050342,62959.96,-0.017329758,25877.186,-73105.93,-2264967.2,176480.58,22786.072,76.563324,43.518852,113.37839,46.65594,28.909431,57.087677,6.5335116,49.015606,-1.1642357,172.07382,110.6615,0.0,1.9693727,-0.27714622,53.12544,38.407444,0.0,0.0,13.551111,165.24506,-28.039122,2.0,2.2692647,0.0,0.0,0.0,0.0,1.0,1.0,0.0,1.0,0.0,0.0,0.0,1.0,0.0,1.0,1.0,0.0,0.0,1.0,0.0,0.0,0.0,0.0,0.0,0.0,0.0,0.0,1.0,0.0,0.0,0.0,0.0,0.0,0.0,0.0,0.0,0.0,0.0,0.0,1.0,0.0,0.0,0.0,0.0,0.0,0.0,0.0,0.0,0.0,0.0,0.0,61.47338,94.70031,66.04187,1.7173777,2.294736,26.082798,1.2919717,0.31231713,22.015768,11.094546,8.526068,9.264256,2.3797743,4.0016713,3.7449505,64.860115,85.777596,18.816675,73.30013,20.799301,79.61757,0.8280872,1.2577422,2.5402684,1.3561454,1.30979,108.86023,56.25204,4.372909,1.1521608,0.0,1.0,0.0,0.0,0.0,1.0,0.0
84.21203,7.226633,44.67483,6.6338177,5.58797,-1.0858443,-0.021385513,0.11113257,0.00015664693,-0.14268799,21960.283,-0.0011017885,1943.1112,0.009184193,61100.953,-0.041311674,110467.6,-275589.88,-3516558.8,179493.88,116929.21,175.20244,72.51828,203.68889,84.53862,34.760098,148.49937,45.633022,88.06399,-8.614072,163.85841,85.2271,0.0,49.990795,-2.0183866,22.446844,32.497932,1.0,1.0,9.977081,114.91256,30.450594,0.0,1.9103662,1.0,0.0,0.0,0.0,0.0,0.0,0.0,0.0,0.0,0.0,1.0,0.0,1.0,0.0,0.0,0.0,0.0,0.0,0.0,0.0,0.0,0.0,1.0,1.0,0.0,0.0,0.0,0.0,1.0,0.0,0.0,0.0,0.0,0.0,0.0,0.0,0.0,1.0,1.0,0.0,0.0,0.0,0.0,0.0,0.0,0.0,0.0,0.0,0.0,0.0,535.2602,61.345623,32.37201,-4.225798,-3.3281047,52.877895,0.2729916,-2.6159544,47.379734,18.491552,3.1324806,3.1125956,5.482594,6.630401,8.001852,46.728252,312.27103,225.08994,201.84406,135.9954,30.655172,0.50349563,0.6208735,1.9381232,0.69707304,1.7343212,341.33032,736.4357,3.8623447,4.360783,0.0,1.0,0.0,0.0,0.0,1.0,0.0
64.05232,4.714688,15.108674,-2.741628,1.8389494,0.83022165,0.090167545,0.22010759,0.07003681,0.032149874,-40298.027,0.0108772945,-857.0248,-0.024932671,9430.108,0.040027652,23487.367,118423.76,26160.555,195916.81,105996.34,162.86418,45.625267,211.54851,80.37503,12.66546,138.26259,85.59759,161.91257,1.9237661,149.72693,34.43156,0.0,96.6046,2.4510155,39.961758,21.185102,1.0,0.0,8.118873,68.91694,64.06119,2.0,1.2681195,1.0,0.0,0.0,0.0,0.0,0.0,0.0,0.0,0.0,0.0,0.0,0.0,0.0,0.0,0.0,0.0,0.0,0.0,0.0,1.0,0.0,0.0,1.0,0.0,0.0,0.0,0.0,0.0,0.0,0.0,0.0,0.0,0.0,0.0,0.0,0.0,0.0,1.0,0.0,0.0,0.0,0.0,0.0,0.0,0.0,0.0,0.0,0.0,0.0,0.0,1066.1921,108.08933,62.390793,2.8587823,10.240228,49.780334,5.4497,-1.3507285,45.89845,16.568584,14.073265,22.366606,4.610987,6.1972637,4.258339,50.91448,256.2119,148.1482,215.07811,119.899315,64.846214,0.91777295,0.84007335,4.5931883,2.269858,4.1899624,269.725,1123.9498,5.6319647,2.9886541,0.0,1.0,0.0,0.0,0.0,0.0,1.0
75.07417,7.422747,64.207504,9.064751,8.562739,1.1774652,0.088066705,0.03062537,-0.011239971,0.039397392,4263.5815,0.007001158,-1193.9916,0.005577133,-32478.223,0.0055395206,36956.164,-224774.88,329209.66,141657.27,77902.195,128.23045,30.153578,121.42807,128.96854,34.106377,13.092318,32.236034,79.46273,1.8717492,167.13239,125.89752,0.0,36.98409,4.95263,42.49991,47.125877,0.0,0.0,13.531724,72.957855,42.29929,1.0,2.415304,0.0,0.0,1.0,0.0,1.0,1.0,0.0,0.0,0.0,0.0,1.0,1.0,0.0,0.0,1.0,0.0,0.0,0.0,0.0,1.0,1.0,0.0,0.0,0.0,0.0,0.0,0.0,0.0,1.0,0.0,0.0,0.0,0.0,0.0,0.0,0.0,0.0,0.0,0.0,0.0,1.0,0.0,0.0,0.0,0.0,0.0,0.0,0.0,0.0,0.0,-8.8884115,139.75037,82.2021,2.7508547,2.8443952,11.329623,-0.21427517,-1.816278,9.961125,0.3657154,-1.9012889,-10.51411,2.5477734,4.0938034,6.193026,67.76334,114.97647,48.490883,74.54078,18.301542,56.66167,1.399371,1.4544003,0.6011271,0.6522292,0.8141992,-7.1666074,247.87708,4.7363424,6.9273577,0.0,0.0,1.0,0.0,0.0,0.0,1.0
71.26196,2.8500512,35.786762,10.330628,3.6149833,0.56845504,0.11333212,-0.14508948,0.06285128,0.094181195,40132.723,-0.00014348059,7148.775,0.033102434,113607.05,0.012006782,102873.86,-109864.484,-899770.3,261243.2,14197.69,132.03621,65.666336,64.30738,56.2504,31.501528,7.7729406,54.649773,92.314545,6.159459,165.98802,60.078125,1.0,63.161995,1.4809501,73.07053,24.125458,1.0,1.0,12.56554,33.81533,-64.825485,1.0,1.6697142,1.0,0.0,0.0,0.0,0.0,1.0,0.0,0.0,0.0,1.0,0.0,0.0,1.0,0.0,0.0,1.0,0.0,0.0,0.0,1.0,0.0,0.0,0.0,0.0,0.0,0.0,0.0,0.0,1.0,1.0,0.0,0.0,0.0,0.0,0.0,0.0,0.0,0.0,1.0,0.0,0.0,0.0,0.0,0.0,0.0,0.0,0.0,1.0,0.0,0.0,-242.88455,105.94028,51.72477,6.2554936,6.32524,16.585064,4.764823,5.4953804,13.857554,6.33984,15.325094,16.39492,5.515012,6.7007155,5.4935036,34.378468,227.97198,158.8476,-1.9751943,-65.44496,83.8704,0.7172029,0.70149535,0.40579903,-0.86944425,0.03187594,-81.86746,815.0941,4.5695815,3.0035725,1.0,0.0,1.0,0.0,0.0,0.0,1.0
83.40053,2.781187,25.671509,4.7977204,2.358286,1.3607409,0.16907987,0.21093339,0.08719691,0.10804789,8341.327,0.00876213,1313.21,0.019267047,11451.829,0.061499976,44964.883,-194891.69,-179693.45,182727.42,95138.11,51.9756,4.4612966,59.796387,26.583857,0.19724163,-0.036288098,13.346462,45.44103,2.876162,150.49951,71.00394,0.0,7.707639,-1.4207933,63.083393,32.540787,1.0,0.0,11.890393,171.10333,42.467014,0.0,1.7029171,1.0,0.0,0.0,0.0,0.0,1.0,0.0,1.0,0.0,1.0,1.0,1.0,0.0,0.0,0.0,0.0,0.0,0.0,0.0,0.0,0.0,0.0,0.0,0.0,0.0,0.0,0.0,0.0,1.0,0.0,0.0,0.0,0.0,0.0,0.0,1.0,0.0,1.0,0.0,0.0,0.0,0.0,0.0,0.0,0.0,0.0,0.0,0.0,0.0,0.0,-305.06406,129.52844,74.80536,5.9901342,6.6021633,42.995293,6.500808,6.9775453,41.83688,20.994883,17.254139,18.93987,2.0134284,3.8894522,3.7867832,67.85353,-17.474854,-63.23774,-2.5358264,-27.993475,38.620445,0.7270471,0.8722002,2.7910078,0.82666093,2.0326679,277.1705,562.08636,3.6051638,2.2246795,0.0,0.0,0.0,0.0,0.0,0.0,1.0
80.17028,6.770548,42.3086,15.2253,5.061498,0.82944995,0.026799504,-0.017632263,-0.12474364,-0.05137319,21678.107,0.017894415,3301.1492,0.021169694,16380.677,-0.039818015,-8356.601,381544.75,-263969.75,191490.14,31149.555,148.65234,80.58592,163.08609,75.021355,46.585903,76.53849,16.50496,56.36514,12.00357,191.63278,119.083786,1.0,20.075903,-0.35463348,47.17341,34.808994,1.0,1.0,16.849327,118.101776,-14.401456,0.0,2.4694512,1.0,0.0,0.0,0.0,0.0,1.0,0.0,1.0,0.0,1.0,0.0,0.0,1.0,0.0,0.0,0.0,0.0,0.0,0.0,0.0,0.0,0.0,0.0,0.0,0.0,0.0,0.0,0.0,1.0,0.0,0.0,1.0,0.0,0.0,0.0,0.0,0.0,0.0,0.0,0.0,1.0,1.0,0.0,0.0,0.0,0.0,0.0,0.0,0.0,0.0,-1174.9982,100.40523,74.34981,14.159925,15.985552,16.296484,13.915161,12.526442,12.33012,15.03523,14.848734,8.334021,5.0376854,6.1745415,4.2245474,29.4777,275.18848,204.30623,153.7951,80.30155,34.44414,0.7434698,0.80303717,1.0354892,0.466862,0.48013338,95.27855,-44.093822,4.014363,1.2403158,1.0,1.0,0.0,0.0,1.0,0.0,0.0
95.22831,-5.6659226,22.430397,19.26521,0.2295582,1.5098841,0.09520917,-0.1038975,-0.0005964666,0.12907824,53972.426,0.018844292,8948.185,0.014968694,162275.75,0.18582356,110740.98,283141.06,862857.4,321350.53,19021.123,140.74944,43.99603,129.13799,142.9643,48.981007,75.17225,15.919352,54.670673,23.93742,180.90633,96.67921,1.0,14.689901,0.9141628,45.96175,29.622564,1.0,0.0,8.212955,153.57349,256.17563,2.0,2.1495063,1.0,0.0,1.0,0.0,0.0,0.0,0.0,1.0,0.0,0.0,0.0,0.0,0.0,0.0,0.0,0.0,0.0,0.0,0.0,0.0,0.0,1.0,0.0,0.0,0.0,0.0,0.0,0.0,0.0,0.0,0.0,0.0,0.0,0.0,0.0,0.0,0.0,0.0,0.0,0.0,1.0,0.0,0.0,0.0,0.0,0.0,0.0,0.0,0.0,0.0,805.9287,210.1861,134.56136,27.266863,27.776976,46.404476,26.623264,19.440174,45.66929,32.280926,43.12803,50.885063,3.1619344,5.2019806,7.1537166,53.15927,177.90411,93.648834,87.398964,0.99199235,58.43571,1.3565961,1.5175762,0.41437358,1.5660846,2.3759007,-59.80877,995.69257,4.5831337,2.8648787,0.0,1.0,0.0,0.0,0.0,0.0,1.0
53.69659,7.052116,31.511568,13.52172,3.6943514,1.9110296,0.21012013,0.12146094,-0.022526223,0.042290054,70024.73,0.00015222444,7415.7056,-0.012629823,188014.3,0.022460036,148381.17,670285.6,3281.675,96055.66,4828.506,267.1434,99.999084,196.32819,177.009,62.902878,103.85393,98.47599,143.42436,0.37063786,164.3181,102.16199,1.0,114.84069,1.1057525,61.443413,38.716213,1.0,1.0,9.51745,65.63588,211.64708,1.0,2.118593,1.0,0.0,0.0,0.0,0.0,0.0,0.0,0.0,0.0,1.0,0.0,0.0,0.0,0.0,1.0,0.0,0.0,0.0,0.0,0.0,0.0,0.0,0.0,0.0,0.0,0.0,0.0,0.0,1.0,1.0,0.0,1.0,0.0,0.0,0.0,1.0,0.0,1.0,0.0,0.0,0.0,0.0,0.0,0.0,0.0,0.0,0.0,0.0,0.0,0.0,1038.232,131.08427,59.0169,5.187949,7.0429244,27.172466,3.602466,2.7776191,20.017744,11.958663,17.21281,21.016872,8.489634,8.609982,5.695256,0.5289948,488.4372,433.00372,124.40357,83.0276,11.836973,0.84878147,1.0428538,2.1508873,0.72586143,2.5198088,24.654716,1587.0126,6.3344502,6.9750886,1.0,1.0,0.0,0.0,0.0,1.0,0.0
57.337566,3.6634285,32.076527,-0.39542377,1.5820237,0.614116,0.17673926,0.35800833,0.14865156,0.09356336,-7866.0845,0.0014565814,7607.1567,-0.007878371,73969.195,0.013355588,107624.13,99649.234,467494.5,420706.2,270674.9,124.656006,48.33164,163.11568,108.78855,45.607063,48.53634,33.029873,107.38799,5.9068294,174.04138,81.87208,0.0,35.088623,2.79728,73.054,29.32635,0.0,0.0,10.22413,55.70711,-5.9699297,2.0,1.9664358,1.0,0.0,0.0,0.0,0.0,0.0,0.0,0.0,0.0,0.0,0.0,0.0,1.0,0.0,0.0,0.0,0.0,0.0,0.0,0.0,0.0,0.0,0.0,0.0,0.0,0.0,0.0,0.0,0.0,0.0,0.0,1.0,0.0,0.0,0.0,0.0,0.0,0.0,0.0,0.0,1.0,0.0,0.0,0.0,0.0,0.0,0.0,0.0,1.0,0.0,-179.36177,164.7041,81.55048,6.1917543,10.808723,84.02681,10.397958,4.33745,82.51192,34.69386,23.474241,28.315184,2.1686184,4.764613,6.870914,90.41713,160.20677,65.034676,150.5399,61.413002,54.776962,1.1580796,1.4936271,2.466342,1.5415109,3.318191,447.06042,1440.3271,5.132341,-1.443032,0.0,1.0,0.0,0.0,1.0,0.0,0.0
84.350845,-3.2109773,39.81201,13.908659,0.96948016,1.2616357,0.21186921,-0.052137706,0.008306461,0.078561366,-1289.3511,0.008559283,4075.8284,0.028402848,31067.512,0.16045232,90828.14,231239.7,-486928.72,402790.06,133128.66,136.14682,32.82211,15.728279,95.42851,21.172707,-49.364204,60.890865,113.599236,4.623949,143.25201,58.191643,0.0,63.91187,0.3298685,90.49752,31.589706,0.0,0.0,7.7481008,111.38891,6.1528163,2.0,1.5335096,1.0,0.0,0.0,0.0,0.0,0.0,0.0,0.0,0.0,0.0,0.0,1.0,0.0,0.0,1.0,0.0,0.0,0.0,0.0,0.0,0.0,0.0,0.0,0.0,0.0,0.0,0.0,0.0,1.0,0.0,0.0,0.0,0.0,0.0,0.0,0.0,0.0,1.0,0.0,0.0,1.0,0.0,0.0,0.0,0.0,0.0,0.0,0.0,1.0,0.0,183.41411,176.48161,84.647156,6.623812,5.703211,27.640715,6.510972,6.0275164,27.415377,15.554808,24.44737,31.491526,4.448263,6.276392,5.414178,52.78356,177.4029,101.554436,-113.74616,-147.44986,75.042404,0.9250706,1.056342,2.070506,0.46587548,1.9725832,-115.822876,726.1019,5.026199,1.0344999,0.0,1.0,0.0,0.0,0.0,1.0,0.0
80.93346,4.0420938,58.303116,10.898923,4.7221713,1.1289356,0.123466834,-0.35976887,-0.13654459,0.094811104,-7074.276,0.059427414,5854.804,0.004813889,67747.055,0.47962376,190171.81,233133.14,3225592.0,553576.4,218696.12,211.11403,22.71113,103.58204,240.06776,42.655724,-63.221584,46.20585,135.1494,1.2295129,168.85689,129.40308,0.0,49.159355,9.75601,52.66238,45.888107,1.0,0.0,5.844225,72.35842,179.32242,2.0,2.454989,1.0,0.0,0.0,0.0,0.0,0.0,0.0,0.0,0.0,0.0,0.0,0.0,0.0,0.0,1.0,0.0,0.0,1.0,0.0,0.0,0.0,1.0,0.0,0.0,0.0,0.0,0.0,0.0,0.0,0.0,0.0,0.0,0.0,0.0,0.0,0.0,0.0,0.0,0.0,0.0,1.0,0.0,0.0,0.0,0.0,0.0,0.0,0.0,0.0,0.0,-353.29916,213.1433,111.76794,0.1208505,0.13408975,1.5355896,-2.7014625,-2.9597473,-1.390474,-1.5403633,14.40005,17.994598,3.298079,6.240676,11.738189,98.81208,253.49571,84.66494,60.54154,-89.313126,134.89278,1.9718556,2.1217241,1.0598623,-0.16944563,1.7420745,-521.64703,1170.6638,6.1310825,3.2966764,0.0,1.0,0.0,0.0,0.0,1.0,0.0
22.286324,2.9829452,9.950021,-3.8366659,-3.751638,1.2539093,0.2507928,0.33235756,0.34951422,0.2317794,-1523.4156,-0.026354484,14749.564,0.035050906,140934.4,0.10591865,218.45737,44979.645,-1809254.1,425169.84,123994.875,148.47102,70.8098,106.20221,86.895676,46.285263,99.8553,74.479034,184.19032,25.792164,172.15024,110.44966,0.0,81.25828,-5.370185,130.02676,40.005917,0.0,0.0,14.362334,83.059425,-188.91939,2.0,2.272455,0.0,0.0,0.0,0.0,0.0,0.0,0.0,0.0,0.0,1.0,0.0,1.0,0.0,0.0,0.0,0.0,0.0,1.0,0.0,0.0,1.0,0.0,0.0,0.0,0.0,0.0,1.0,0.0,1.0,1.0,0.0,1.0,0.0,0.0,0.0,0.0,0.0,1.0,0.0,1.0,1.0,0.0,0.0,0.0,0.0,0.0,0.0,0.0,1.0,0.0,-1402.0975,149.16525,63.56566,17.505098,26.844513,95.0587,21.800964,18.269293,94.797134,42.92993,54.03557,71.46863,3.9152987,7.136506,3.077711,100.89816,276.91574,113.598785,-50.782944,-134.81917,152.66928,0.9198055,1.7190429,5.9490213,1.7762933,1.3800732,172.20517,1082.8123,7.8219757,4.4122376,0.0,1.0,0.0,0.0,1.0,0.0,0.0
73.24961,10.572394,23.211384,1.5055246,3.5992374,1.1334708,0.07275799,0.14084136,0.010245359,0.0113252625,10508.59,0.03627026,4414.5225,0.026958494,1811.9893,0.123490445,-79028.625,642914.9,278958.0,133996.42,54896.453,91.96544,45.968525,164.46541,60.049915,31.24199,94.75921,-6.5050793,28.246687,14.969898,171.38615,97.9618,0.0,-13.043505,-0.8050147,37.083176,33.375023,0.0,0.0,13.541646,170.36823,7.9242396,1.0,2.140889,1.0,0.0,0.0,0.0,1.0,1.0,0.0,0.0,1.0,0.0,0.0,1.0,0.0,1.0,0.0,0.0,0.0,1.0,0.0,0.0,0.0,0.0,0.0,0.0,0.0,0.0,1.0,0.0,0.0,1.0,1.0,0.0,0.0,0.0,0.0,0.0,0.0,0.0,0.0,0.0,0.0,0.0,0.0,0.0,0.0,0.0,0.0,0.0,0.0,0.0,-251.94904,90.723755,65.51983,17.631018,21.09596,38.752144,17.818283,13.227585,29.422287,17.372616,18.431059,16.764582,2.3413196,3.638942,2.7082798,47.412918,104.68479,48.57965,140.11638,66.50333,67.47925,0.84358865,1.2283009,0.87690014,1.4519968,1.367259,209.75682,-129.50066,3.5670896,3.9771965,0.0,1.0,0.0,0.0,1.0,1.0,0.0
82.531456,-2.4333856,42.1408,11.987674,2.1644714,1.6989547,0.1332705,0.18249853,0.05668486,0.14809136,75753.92,-0.010007664,10039.023,-0.038494118,218720.33,0.066131175,70867.086,77973.07,447133.8,180758.56,78661.63,156.96925,50.028538,68.026924,139.32765,47.360306,7.5730743,51.83877,98.72784,2.6781335,160.72034,111.70085,0.0,55.534615,-0.44144994,23.424374,43.746197,1.0,1.0,11.068012,98.26593,1.4717627,2.0,2.1953506,0.0,0.0,0.0,0.0,0.0,0.0,0.0,0.0,0.0,0.0,0.0,0.0,0.0,0.0,0.0,0.0,0.0,0.0,0.0,1.0,0.0,0.0,0.0,0.0,0.0,0.0,0.0,0.0,0.0,0.0,0.0,0.0,0.0,0.0,0.0,0.0,0.0,1.0,0.0,0.0,0.0,0.0,0.0,0.0,0.0,0.0,0.0,0.0,0.0,0.0,1007.4113,182.97198,115.797066,8.642321,8.921959,49.41214,8.45642,5.565795,51.270897,30.31501,33.774643,44.909527,4.9058657,6.20958,5.1072392,43.049137,227.2156,168.67899,-60.17019,-70.22869,43.46492,1.1765305,1.2879157,2.5656343,0.35455105,4.3202634,258.683,1176.8368,4.841883,4.436495,0.0,0.0,0.0,0.0,0.0,0.0,1.0
51.70563,-3.1743097,63.41053,27.229223,6.909364,2.1914446,0.12290559,0.15092973,0.038728774,0.07572831,50359.684,-0.033552114,2746.5051,-0.015019053,80075.54,-0.032551732,75974.84,-353587.8,-2081211.0,138895.98,-48467.793,193.66168,72.22087,52.928,150.23431,58.416348,-2.4907265,114.26212,167.58649,-3.5876377,156.20734,98.61803,0.0,130.50331,-0.20629628,53.73085,39.53849,0.0,0.0,19.46939,99.33936,-81.57666,1.0,2.0447445,1.0,0.0,0.0,0.0,0.0,0.0,0.0,1.0,0.0,1.0,1.0,1.0,0.0,0.0,0.0,0.0,0.0,1.0,0.0,0.0,1.0,0.0,0.0,0.0,0.0,0.0,0.0,0.0,0.0,0.0,0.0,1.0,0.0,0.0,0.0,1.0,0.0,1.0,0.0,0.0,0.0,0.0,0.0,0.0,0.0,0.0,0.0,0.0,0.0,0.0,-234.4541,159.51295,99.90969,-0.06349225,1.2624536,7.937766,-2.1284752,-0.6290579,10.352018,5.3101206,7.6530194,6.135859,6.709095,7.62108,2.556576,21.880478,319.28406,268.93613,-105.778244,-97.0085,36.508923,0.9870484,1.2904083,2.1064878,0.62714815,1.287451,213.0396,346.87375,5.6474957,3.7738516,0.0,0.0,1.0,0.0,1.0,1.0,0.0
68.91984,3.062108,43.29426,11.002779,4.996575,0.73353326,0.10256948,0.09604748,0.07172139,0.099040754,-1093.6062,0.007388515,2486.733,0.04664013,4351.0063,0.0019515875,31456.16,-333511.88,-1667949.2,153692.39,50047.16,70.48255,39.969612,121.98735,32.624054,24.72354,61.240185,-12.039586,14.86413,-1.9738184,163.73373,86.66182,0.0,-21.481361,-0.8876922,37.343372,32.65598,1.0,0.0,15.105267,134.60541,74.09633,2.0,1.9696133,0.0,0.0,1.0,0.0,1.0,0.0,0.0,0.0,0.0,1.0,1.0,1.0,0.0,1.0,0.0,0.0,0.0,1.0,0.0,0.0,0.0,0.0,0.0,0.0,0.0,0.0,0.0,0.0,0.0,0.0,0.0,0.0,1.0,0.0,0.0,0.0,0.0,0.0,0.0,1.0,0.0,0.0,0.0,0.0,0.0,0.0,0.0,0.0,0.0,0.0,-354.1651,117.83001,68.91399,1.4904872,2.4369366,34.93989,2.2598457,1.6435885,31.400557,13.458798,5.729693,4.852154,1.8532436,3.6356692,4.442338,65.00764,67.052605,9.8186455,88.96557,33.88603,49.990578,0.81923634,0.9171638,1.6039245,1.4838755,0.43864983,296.6945,77.54517,2.8048005,1.5486702,1.0,0.0,1.0,1.0,0.0,1.0,0.0
72.955894,4.4903283,41.717697,6.1072974,4.1812916,0.7308693,0.13777371,-0.012394041,0.00991474,-0.006980442,-5535.187,0.002893285,2941.7412,0.042562358,67217.36,-0.011079974,117514.42,-237912.16,-34695.055,262717.47,88649.29,89.706894,12.689009,87.15049,67.04867,9.984031,22.322014,11.688238,50.060295,3.6063488,144.41702,57.468994,0.0,8.037096,4.827518,79.04215,30.459627,0.0,0.0,9.522519,158.35002,68.422775,2.0,1.5289433,1.0,0.0,0.0,0.0,1.0,1.0,1.0,1.0,1.0,1.0,0.0,1.0,0.0,0.0,1.0,0.0,0.0,0.0,0.0,0.0,0.0,0.0,1.0,0.0,0.0,0.0,0.0,0.0,1.0,0.0,0.0,0.0,0.0,0.0,1.0,1.0,0.0,0.0,0.0,1.0,1.0,0.0,0.0,0.0,0.0,0.0,0.0,0.0,0.0,0.0,-235.83182,122.4907,56.343517,3.444897,7.125153,19.984797,2.7298625,-0.027079344,15.464396,3.1665957,6.888871,9.203197,2.233439,4.2447095,5.3456163,74.13448,35.559376,-30.547573,43.072105,-27.932373,65.36103,0.879279,1.0744262,2.0025597,1.925358,0.91883636,-75.15066,406.60657,3.958243,2.8779943,0.0,1.0,0.0,0.0,0.0,1.0,0.0
83.937904,-2.0513642,21.752903,6.5379477,0.87036854,1.5347081,0.0666735,0.11717371,0.032363683,0.06855827,19462.824,0.0064171306,5331.345,-0.01283201,86452.734,0.084088616,80472.24,264979.84,1036477.6,211391.31,90457.99,170.64497,45.37313,142.05472,170.4875,49.20323,78.15894,28.158577,79.441925,9.892093,166.69923,60.883904,0.0,27.345516,1.2024112,36.005707,23.158978,1.0,0.0,9.583992,89.42557,61.74225,2.0,1.6638284,1.0,0.0,0.0,0.0,0.0,0.0,0.0,0.0,0.0,0.0,0.0,0.0,0.0,0.0,0.0,0.0,0.0,0.0,0.0,0.0,0.0,1.0,0.0,0.0,0.0,0.0,0.0,0.0,0.0,0.0,0.0,0.0,0.0,0.0,0.0,0.0,0.0,1.0,0.0,0.0,1.0,0.0,0.0,0.0,0.0,0.0,0.0,0.0,0.0,0.0,1767.3636,184.47264,122.09965,12.5592575,15.816372,56.722103,15.065965,7.571877,57.91639,30.777428,31.804358,40.38841,3.6449888,5.4953427,4.3877716,61.3096,240.3902,151.44743,78.12621,14.5046015,58.868073,1.4684341,1.5867952,1.8402389,1.114193,3.30252,263.33844,1217.0404,4.4197116,2.4285004,0.0,1.0,0.0,0.0,0.0,0.0,1.0
77.60351,5.874906,19.326263,-8.017298,1.838302,1.1556823,0.117858544,0.2639467,0.14921553,0.07748736,-23741.18,0.0046999655,-458.49268,0.033468373,24111.428,0.09480179,31377.113,-333488.4,-2131260.8,93844.92,51150.875,86.63419,18.668673,126.35885,41.830727,3.9753337,93.01994,27.842268,64.25693,-2.153739,157.66217,-13.636985,0.0,28.917429,-1.9125354,60.29785,0.38480252,1.0,0.0,9.302547,100.1502,115.453224,2.0,0.7922571,1.0,0.0,0.0,0.0,0.0,0.0,0.0,0.0,0.0,1.0,1.0,1.0,0.0,0.0,0.0,0.0,0.0,1.0,0.0,0.0,0.0,0.0,0.0,0.0,0.0,0.0,0.0,0.0,1.0,0.0,0.0,0.0,0.0,0.0,0.0,0.0,0.0,0.0,0.0,0.0,0.0,0.0,0.0,0.0,0.0,0.0,0.0,0.0,0.0,0.0,2082.0627,78.65928,46.6609,-0.8970707,3.204699,43.243996,1.7937921,-0.42271662,40.239258,14.581285,9.329701,14.984344,2.841157,4.4037204,2.8115227,58.46053,81.16458,19.999994,87.01101,43.149982,53.865685,0.8027698,0.8257055,3.2995696,1.5665921,1.6058888,340.7709,923.15045,3.980838,5.2471986,0.0,1.0,0.0,0.0,0.0,0.0,1.0
100.16863,0.8089806,34.055614,8.034087,2.1693356,1.6872022,0.15418606,0.22333345,0.020358097,0.06754638,11605.241,0.022320395,4553.1055,0.044642214,43339.11,0.16682017,29932.305,315587.0,17954.447,314791.44,140582.9,73.80796,23.800646,66.35528,41.556263,14.656078,-17.59194,-3.0926428,21.896711,2.4408717,151.36653,57.961075,0.0,-9.250064,-0.38143593,72.8772,27.782293,0.0,0.0,10.423476,195.52354,-72.42118,2.0,1.5634325,1.0,0.0,0.0,0.0,0.0,1.0,0.0,0.0,0.0,0.0,0.0,1.0,1.0,1.0,1.0,0.0,0.0,0.0,0.0,0.0,0.0,0.0,0.0,0.0,0.0,0.0,0.0,0.0,1.0,0.0,0.0,0.0,0.0,0.0,0.0,0.0,0.0,0.0,0.0,0.0,1.0,0.0,0.0,0.0,0.0,0.0,0.0,0.0,0.0,0.0,-662.18933,148.30432,88.57704,5.636322,5.815277,45.52618,5.769635,6.495455,46.14623,24.353033,19.507292,22.331596,2.41698,4.1186867,4.215111,61.305656,44.98964,4.824101,11.7482195,-34.84278,60.003735,0.7815855,0.9195909,2.613912,1.5814344,1.1407312,197.76543,682.8828,3.5114703,0.57989866,0.0,1.0,0.0,0.0,1.0,0.0,0.0
82.58819,-2.397566,40.38238,11.546462,1.7385176,1.2871703,0.14901806,0.03448923,0.0033537936,0.033191998,58310.965,0.0022958694,8218.906,-0.0013195574,162361.14,0.015095241,91240.36,94361.73,-466165.53,398827.7,120842.88,108.95841,50.406048,78.523155,44.274334,25.380247,-19.646921,36.404316,76.97989,-1.2907931,143.34897,53.920937,0.0,35.211403,-0.31319478,54.170753,30.008034,0.0,1.0,11.523552,74.28824,-88.05862,0.0,1.4515976,1.0,0.0,0.0,0.0,0.0,0.0,0.0,0.0,0.0,0.0,0.0,0.0,0.0,0.0,0.0,0.0,0.0,0.0,0.0,1.0,0.0,0.0,0.0,0.0,0.0,0.0,0.0,0.0,0.0,0.0,0.0,0.0,0.0,0.0,0.0,0.0,0.0,1.0,0.0,0.0,1.0,0.0,0.0,0.0,0.0,0.0,0.0,0.0,1.0,0.0,-380.82315,157.17673,84.548706,4.022147,2.870135,27.916767,3.22434,4.748279,24.435337,14.775189,18.300432,23.418484,4.057127,5.5502505,5.542093,46.90575,154.48492,97.98701,18.47644,-13.752208,57.907368,0.6171407,0.96813136,3.2371273,0.17898512,2.6397295,140.7666,619.85364,3.784563,1.0423849,0.0,1.0,0.0,0.0,0.0,0.0,1.0
66.269554,6.104286,22.539206,7.7142944,1.7591743,1.164412,0.16676433,0.062279277,0.079645045,0.09717058,23244.7,0.010588442,2877.0125,0.033593073,19459.72,0.06335117,17910.639,209526.52,-1635455.9,98871.65,-888.76196,123.74541,56.390293,84.01477,46.41244,22.829851,41.536697,54.464973,81.959496,3.049317,155.62234,61.00142,0.0,61.475185,-3.2235968,61.42283,27.702692,1.0,0.0,12.883271,84.25125,52.78534,1.0,1.6134846,1.0,0.0,0.0,0.0,0.0,0.0,0.0,0.0,0.0,1.0,1.0,1.0,0.0,0.0,1.0,0.0,0.0,0.0,0.0,0.0,0.0,0.0,1.0,0.0,0.0,0.0,0.0,0.0,1.0,0.0,0.0,0.0,0.0,0.0,0.0,1.0,0.0,0.0,0.0,0.0,0.0,0.0,0.0,0.0,0.0,0.0,0.0,0.0,0.0,0.0,974.967,76.96615,37.938892,7.648681,8.034756,25.716652,6.8700423,7.276739,21.909578,11.541605,22.167757,25.479158,5.2813244,6.1907954,2.2797973,30.808819,197.29146,160.42271,1.9436142,-24.035439,47.563698,0.5494517,0.65016365,2.5979414,0.73007953,1.3388358,-49.76295,516.65826,4.3632593,1.5430487,0.0,0.0,1.0,0.0,1.0,0.0,0.0
58.42603,5.288203,77.73335,8.790091,5.4747353,2.511287,0.1527495,-0.06726222,0.0022438448,0.010720451,39942.273,-0.0014399252,12692.473,0.028634015,185797.19,-0.002311724,145163.19,159674.45,441278.25,374282.25,41558.848,154.93886,67.003555,94.18108,95.36637,42.62006,-22.459612,77.118034,139.01547,-0.17653589,182.69878,104.35211,0.0,90.49467,5.1451187,112.195755,33.831276,1.0,1.0,10.065223,138.35655,4.032268,2.0,2.2731142,0.0,0.0,0.0,0.0,1.0,0.0,1.0,0.0,0.0,1.0,1.0,1.0,0.0,0.0,1.0,0.0,0.0,0.0,0.0,0.0,0.0,0.0,1.0,0.0,0.0,0.0,0.0,0.0,1.0,0.0,0.0,1.0,0.0,0.0,0.0,0.0,0.0,0.0,0.0,0.0,0.0,0.0,0.0,0.0,0.0,0.0,0.0,0.0,0.0,0.0,-1689.1669,173.73479,93.57702,1.6776714,0.58059686,-0.26436296,-2.6971304,0.77163005,-5.55344,-4.887162,11.128295,14.198296,5.5624256,7.0427265,5.240838,47.918457,253.55542,171.15622,30.255047,-44.6984,89.44244,0.83690083,1.0100164,2.9954178,1.2815062,0.9356469,-354.10727,204.41641,5.8589754,2.1544218,0.0,0.0,0.0,0.0,1.0,0.0,0.0
73.22286,3.7715263,40.95428,10.33241,4.309603,1.2281942,0.13693798,0.142334,-0.039751615,-0.0026664864,3178.1028,0.010287643,-191.7793,0.0258282,7151.0093,-0.00993452,78282.375,54607.99,-183823.4,96245.16,60363.293,117.48838,31.990177,132.35907,100.19668,29.505764,55.465714,-13.572852,10.202696,2.8576446,165.69751,61.33075,1.0,-20.881231,-0.42759797,72.02636,23.97852,1.0,0.0,13.003598,204.56131,7.943236,0.0,1.6995559,1.0,0.0,0.0,0.0,1.0,1.0,0.0,1.0,1.0,1.0,0.0,1.0,0.0,0.0,0.0,0.0,0.0,0.0,0.0,0.0,0.0,0.0,1.0,0.0,1.0,0.0,0.0,1.0,1.0,0.0,1.0,1.0,0.0,0.0,0.0,1.0,0.0,0.0,0.0,0.0,1.0,0.0,0.0,0.0,0.0,0.0,0.0,0.0,0.0,0.0,-340.46915,119.026634,67.50496,5.9519773,7.6132984,28.445251,6.552693,3.416427,24.423964,13.508064,9.193637,8.60715,3.465192,4.699592,3.5337956,40.93955,118.56892,71.13638,108.66158,52.944317,25.69613,0.9267871,1.0917627,1.2431521,1.8778734,1.1081066,271.6614,527.0542,3.4770246,3.9494278,0.0,1.0,0.0,0.0,0.0,1.0,0.0
80.33815,1.6622559,45.154327,12.731284,4.5174894,1.9847478,0.21776111,0.24640262,-0.0047492017,0.15067616,34580.176,0.009430894,8000.269,0.003467746,146734.45,0.10824813,79046.85,72499.41,1033608.4,282152.0,85333.836,93.66886,39.17451,114.200424,59.79215,26.496696,4.183614,17.3577,46.289757,-3.6008704,159.90334,95.594826,0.0,12.726804,4.221762,51.922287,38.467197,1.0,0.0,15.673952,105.33652,17.085228,1.0,2.027337,1.0,0.0,0.0,0.0,0.0,0.0,0.0,0.0,0.0,0.0,0.0,0.0,1.0,0.0,0.0,0.0,0.0,0.0,0.0,0.0,0.0,0.0,0.0,0.0,0.0,0.0,0.0,0.0,0.0,0.0,0.0,0.0,0.0,0.0,0.0,0.0,0.0,0.0,0.0,0.0,0.0,0.0,0.0,0.0,0.0,0.0,0.0,0.0,0.0,0.0,-1510.3467,150.77246,84.219,0.82086045,3.7031136,27.837524,-1.2836437,1.1883547,27.712515,16.402544,7.6653204,7.4268,2.9046717,4.459083,5.7477136,64.099976,102.64604,67.10772,82.43632,45.20312,33.58141,0.9840069,1.110336,2.2607496,0.8776711,2.638977,373.58853,1150.5474,4.123636,3.980012,0.0,1.0,0.0,0.0,0.0,1.0,1.0
82.18486,2.154645,33.040062,4.8800173,3.1392007,1.5881337,0.1405835,0.3174353,0.04461583,0.041209936,25880.445,0.006705961,10577.63,0.012778595,154277.5,0.015653897,62219.29,131430.73,-369866.06,288374.12,147330.1,81.46659,44.668545,107.51345,58.18601,35.944603,7.719783,1.5674963,37.15254,2.2081013,154.64108,61.66782,0.0,-7.6641116,1.3069494,58.555717,29.00756,0.0,0.0,11.566878,175.94926,-98.941414,2.0,1.6037968,1.0,0.0,0.0,0.0,0.0,0.0,0.0,0.0,0.0,0.0,0.0,0.0,1.0,1.0,0.0,1.0,0.0,0.0,0.0,0.0,0.0,0.0,0.0,0.0,0.0,0.0,0.0,0.0,0.0,0.0,0.0,1.0,0.0,0.0,0.0,0.0,0.0,0.0,0.0,0.0,1.0,0.0,0.0,0.0,0.0,0.0,0.0,0.0,0.0,0.0,-1372.1309,141.0718,84.75992,3.1371777,6.7620153,49.533474,4.448413,2.607679,47.159252,22.430079,10.7150345,10.939447,2.625693,4.152315,4.1837945,64.42077,79.84166,32.289356,76.32607,24.259945,67.58403,0.96402603,1.3013808,3.371202,1.8048322,1.9426917,429.4346,862.5117,3.8152986,0.19575575,0.0,1.0,0.0,0.0,0.0,1.0,0.0
73.57668,0.6937991,4.0816755,4.1963444,-0.08360557,0.5853109,0.1927804,0.01565714,0.014501408,0.12496263,20162.172,0.022043435,-528.025,0.03198759,98177.38,0.10409634,117802.72,-122883.984,-521844.0,92641.586,27221.31,86.052704,17.495317,111.597435,32.1275,1.3638887,56.567436,18.689272,52.824223,6.726081,136.12738,39.64259,0.0,10.894536,-3.9055939,52.027214,26.499344,1.0,0.0,7.931402,124.69364,138.42368,2.0,1.2389461,1.0,0.0,0.0,0.0,0.0,0.0,1.0,1.0,0.0,1.0,1.0,0.0,0.0,0.0,0.0,0.0,0.0,1.0,0.0,0.0,0.0,0.0,0.0,0.0,0.0,0.0,0.0,0.0,0.0,0.0,0.0,1.0,0.0,0.0,0.0,0.0,0.0,0.0,0.0,0.0,0.0,0.0,0.0,0.0,0.0,0.0,0.0,0.0,0.0,0.0,1047.1782,114.77392,49.451603,11.038749,12.137394,38.486725,12.236055,9.8628025,32.65121,20.134344,24.450207,30.272985,2.487223,4.114702,4.6341214,59.652588,71.47691,1.6810545,57.17667,-1.3920946,74.40769,0.73521173,0.9010774,3.0668626,0.9597292,1.4925219,101.20458,1086.6881,3.7986648,4.0879326,0.0,0.0,1.0,0.0,0.0,0.0,1.0
55.701546,0.8410686,62.625603,27.356216,5.274462,-1.8327904,0.0046217456,-0.39801654,-0.020310553,-0.040135786,39940.684,-0.009935263,18226.822,0.028909367,230443.97,-0.1654511,87151.56,-757702.06,-4249627.5,434993.06,105128.84,152.30222,99.90815,181.7844,159.92538,96.39898,102.04392,-34.433933,51.209576,5.0292964,185.58788,160.02748,0.0,-43.094555,-1.9082264,41.419346,50.683144,0.0,0.0,10.063671,158.83746,106.6916,2.0,2.9000504,0.0,0.0,1.0,0.0,0.0,1.0,0.0,1.0,0.0,1.0,0.0,1.0,0.0,0.0,1.0,0.0,0.0,1.0,0.0,0.0,0.0,0.0,0.0,0.0,0.0,0.0,1.0,0.0,1.0,1.0,0.0,0.0,0.0,0.0,0.0,1.0,0.0,0.0,1.0,0.0,1.0,0.0,0.0,0.0,0.0,0.0,0.0,0.0,0.0,0.0,915.8342,133.87303,52.02573,4.8456573,3.9547179,25.144964,5.7350726,2.04207,17.690145,12.570545,12.340166,9.862669,1.9456006,4.724805,12.014821,97.55554,252.00208,68.028206,188.67859,36.886997,110.68602,1.3877404,2.3129742,1.8017453,0.7841058,-0.27218822,-274.67596,299.20428,4.528977,1.6375502,0.0,1.0,0.0,0.0,1.0,0.0,0.0
66.82693,4.889637,37.09771,11.674533,2.1957483,1.0348631,0.0677991,-0.3381217,-0.12017141,0.021050047,6751.068,0.01578971,7588.0283,-0.005032946,44481.414,0.07776712,189113.73,385309.72,3508756.8,417043.8,197439.5,268.20462,80.610405,99.632126,273.14355,85.613335,-60.978363,36.36437,126.13633,9.515605,176.86967,155.92563,1.0,39.869892,5.49976,51.072426,52.50627,0.0,1.0,9.085742,40.0384,5.691009,1.0,2.7899253,1.0,0.0,0.0,0.0,0.0,1.0,0.0,0.0,1.0,0.0,0.0,0.0,0.0,0.0,1.0,0.0,0.0,0.0,0.0,1.0,0.0,0.0,0.0,0.0,0.0,0.0,0.0,0.0,0.0,0.0,0.0,0.0,0.0,0.0,0.0,1.0,0.0,0.0,0.0,0.0,1.0,0.0,0.0,0.0,0.0,0.0,0.0,0.0,0.0,0.0,-1023.5526,193.38869,108.369415,7.652841,9.455458,8.163231,6.582696,6.5003166,4.6579084,9.507231,28.23797,32.439335,5.7057004,7.6049013,9.559527,64.46997,425.55164,268.25684,19.848051,-109.3555,133.54942,1.9087833,2.1700666,2.0090296,-1.1936659,1.7792331,-469.0294,1363.032,5.9308305,3.3099954,0.0,1.0,0.0,0.0,1.0,0.0,0.0
64.79024,-2.2170382,34.283146,11.909349,1.7799569,2.2841887,0.18423267,0.41734,0.14977467,0.10255695,16555.236,-0.0011808777,3566.2002,0.039838515,-15086.092,0.07637416,127526.42,-49151.027,-3739987.2,232656.97,49192.31,91.12745,67.75555,80.13675,29.538603,38.55998,48.406605,44.28686,80.88906,-5.0308943,146.59145,34.408012,0.0,45.90834,-3.1917772,74.23172,21.537851,1.0,1.0,17.835327,71.54617,-59.424618,1.0,1.2598362,1.0,0.0,0.0,0.0,0.0,1.0,1.0,1.0,0.0,1.0,0.0,0.0,0.0,0.0,0.0,0.0,0.0,1.0,0.0,0.0,0.0,0.0,1.0,0.0,0.0,0.0,1.0,0.0,1.0,1.0,0.0,1.0,0.0,0.0,0.0,0.0,0.0,1.0,0.0,0.0,0.0,0.0,0.0,0.0,0.0,0.0,0.0,0.0,1.0,0.0,651.24115,127.42784,72.302086,-2.3030107,-1.0604405,59.078045,-0.48826852,2.2118526,60.202576,27.614948,17.187307,23.690456,3.9021447,5.494185,1.5451075,49.513466,151.23068,91.656105,-8.720599,-21.2304,42.86777,0.61794716,1.1152078,5.202387,1.502021,1.5285202,502.85,1021.0353,4.701757,0.93041635,0.0,0.0,1.0,0.0,0.0,0.0,1.0
85.09118,5.53203,34.626835,7.6200104,3.218835,0.3982915,0.06677276,0.19558403,0.03653985,0.011182234,27225.514,0.014593747,8150.2305,0.031605195,75464.17,0.027528042,44543.316,95366.71,-2638875.8,233838.67,74006.17,66.43333,50.537937,157.4801,35.647465,34.862946,113.740845,-32.128975,-4.173352,2.386057,171.08405,59.22425,0.0,-40.96335,-1.0164249,38.125587,20.720192,0.0,0.0,13.122721,181.16957,50.148346,1.0,1.7003661,1.0,0.0,0.0,0.0,0.0,1.0,0.0,1.0,0.0,1.0,0.0,1.0,0.0,1.0,0.0,0.0,0.0,1.0,0.0,0.0,0.0,0.0,1.0,0.0,0.0,0.0,0.0,0.0,1.0,0.0,1.0,1.0,0.0,0.0,0.0,0.0,0.0,0.0,0.0,0.0,1.0,0.0,0.0,0.0,0.0,0.0,0.0,0.0,0.0,0.0,393.2644,81.595604,52.49603,6.837281,7.9890375,45.79432,8.693908,3.938201,42.87211,23.129444,14.212416,17.225245,1.7314947,3.5731716,4.1223164,65.71289,71.84698,0.8322377,155.26349,83.62718,31.549057,0.7243283,1.1650137,3.0773306,2.6566355,1.5770673,251.24844,133.76447,2.8637605,-1.6904589,0.0,1.0,0.0,0.0,1.0,0.0,0.0
85.43982,3.1074314,37.92303,6.10998,3.0553386,0.90192777,0.11981283,0.03758225,-0.004553017,0.027645733,-6194.327,0.004715267,2258.6272,0.029059138,-6897.2676,0.0035834692,41297.816,84180.12,-1478072.2,199638.31,39951.117,84.19557,36.588238,101.43458,39.940067,19.315859,49.525753,-0.624987,34.298904,0.5793142,155.2564,40.837624,0.0,-8.010722,0.19738565,63.686577,20.62415,1.0,0.0,11.237213,175.08002,103.24213,2.0,1.4063197,1.0,0.0,0.0,0.0,1.0,1.0,0.0,1.0,0.0,1.0,1.0,1.0,0.0,0.0,0.0,0.0,0.0,1.0,0.0,0.0,0.0,0.0,1.0,0.0,0.0,0.0,0.0,0.0,0.0,1.0,0.0,0.0,0.0,0.0,1.0,1.0,0.0,0.0,0.0,1.0,0.0,0.0,0.0,0.0,0.0,0.0,0.0,0.0,0.0,0.0,486.86905,109.39148,62.110806,3.525604,4.581518,20.334452,2.935026,1.6287699,18.01222,10.942948,10.910432,12.657096,2.5721204,4.201569,3.6307979,53.79383,89.57933,31.086918,47.361553,-2.1775992,60.049183,0.8140596,0.90670437,2.2916694,2.041875,1.2409948,111.2775,200.41623,3.578146,1.6341152,0.0,1.0,0.0,0.0,0.0,0.0,1.0
49.813915,3.3362596,33.413128,15.516317,3.0239868,1.0885085,0.1529752,-0.07144901,0.0122683775,0.01186375,33926.062,-0.0018223472,10215.856,0.043938342,155778.1,-0.06417941,132547.38,-15508.698,-696194.94,247841.81,27859.047,145.84558,57.669964,102.88984,122.3709,51.062744,37.16164,4.431163,63.834103,11.323584,161.1559,101.2748,0.0,-2.836904,1.3870871,84.49486,39.389946,0.0,0.0,11.2815895,149.21602,55.99048,2.0,2.105196,0.0,0.0,0.0,0.0,1.0,1.0,0.0,0.0,0.0,1.0,1.0,1.0,0.0,0.0,0.0,0.0,0.0,1.0,0.0,0.0,0.0,0.0,1.0,0.0,0.0,0.0,1.0,0.0,1.0,1.0,1.0,1.0,0.0,0.0,1.0,1.0,0.0,1.0,0.0,1.0,1.0,0.0,0.0,0.0,0.0,0.0,0.0,0.0,0.0,0.0,-492.27258,144.66501,66.80158,11.992413,14.5064125,13.86803,12.419087,7.38061,12.335211,9.289496,17.965595,21.308943,3.4174018,5.1971087,4.408517,61.003067,211.64746,99.12881,22.169277,-69.477875,100.76951,1.2141368,1.5761381,2.8080401,2.1562753,0.030501021,-181.78665,224.1645,4.778799,-1.4817636,0.0,0.0,0.0,0.0,0.0,1.0,0.0
67.142105,-5.1439586,37.534866,24.472172,4.9545484,1.1599618,0.11065578,0.001970142,0.0020538627,0.06923864,91970.03,0.00590975,4842.1543,0.02414068,238926.23,-0.053862263,199017.66,-102901.875,-1827866.4,212308.31,584.57007,156.76395,82.41666,136.23827,58.687775,41.93571,56.850918,51.145058,81.44121,1.5977672,149.91312,67.057655,0.0,53.020535,-0.1774144,33.921955,31.101088,1.0,1.0,12.809573,58.396492,109.43017,1.0,1.6242397,1.0,0.0,0.0,0.0,1.0,1.0,0.0,0.0,0.0,1.0,1.0,0.0,0.0,0.0,0.0,0.0,0.0,0.0,0.0,1.0,0.0,0.0,0.0,0.0,0.0,0.0,0.0,0.0,0.0,1.0,0.0,1.0,0.0,0.0,0.0,1.0,0.0,0.0,0.0,0.0,0.0,0.0,0.0,0.0,0.0,0.0,0.0,0.0,0.0,0.0,547.10675,165.54031,89.880424,6.5903006,4.7126675,33.44255,7.380933,5.676115,29.70348,17.232666,9.931193,5.912713,5.16249,6.052318,5.2238216,27.790966,301.3478,248.7872,86.18523,50.467804,21.667141,0.55301726,0.6882971,1.1228695,0.2943232,0.089773126,395.61124,784.918,3.5402455,1.7010916,0.0,0.0,1.0,0.0,0.0,0.0,1.0
65.03203,-7.224128,23.880508,10.21342,-1.0915165,1.7555072,0.24392714,0.21393842,0.14451076,0.2078322,71276.53,-0.0048863213,5623.6694,-0.0032888844,174730.0,0.08707361,-23972.076,-6241.0796,-1851336.0,183062.0,31381.184,111.47778,50.986385,78.60558,48.37218,26.025946,52.16797,62.926243,109.5936,5.801042,135.70753,43.882996,0.0,66.45271,-8.338666,56.20238,29.46253,1.0,0.0,10.737975,99.1133,-37.98539,2.0,1.2942966,1.0,0.0,0.0,0.0,0.0,0.0,0.0,0.0,0.0,1.0,0.0,0.0,0.0,0.0,0.0,0.0,0.0,0.0,0.0,1.0,0.0,0.0,0.0,0.0,0.0,0.0,0.0,0.0,0.0,0.0,0.0,0.0,0.0,0.0,0.0,0.0,0.0,1.0,0.0,0.0,0.0,0.0,0.0,0.0,0.0,0.0,0.0,0.0,0.0,0.0,1815.2241,179.15155,91.17762,12.540093,10.080515,62.43835,12.7217865,11.66544,62.25048,32.900578,36.55496,47.40972,4.8578577,6.1276407,3.053946,28.711615,176.75296,123.309,-51.922806,-52.212276,61.833088,0.62232983,0.9382879,3.0706987,0.38462967,2.510193,435.2258,1231.4398,4.6713824,1.9851224,0.0,0.0,1.0,0.0,0.0,0.0,1.0
48.659924,-6.33637,-4.4400163,6.004441,-2.431897,2.6584103,0.33777872,0.38086352,0.19681096,0.28134254,38635.754,0.00039028737,-1957.3854,0.021798814,102884.56,0.1685738,-71441.0,-120979.59,-1812612.8,-23635.527,-33211.953,132.3202,35.637695,95.60899,81.67951,20.79301,82.90898,96.12964,142.75891,13.699562,119.37266,-1.6447281,0.0,103.23666,-11.084531,83.69763,18.8635,1.0,0.0,10.609603,112.6121,-39.521988,2.0,0.67510813,1.0,0.0,0.0,0.0,0.0,0.0,0.0,1.0,0.0,1.0,1.0,1.0,0.0,0.0,0.0,0.0,0.0,1.0,0.0,1.0,1.0,0.0,1.0,0.0,0.0,0.0,0.0,0.0,0.0,0.0,0.0,0.0,0.0,0.0,0.0,0.0,0.0,0.0,0.0,1.0,0.0,0.0,0.0,0.0,0.0,0.0,0.0,0.0,0.0,0.0,4024.708,167.91348,80.19282,16.849827,19.025547,65.45961,17.696636,15.435369,65.17627,32.221188,36.05877,43.706562,5.242968,6.078883,0.04357092,17.254242,175.8422,133.93971,-72.02791,-50.496872,36.756187,0.85770273,1.1998113,4.3350554,1.4825504,1.094266,432.40558,1509.1959,5.3861966,3.1363904,0.0,0.0,1.0,0.0,0.0,0.0,1.0
71.506516,6.0205135,49.20519,0.1484137,3.5894282,1.6857953,0.12504332,0.11221892,0.027061798,0.043036122,-3910.946,0.0069302297,5357.8594,0.021180302,38195.9,0.022193737,-41408.6,313277.16,-1565338.9,133662.67,-26549.764,84.30303,41.602398,113.75375,44.920586,22.790665,68.57771,13.18375,50.008038,5.7093244,171.9531,39.764626,0.0,11.594957,0.70394754,77.58632,14.551131,1.0,0.0,11.070268,151.3408,3.9001727,2.0,1.4962248,0.0,0.0,0.0,0.0,1.0,1.0,0.0,1.0,0.0,1.0,0.0,0.0,0.0,0.0,0.0,0.0,0.0,1.0,0.0,0.0,0.0,0.0,1.0,0.0,0.0,0.0,0.0,0.0,1.0,1.0,0.0,0.0,0.0,0.0,0.0,0.0,0.0,0.0,0.0,0.0,1.0,1.0,1.0,0.0,0.0,0.0,0.0,0.0,0.0,0.0,1268.6919,105.79787,67.93417,7.835122,9.938189,16.484217,5.9403596,3.0331967,11.647287,7.384113,12.529316,16.998625,3.1213822,4.451232,1.8463023,41.646484,97.48403,41.089237,47.45029,0.7699875,80.85683,0.81648535,1.042032,2.3108969,2.099564,1.5308678,45.09796,81.6483,3.9843788,1.8033501,0.0,1.0,0.0,0.0,0.0,0.0,1.0
83.36388,2.6178093,56.36642,13.64238,6.124166,0.38708195,0.04641971,-0.046036933,0.009967485,0.028087186,46392.863,-0.004718828,6777.989,0.0014556884,118264.664,-0.042838834,128293.5,-142255.0,-1789694.9,233446.22,68919.91,110.69437,55.781048,74.23533,64.968445,36.101765,0.80506504,34.46066,85.43807,-6.125583,158.97656,118.19047,0.0,33.79849,0.5949763,43.017178,46.31111,0.0,0.0,10.642401,219.52034,224.09966,2.0,2.2789295,1.0,0.0,0.0,0.0,1.0,1.0,1.0,1.0,0.0,1.0,1.0,1.0,0.0,0.0,1.0,0.0,0.0,0.0,0.0,0.0,0.0,0.0,1.0,0.0,0.0,0.0,0.0,0.0,0.0,1.0,1.0,1.0,1.0,1.0,1.0,1.0,0.0,1.0,0.0,0.0,0.0,0.0,0.0,0.0,0.0,0.0,0.0,0.0,0.0,0.0,-18.511782,127.691895,73.15555,-2.5161786,-4.2083163,24.148853,-1.7485018,-1.9699221,22.97854,10.593498,7.06124,9.053952,3.618131,5.2222047,6.750024,51.81959,152.03659,76.370705,9.357579,-44.464428,63.204865,0.7997012,0.8941265,1.6200819,0.20263916,1.4526833,159.48735,338.66608,4.366746,2.0978546,0.0,0.0,1.0,0.0,0.0,1.0,0.0
73.202576,4.3866525,29.184265,6.327187,4.459512,0.66698474,0.067593455,0.2310682,0.061946243,0.006708037,8771.861,0.014648356,1903.5988,0.02042453,44003.766,-0.014015407,92601.78,-151410.89,-723732.56,153913.3,122656.17,111.97914,41.32935,197.0695,93.285774,35.17134,121.17398,-13.316968,23.885094,4.4887624,164.69496,62.05216,0.0,-19.885696,2.180685,41.27076,24.013247,1.0,0.0,12.714388,121.70084,152.12839,2.0,1.6829156,0.0,0.0,1.0,0.0,0.0,1.0,0.0,1.0,1.0,1.0,1.0,1.0,0.0,0.0,0.0,0.0,0.0,0.0,0.0,0.0,0.0,0.0,1.0,1.0,0.0,0.0,0.0,0.0,1.0,1.0,0.0,1.0,0.0,0.0,0.0,0.0,0.0,0.0,0.0,0.0,0.0,1.0,0.0,0.0,0.0,0.0,0.0,0.0,0.0,0.0,1059.5828,107.84652,64.20429,4.6008363,9.378805,53.853664,8.50477,0.90711355,51.849678,21.60078,7.9037457,10.451108,2.1822906,3.983481,4.2303276,61.538692,130.62541,56.535927,222.83453,137.62572,11.648005,1.0916435,1.1704587,1.7048662,2.1538575,1.4365469,416.59888,470.95865,3.6829038,2.5490887,0.0,0.0,1.0,0.0,0.0,0.0,1.0
61.246185,-1.6852517,70.401054,20.473661,5.906473,0.7657342,0.11559421,-0.18049523,-0.09042125,0.05163837,18395.154,0.027888115,3951.781,-0.0010127159,55358.56,0.26311243,148214.83,-333227.44,-20570.664,428087.97,164275.2,193.835,33.322792,122.20309,224.6204,52.73023,-14.343454,40.814476,122.78538,-6.541961,159.51012,120.90484,0.0,42.53704,3.111766,51.433826,46.68351,1.0,0.0,12.369193,80.84981,98.58632,1.0,2.3172507,1.0,0.0,0.0,0.0,0.0,0.0,0.0,0.0,0.0,0.0,0.0,0.0,0.0,0.0,0.0,0.0,0.0,0.0,0.0,0.0,0.0,1.0,0.0,0.0,0.0,0.0,0.0,0.0,0.0,0.0,0.0,0.0,0.0,0.0,0.0,0.0,0.0,0.0,0.0,0.0,1.0,0.0,0.0,0.0,0.0,0.0,0.0,0.0,0.0,0.0,-624.65216,203.76816,103.68168,-3.341373,-5.921551,15.650774,-5.209673,-5.832556,15.077624,5.247554,6.099336,5.75539,2.8812232,5.5917144,9.872064,90.02268,233.25235,88.41491,77.09801,-34.561134,104.43371,1.7990948,2.0622928,0.6835472,-0.11213595,1.2171663,-63.02541,1116.7675,5.5458465,0.4409673,0.0,1.0,0.0,0.0,0.0,0.0,1.0
89.81992,4.7699866,45.3775,6.145026,4.293489,1.1440134,0.10589648,0.09021409,0.027821042,0.12004167,-3474.003,0.0011972174,5145.1963,0.0048904195,20329.203,-0.0015410444,52810.164,223813.83,-477947.8,163970.28,53366.824,104.589195,45.154083,105.878365,76.698296,32.75623,50.28776,21.636154,62.922684,3.529515,171.51608,87.31396,0.0,24.009075,2.1524868,48.051247,31.162775,0.0,0.0,11.865695,244.00957,137.97012,1.0,2.0166225,0.0,0.0,1.0,1.0,1.0,1.0,0.0,1.0,1.0,1.0,0.0,1.0,0.0,1.0,1.0,0.0,0.0,0.0,0.0,0.0,1.0,0.0,0.0,0.0,0.0,0.0,0.0,0.0,0.0,1.0,1.0,0.0,0.0,0.0,1.0,1.0,0.0,0.0,0.0,1.0,1.0,0.0,0.0,0.0,0.0,0.0,0.0,0.0,0.0,0.0,318.3053,123.04024,75.72597,4.0111103,5.1990743,31.335068,4.4656205,2.185402,30.245228,17.139559,14.943053,15.472388,3.1581147,4.5864344,4.2409368,51.615437,125.27453,75.056046,39.811207,-13.554796,54.80772,1.0348883,1.0762622,1.0234146,1.6751368,1.6689605,173.25266,591.42505,4.160496,1.9921874,1.0,0.0,1.0,0.0,1.0,0.0,0.0
74.23177,3.000358,18.296013,2.9948132,0.073286735,1.953281,0.2879045,0.08732186,0.1398327,0.21147704,33535.3,0.008168636,2908.641,0.033276092,81582.5,0.20145726,-34296.984,28239.227,-764300.75,206518.95,-15253.64,82.2914,38.02196,37.76479,-26.579382,-5.172433,4.554422,45.854904,75.95696,8.258902,150.0405,16.838604,0.0,48.023125,-4.3512897,84.00383,14.032175,1.0,0.0,8.753143,146.2332,40.202034,2.0,1.0818883,1.0,0.0,0.0,1.0,0.0,0.0,0.0,1.0,0.0,1.0,0.0,1.0,0.0,0.0,0.0,0.0,0.0,0.0,0.0,1.0,0.0,0.0,0.0,0.0,0.0,0.0,0.0,0.0,1.0,0.0,0.0,0.0,0.0,0.0,0.0,0.0,0.0,1.0,0.0,1.0,0.0,0.0,0.0,0.0,0.0,0.0,0.0,0.0,0.0,0.0,979.4428,100.46749,45.160473,11.323287,11.743251,13.970822,8.63875,13.04453,13.906831,9.454564,24.669298,32.029533,5.6449747,6.5608544,2.9459777,17.341366,140.10841,100.9118,-90.792946,-92.34104,53.389267,0.2757374,0.27704924,3.8423388,1.5590365,1.5822506,-47.424225,418.1586,4.051221,4.753277,0.0,0.0,1.0,0.0,0.0,0.0,1.0
65.992134,3.9918635,56.943253,9.36721,5.0730257,1.677002,0.16603026,0.21141203,-0.0066213836,0.0573334,31241.07,0.0055135586,2729.0818,0.015575456,47360.797,0.050398797,66175.31,1759.2441,-257063.7,114475.21,68722.09,91.06549,18.149065,89.780426,91.176476,25.016394,5.52651,50.069016,83.19476,1.1960688,159.65231,116.76484,0.0,54.593803,0.23123702,66.02154,45.29888,0.0,0.0,14.836187,129.9478,105.62187,0.0,2.2823129,1.0,0.0,0.0,0.0,0.0,0.0,0.0,0.0,0.0,1.0,1.0,1.0,0.0,0.0,0.0,0.0,0.0,0.0,0.0,0.0,0.0,0.0,0.0,0.0,0.0,0.0,0.0,0.0,0.0,0.0,0.0,0.0,0.0,0.0,0.0,0.0,0.0,0.0,0.0,0.0,1.0,0.0,0.0,0.0,0.0,0.0,0.0,0.0,0.0,0.0,-9.929923,153.68442,88.64935,6.214066,6.1843696,36.021904,4.567697,4.5349693,31.70789,14.9103985,12.791552,12.048408,2.7193007,4.2241054,4.620863,53.695366,30.987877,5.469282,37.762535,14.571197,23.993427,0.97085947,1.1975006,1.1049705,0.5406913,1.761684,208.28532,638.9528,4.5540576,2.2151299,0.0,0.0,1.0,0.0,0.0,1.0,0.0
70.70165,1.0294305,50.362255,16.158281,4.8329616,1.3615603,0.11954738,0.01852561,0.032437935,0.05864527,28313.041,-0.00014179778,5614.5786,0.035726823,90530.53,-0.044677004,109091.81,-36899.28,-1036405.75,262922.44,33462.324,113.26983,54.302177,102.45556,60.28386,33.881405,28.085659,29.956547,65.567726,-1.7179867,163.80869,78.873184,0.0,31.11625,1.3202513,47.428925,30.04521,1.0,0.0,12.083472,131.95392,112.20921,1.0,1.8772123,1.0,0.0,0.0,0.0,1.0,0.0,0.0,1.0,0.0,1.0,0.0,1.0,0.0,0.0,1.0,0.0,0.0,0.0,0.0,0.0,0.0,0.0,0.0,0.0,0.0,0.0,0.0,0.0,1.0,1.0,0.0,0.0,0.0,0.0,0.0,1.0,0.0,0.0,0.0,0.0,0.0,0.0,0.0,0.0,0.0,0.0,0.0,0.0,0.0,0.0,686.0792,147.29399,83.2664,2.7922122,2.5287495,20.10785,1.725516,0.9868127,15.496305,8.300148,8.026641,9.0073395,3.7491252,5.0838447,5.147815,51.587128,157.4194,92.42032,51.975822,-0.45306373,50.65119,0.70958185,0.86610794,1.9712894,1.1581403,0.5639133,13.8602,185.39117,3.3720846,1.7257245,0.0,0.0,1.0,0.0,0.0,1.0,0.0
58.241787,-5.671921,70.67445,24.601198,5.163582,1.2546134,0.16006047,-0.19033276,0.038860004,0.1212638,5968.0093,0.017885359,10106.088,0.026174571,110548.85,0.31915045,228703.31,-263243.47,-599062.56,517112.38,116185.586,169.91588,27.693916,26.237097,206.63675,49.764782,-47.631245,78.82212,153.64954,7.920334,169.78389,106.89131,1.0,91.54327,7.394604,91.68944,39.74282,0.0,0.0,13.16575,-21.788237,64.57692,0.0,2.2453108,1.0,0.0,1.0,0.0,1.0,0.0,0.0,0.0,0.0,0.0,0.0,0.0,0.0,0.0,1.0,0.0,0.0,1.0,0.0,0.0,0.0,1.0,0.0,0.0,0.0,0.0,0.0,0.0,0.0,1.0,0.0,0.0,0.0,0.0,0.0,1.0,0.0,0.0,0.0,0.0,1.0,0.0,0.0,0.0,0.0,0.0,0.0,0.0,0.0,0.0,-288.2346,236.65195,124.34084,4.790802,5.457515,32.687088,2.0719066,0.15800953,30.288673,11.628723,20.955555,22.043898,2.2271817,5.5619173,8.901548,104.66181,171.943,36.00849,-101.93138,-181.71643,103.4339,1.6990312,2.1545727,0.037047356,-0.488984,1.2861782,-204.71938,952.6163,6.7220607,4.8167806,0.0,1.0,0.0,0.0,0.0,0.0,0.0
58.46898,7.7216244,21.36815,-8.061196,1.103763,0.5782442,0.19990627,0.23251405,0.13837394,0.2137799,-18030.547,-0.009953088,8609.298,-0.008235242,87290.18,0.15913738,41801.59,269768.6,-807869.4,48685.926,72240.086,116.20535,54.948105,46.161755,122.656944,54.960632,34.40957,67.60863,128.32683,7.290481,158.14713,72.78015,0.0,73.45364,2.861167,72.5054,32.312366,0.0,0.0,8.963865,130.26347,-125.474144,1.0,1.7812924,0.0,0.0,0.0,1.0,0.0,1.0,0.0,1.0,1.0,1.0,0.0,0.0,0.0,0.0,0.0,0.0,0.0,1.0,0.0,0.0,0.0,0.0,0.0,0.0,0.0,0.0,0.0,0.0,0.0,0.0,0.0,1.0,0.0,0.0,0.0,1.0,0.0,1.0,0.0,1.0,1.0,0.0,0.0,0.0,0.0,0.0,0.0,0.0,0.0,0.0,755.598,103.52466,52.971733,3.5559397,11.5844345,59.34307,4.307325,4.0011406,58.53854,26.912403,29.46497,36.73715,3.1702943,4.9696927,4.3000183,70.65439,132.87764,59.721737,-133.58215,-158.06477,107.675545,1.4239607,1.9596592,3.01788,1.6339835,3.2755642,337.6354,1607.4808,5.639563,5.7614536,1.0,1.0,0.0,0.0,0.0,0.0,1.0
68.39366,1.347872,30.704235,11.937753,2.386723,0.62114054,0.19500989,0.031759545,0.074576825,0.09500994,22259.229,-0.00024078586,11313.797,0.03967722,147162.48,-0.0077860686,39497.684,161991.44,-1924998.9,318625.7,69746.05,97.17839,60.665356,79.75681,38.441563,34.885544,39.396606,-13.41938,23.80181,9.447647,159.78348,60.857166,0.0,-24.464058,-0.97072786,76.20627,27.005121,0.0,0.0,10.554984,153.76541,-57.13905,2.0,1.6552666,1.0,0.0,1.0,0.0,0.0,0.0,0.0,0.0,0.0,0.0,0.0,0.0,0.0,1.0,0.0,0.0,0.0,0.0,0.0,0.0,0.0,0.0,0.0,0.0,0.0,0.0,0.0,0.0,0.0,0.0,0.0,1.0,0.0,0.0,1.0,0.0,0.0,0.0,0.0,1.0,1.0,0.0,0.0,0.0,0.0,0.0,0.0,0.0,1.0,0.0,185.40736,131.45258,56.8304,10.660501,12.124821,34.218624,10.730463,7.0972023,31.43403,16.64236,16.754549,17.90857,3.4478095,4.855997,4.645643,50.14173,155.79915,93.01656,-12.05701,-66.57447,86.285805,0.744043,1.02945,1.4243407,1.8963673,0.53732437,152.14394,510.6603,3.5052857,2.6815288,0.0,1.0,0.0,0.0,0.0,1.0,0.0
-5.32327,-5.74584,0.29538745,-1.6126466,-7.249414,-0.84455615,0.30721033,0.01865826,0.36072937,0.26570484,47550.215,-0.028574346,29536.246,-0.0042717136,447616.38,0.09601588,152359.61,-815760.4,-2649402.5,615329.9,327183.4,141.88568,68.244484,41.12939,180.66002,87.73853,-26.345097,95.97967,269.6185,21.822351,147.88887,129.03893,0.0,102.98632,-10.528008,142.56168,57.955906,0.0,0.0,8.64328,27.883913,-136.94531,2.0,2.3088799,0.0,0.0,0.0,0.0,0.0,0.0,0.0,0.0,0.0,0.0,0.0,0.0,0.0,0.0,0.0,0.0,0.0,0.0,0.0,0.0,0.0,0.0,0.0,0.0,0.0,0.0,0.0,0.0,0.0,0.0,0.0,0.0,0.0,0.0,0.0,0.0,0.0,1.0,0.0,1.0,1.0,0.0,0.0,0.0,0.0,0.0,0.0,0.0,0.0,0.0,-1346.1915,235.03627,71.244995,10.733727,17.58463,124.51585,17.417967,14.837696,119.07997,49.88046,63.52109,82.69061,1.2125618,6.095258,9.871364,159.41801,197.31615,-77.033714,-113.43925,-265.8474,241.20026,1.7931008,3.2621694,7.538096,-1.9119141,2.3650804,16.478262,2836.3137,9.872937,1.1822829,0.0,1.0,0.0,0.0,0.0,0.0,0.0
66.52867,2.337525,38.500748,13.600506,5.064838,0.7766584,0.097334914,0.21033037,0.029810036,0.010016338,12058.014,0.005669245,-132.41211,0.017434651,24009.246,-0.03205428,81514.69,-168797.77,-277024.06,219545.36,115229.195,147.2419,56.935936,182.38571,93.78557,38.235786,97.96719,23.098074,75.17439,5.7620077,166.77269,104.48689,0.0,23.32126,0.022110084,48.66451,38.18637,1.0,0.0,13.841111,108.360435,79.31339,0.0,2.169185,1.0,0.0,0.0,0.0,0.0,1.0,0.0,1.0,0.0,1.0,0.0,1.0,0.0,0.0,0.0,0.0,0.0,0.0,0.0,1.0,0.0,0.0,1.0,0.0,0.0,0.0,0.0,0.0,1.0,1.0,0.0,0.0,0.0,0.0,0.0,0.0,0.0,0.0,0.0,0.0,0.0,0.0,0.0,0.0,0.0,0.0,0.0,0.0,0.0,0.0,419.91925,144.52591,82.6156,7.823272,11.021917,49.433056,10.882198,4.968165,47.606968,21.864063,9.287298,9.6220665,4.3841157,5.891223,5.598654,43.589478,225.90971,138.27205,175.62245,103.1075,25.641954,0.8585023,0.9521904,1.8781548,1.5668482,0.7036144,331.2769,400.9968,4.4848247,0.9233977,1.0,1.0,1.0,0.0,0.0,1.0,0.0
89.34476,7.268011,33.109123,3.2080703,2.484381,0.93165827,0.13824344,-0.05394742,-0.021938944,0.08818196,2203.351,0.011322503,5208.7686,0.016488591,1926.1912,0.030607788,58876.496,420139.44,506251.25,163649.97,38396.195,94.64081,43.25858,78.58993,53.38549,26.04797,18.002617,-23.513643,0.22039229,5.246287,170.1021,65.602394,0.0,-32.341442,1.3636183,53.935383,23.656265,0.0,0.0,11.002531,207.53114,74.401855,3.0,1.7702703,0.0,0.0,0.0,1.0,1.0,0.0,0.0,1.0,1.0,1.0,0.0,1.0,0.0,0.0,0.0,0.0,0.0,0.0,0.0,0.0,0.0,0.0,0.0,0.0,0.0,0.0,0.0,0.0,0.0,1.0,1.0,1.0,0.0,0.0,1.0,1.0,0.0,1.0,0.0,1.0,1.0,0.0,0.0,0.0,0.0,0.0,0.0,0.0,0.0,0.0,-462.7304,93.069336,53.331905,8.207881,8.923844,9.119385,6.921266,5.9682846,6.1637692,8.955776,19.812351,22.642736,3.621479,4.6990976,3.849226,39.107845,117.22779,77.95682,8.567692,-43.302773,71.152374,0.85210055,0.9016609,1.1786716,1.494586,1.6463996,-58.045055,264.07062,3.2871542,2.9229596,0.0,0.0,1.0,0.0,1.0,0.0,0.0
67.22363,-1.4388953,39.213734,13.309116,4.4406548,1.0475682,0.13873544,0.16198428,0.06579259,0.05318337,42746.766,-0.0016847557,6604.2314,0.0020256413,79947.87,-0.05329694,84420.375,-343491.56,378826.03,395723.78,141838.03,84.15105,19.115843,101.580925,70.34431,21.184614,6.824964,27.839464,78.25357,10.344856,153.78471,111.41798,0.0,26.132246,0.9215067,56.902332,46.010593,1.0,1.0,15.315224,67.11702,21.54802,0.0,2.1584446,1.0,0.0,0.0,0.0,0.0,0.0,0.0,0.0,0.0,0.0,1.0,1.0,1.0,0.0,0.0,0.0,0.0,0.0,0.0,0.0,0.0,0.0,0.0,0.0,0.0,0.0,0.0,0.0,1.0,0.0,0.0,0.0,1.0,0.0,0.0,0.0,0.0,0.0,0.0,0.0,0.0,0.0,0.0,0.0,0.0,0.0,0.0,0.0,0.0,0.0,-1342.1099,198.80237,109.36243,12.383497,12.839406,53.83492,11.594844,9.6943245,49.280964,21.084396,16.58595,13.760733,1.9766432,4.287963,6.471963,81.60247,35.834007,-37.184536,82.50696,9.803155,63.38138,0.9378056,1.2384379,1.4409544,0.08406067,0.7365041,289.3355,607.87366,4.459114,3.5365574,0.0,1.0,0.0,0.0,0.0,1.0,1.0
75.490746,-0.5104279,79.89479,22.934092,8.348084,0.667099,0.04301608,-0.2062822,-0.09261997,-0.01015405,32262.586,0.010275095,5882.8535,0.022124238,78232.33,-0.02775436,179692.48,-161681.7,-1962848.9,309445.9,47213.484,149.61824,96.67412,99.27966,77.52209,61.07179,-6.178595,-3.4019032,35.465874,-8.940105,175.81165,92.166405,0.0,-11.155719,2.5739172,47.035652,30.35868,1.0,0.0,12.031044,133.1822,176.2891,2.0,2.0842743,0.0,0.0,0.0,0.0,1.0,1.0,0.0,1.0,0.0,1.0,1.0,0.0,0.0,0.0,0.0,1.0,0.0,1.0,0.0,0.0,0.0,0.0,1.0,1.0,0.0,0.0,0.0,0.0,0.0,0.0,0.0,1.0,0.0,0.0,0.0,0.0,0.0,0.0,0.0,0.0,0.0,0.0,0.0,0.0,0.0,0.0,0.0,0.0,0.0,0.0,-724.3599,131.02863,73.54975,-5.7524457,-7.7561545,-8.498331,-6.4305835,-4.5448675,-13.123607,-4.4739966,-7.1055613,-9.276718,5.624051,6.406421,7.2436533,27.914932,298.1015,216.27214,58.62444,-4.8645687,68.93053,0.8652431,0.9662959,1.2366889,0.78777504,-0.060605627,78.34177,100.345116,3.9235427,4.4766655,0.0,0.0,0.0,0.0,0.0,1.0,0.0
49.10531,2.1385546,41.380783,7.143585,1.2049397,1.0295005,0.19179462,0.021855585,0.091451295,0.07855772,-39382.324,-0.020114018,5018.9795,0.03648637,11600.069,0.025921868,89113.484,29444.084,-1347077.5,348819.03,42853.867,171.10802,47.963955,98.84757,123.4276,32.532463,82.37989,69.9315,144.65462,13.598202,165.28737,83.17554,0.0,77.752304,2.1045327,118.77421,32.463036,0.0,0.0,10.3709755,84.49751,-30.164246,2.0,1.9384909,0.0,0.0,1.0,0.0,0.0,0.0,0.0,0.0,0.0,1.0,0.0,1.0,0.0,0.0,1.0,0.0,0.0,1.0,0.0,0.0,1.0,0.0,0.0,0.0,0.0,0.0,0.0,0.0,1.0,1.0,0.0,1.0,0.0,0.0,1.0,1.0,0.0,1.0,0.0,1.0,1.0,1.0,0.0,0.0,0.0,0.0,0.0,0.0,0.0,0.0,197.78658,151.80026,66.267586,10.571881,16.094975,37.308163,10.676778,6.5494657,35.810482,16.093735,29.015806,38.986713,4.6097507,6.9033527,5.039305,73.537735,251.81554,132.03381,-29.223835,-103.83051,120.59638,1.0385209,1.4242,2.8325076,2.205385,0.965851,-128.2264,756.75836,6.535818,4.523491,0.0,1.0,0.0,0.0,0.0,0.0,0.0
80.49496,2.3881059,37.893173,10.658451,2.951086,0.6010499,0.1165778,-0.023514897,-0.0059614596,0.058060758,18583.494,0.0059635723,4971.2646,0.025379442,68786.23,0.040379804,88288.805,-95117.35,-1867374.8,170495.08,23814.059,155.02707,72.08024,138.33026,100.98061,45.76575,78.084526,25.758549,64.99495,0.7587285,170.28825,76.429855,1.0,27.756353,-0.85540885,59.36148,27.348494,1.0,0.0,9.942297,133.57735,73.6757,2.0,1.8571328,1.0,0.0,0.0,1.0,1.0,1.0,0.0,1.0,0.0,1.0,0.0,1.0,0.0,0.0,1.0,0.0,1.0,0.0,0.0,0.0,0.0,0.0,1.0,0.0,0.0,0.0,0.0,0.0,1.0,0.0,0.0,0.0,0.0,0.0,0.0,0.0,0.0,0.0,0.0,0.0,0.0,1.0,0.0,0.0,0.0,0.0,0.0,0.0,0.0,0.0,1603.572,116.792694,61.017914,3.2247214,3.4178452,28.969587,3.604859,3.7755206,27.964848,17.01107,17.60698,21.622986,5.01771,6.172079,6.3723745,43.384403,263.74326,178.18674,88.37873,29.301533,52.532032,0.9294831,1.1068271,2.703656,0.5811894,0.9196026,52.82554,844.94617,4.1762805,4.8936715,0.0,0.0,1.0,0.0,0.0,0.0,1.0
71.48499,1.1113636,41.285053,9.947214,4.591899,1.4768201,0.17511646,0.27525517,0.07575329,0.15242752,-22270.092,0.004126897,3405.5916,0.028887652,8415.65,0.079599805,63092.406,-186282.75,-1772587.6,169689.6,39676.65,82.08854,45.619125,99.88403,45.222393,28.354239,48.454773,37.540955,72.84942,-1.1975284,158.70834,63.001465,0.0,39.462807,2.4888425,60.64024,27.392904,1.0,0.0,13.643171,132.2695,-1.5897708,1.0,1.6588374,1.0,0.0,0.0,1.0,0.0,1.0,0.0,1.0,1.0,1.0,0.0,0.0,0.0,0.0,0.0,0.0,1.0,0.0,0.0,0.0,0.0,0.0,0.0,0.0,0.0,0.0,0.0,0.0,0.0,0.0,0.0,0.0,0.0,0.0,0.0,1.0,0.0,1.0,0.0,1.0,1.0,0.0,0.0,0.0,0.0,0.0,0.0,0.0,0.0,0.0,401.3481,127.75678,73.91128,-1.1669028,2.31192,41.995583,-0.91824293,0.50770307,41.947536,20.356945,7.043088,6.807412,2.6319458,4.279166,3.8493567,66.162094,87.834755,33.682014,27.67863,-0.38101605,52.993496,0.9817194,1.1610099,3.1107597,1.8730013,1.3789092,458.04785,835.8958,3.9310331,2.55701,1.0,0.0,1.0,0.0,0.0,0.0,1.0
74.11922,4.4557333,22.198706,8.738703,2.3706846,0.58890593,0.09585363,0.16829367,0.09948623,0.019041603,47826.035,-0.0038181012,5204.4766,-0.0056281537,119398.12,0.032611202,89357.42,-228586.06,-280329.28,346670.25,167782.95,141.00317,50.278202,143.38191,69.46123,24.65728,47.830433,48.554523,112.89325,0.034088854,150.53845,127.03059,0.0,48.617542,-1.1890717,41.499573,51.122627,1.0,0.0,12.151706,105.55483,141.29396,2.0,2.310876,1.0,0.0,0.0,0.0,0.0,0.0,0.0,0.0,0.0,0.0,1.0,1.0,1.0,0.0,0.0,0.0,0.0,0.0,0.0,1.0,0.0,0.0,0.0,0.0,0.0,0.0,0.0,0.0,1.0,0.0,0.0,0.0,0.0,0.0,0.0,1.0,0.0,1.0,0.0,0.0,0.0,0.0,0.0,0.0,0.0,0.0,0.0,0.0,0.0,0.0,-1641.1581,119.2978,63.439896,3.3609366,6.4635344,52.37542,6.406311,6.165988,51.74911,22.741993,16.540827,21.461847,4.0498633,6.1809654,7.152423,72.29816,223.41649,128.46056,122.12791,60.95192,44.47464,0.6210894,0.82708764,3.7217731,-0.06893182,2.714463,198.16429,816.04016,4.8089695,1.3211763,0.0,1.0,0.0,0.0,0.0,1.0,0.0
68.974045,5.961619,33.012047,6.630455,4.325569,0.8019043,0.05437957,0.2569751,0.039374173,0.021193251,3140.495,0.006328546,-1580.2996,0.0076025906,-19673.873,0.0072207483,55190.656,-3127.7227,-624990.4,199936.5,86194.81,154.6825,60.863003,223.72607,91.53275,34.9943,149.13037,24.328747,80.64338,1.6420033,176.18547,90.8013,1.0,26.523678,1.8828532,44.992847,29.792723,1.0,0.0,14.09236,100.33992,120.529236,2.0,2.0641234,1.0,0.0,0.0,0.0,0.0,1.0,0.0,1.0,0.0,1.0,0.0,0.0,0.0,0.0,0.0,1.0,0.0,0.0,0.0,0.0,0.0,0.0,1.0,1.0,0.0,0.0,0.0,1.0,1.0,0.0,0.0,0.0,0.0,0.0,0.0,0.0,0.0,1.0,0.0,0.0,0.0,1.0,0.0,0.0,0.0,0.0,0.0,1.0,0.0,0.0,157.98225,108.14299,69.29192,3.9150326,8.257536,46.85711,6.5050116,1.3052211,48.554577,22.232616,9.728797,12.465408,4.2079005,5.90612,4.946142,51.674343,269.84958,170.15239,244.64561,149.60054,35.23453,0.9640414,0.90287346,2.2567976,2.2712724,1.6737754,406.3983,728.984,4.9859548,0.8110456,1.0,1.0,0.0,0.0,0.0,0.0,1.0
61.2606,3.090612,82.1824,19.179832,7.696665,1.3930987,0.15295576,0.10557268,-0.024083078,0.09235725,4506.067,0.0033762765,99.851974,0.023181938,-4504.258,-0.0024921368,36870.77,-177842.05,-450165.9,158026.1,50411.496,141.0865,32.23407,151.88342,119.91696,29.505157,51.48558,20.684294,55.233517,-5.89486,175.19562,130.43376,1.0,22.735703,0.9081978,69.01404,44.05054,1.0,0.0,17.052141,124.76286,-76.83463,0.0,2.5495937,1.0,0.0,0.0,0.0,0.0,1.0,0.0,0.0,0.0,1.0,0.0,1.0,0.0,0.0,1.0,0.0,0.0,0.0,0.0,0.0,0.0,1.0,0.0,0.0,0.0,0.0,0.0,0.0,1.0,0.0,0.0,0.0,0.0,0.0,0.0,0.0,0.0,0.0,0.0,0.0,1.0,0.0,0.0,0.0,0.0,0.0,0.0,0.0,0.0,0.0,-120.979576,146.56801,80.932495,0.4426946,-0.908957,18.239943,-1.8565574,-2.7708135,16.398838,8.787129,1.2121946,-1.6630734,3.1549363,4.496488,5.9382124,48.936077,155.43736,117.17787,122.84793,77.97943,16.253399,1.0788045,1.0687665,-0.35215226,1.2565222,0.80004853,190.73701,287.50357,3.9920006,1.1470633,0.0,0.0,0.0,0.0,0.0,0.0,1.0
70.94405,2.0689468,36.97962,14.897506,4.206592,0.52461815,0.055849425,0.015559847,-0.039977804,-0.0729231,9085.55,0.010808349,1235.1442,0.019663513,-14181.269,-0.049110375,104182.695,33878.652,-207500.64,246757.12,107649.77,152.4519,65.99131,141.93748,93.364746,41.33426,48.503223,21.940832,65.13779,1.10904,164.38231,76.601585,0.0,23.038641,2.1326153,43.644398,29.45984,1.0,1.0,12.845111,95.70382,28.333677,0.0,1.8420557,0.0,0.0,1.0,0.0,0.0,0.0,0.0,1.0,1.0,1.0,1.0,1.0,0.0,0.0,0.0,0.0,0.0,1.0,0.0,0.0,1.0,0.0,1.0,0.0,0.0,0.0,0.0,0.0,1.0,0.0,0.0,1.0,0.0,0.0,1.0,0.0,0.0,1.0,0.0,0.0,0.0,1.0,0.0,0.0,0.0,0.0,0.0,0.0,1.0,0.0,-54.145596,125.123535,74.022835,4.4248257,6.852133,24.893415,6.357571,2.766181,21.911997,11.975264,9.1631155,10.950218,4.701169,5.906526,5.2671757,39.72147,250.93474,163.8574,127.27658,54.311253,33.664658,0.9537988,0.9701365,2.1643908,1.261741,1.6424774,134.25958,139.02507,3.9089055,2.5329113,0.0,1.0,0.0,0.0,0.0,1.0,0.0
86.45554,4.1068916,45.27753,-1.8004137,3.749362,1.0017829,0.09938803,0.13352549,0.064896174,0.0492735,-14590.026,-0.004905279,101.295074,0.023984728,-30533.252,0.022355355,48400.062,39710.746,-942791.9,159732.36,35250.223,101.27427,31.648329,130.37704,61.95315,18.834797,95.14801,24.330853,51.7927,4.744534,161.54239,27.699236,0.0,25.916264,0.46164295,65.561424,13.322873,0.0,0.0,11.204982,111.87958,24.260902,0.0,1.3147856,1.0,0.0,0.0,0.0,1.0,1.0,0.0,1.0,0.0,0.0,1.0,1.0,1.0,0.0,0.0,0.0,0.0,0.0,0.0,0.0,0.0,0.0,0.0,0.0,0.0,0.0,0.0,0.0,1.0,1.0,0.0,0.0,0.0,0.0,0.0,0.0,0.0,0.0,0.0,0.0,0.0,0.0,0.0,0.0,0.0,0.0,0.0,0.0,0.0,0.0,1061.7457,114.992905,70.99056,6.6154194,8.161688,36.92095,6.2086143,2.8831394,30.8633,12.9257965,11.477215,14.462225,3.744245,4.9636703,3.6829495,34.234283,99.33615,64.1219,74.24007,34.507076,59.861546,0.74110967,0.8282044,0.77977264,1.6801205,0.87677413,161.49146,456.17517,3.8381975,3.5804415,0.0,0.0,1.0,0.0,0.0,0.0,1.0
68.92654,10.778908,69.44751,8.371258,8.159088,-0.18408443,-0.09069028,-0.04009612,-0.16246362,-0.16671392,50346.406,8.891949e-05,6570.9355,-0.031123584,158681.72,-0.18549313,139618.88,46789.67,2592750.5,177847.67,182241.34,256.365,59.40796,256.5416,277.08664,76.180534,101.98201,-2.8857408,69.5741,0.44229245,202.11969,220.3407,1.0,-3.3763802,3.8880816,-8.640752,65.21847,1.0,1.0,10.348045,94.37462,151.59193,0.0,3.6558895,1.0,0.0,0.0,0.0,0.0,0.0,0.0,0.0,1.0,0.0,0.0,0.0,0.0,0.0,1.0,0.0,0.0,0.0,0.0,1.0,0.0,0.0,0.0,0.0,0.0,0.0,0.0,0.0,0.0,0.0,0.0,0.0,0.0,0.0,0.0,0.0,0.0,0.0,0.0,0.0,1.0,0.0,0.0,0.0,0.0,0.0,0.0,0.0,0.0,0.0,-14.39902,176.21312,113.44617,7.2121553,6.7650824,37.17192,10.003721,0.3003645,33.473946,19.728123,10.799002,11.048448,4.3099055,5.903395,11.244771,65.74858,370.33258,237.76752,288.82745,145.40945,82.261856,1.7467933,1.6771518,-1.5500274,-0.7212465,2.0172102,137.9086,1182.1082,4.2265453,1.5487629,0.0,1.0,0.0,0.0,0.0,0.0,1.0
77.37232,4.50817,20.501995,13.235393,1.1876425,1.2236565,0.11587465,-0.1339412,-0.08274149,-0.002946275,21079.02,0.0011221414,4614.002,0.021769904,14805.93,-0.00312122,93033.75,445575.0,-465878.56,120367.016,-18561.115,170.84396,82.16826,85.88385,151.98097,70.11298,45.884113,52.410183,94.08258,10.39478,164.73802,94.1773,1.0,59.35318,2.5995805,63.716988,35.573483,1.0,1.0,8.504552,138.97508,79.38424,2.0,2.02366,1.0,0.0,0.0,0.0,1.0,1.0,0.0,1.0,0.0,1.0,0.0,1.0,0.0,0.0,1.0,0.0,1.0,1.0,0.0,0.0,0.0,0.0,0.0,0.0,0.0,0.0,0.0,0.0,1.0,1.0,0.0,1.0,0.0,0.0,0.0,1.0,0.0,1.0,0.0,0.0,0.0,0.0,0.0,0.0,0.0,0.0,0.0,0.0,0.0,0.0,1458.4589,117.2195,64.93528,14.736778,15.47125,6.786742,12.603797,11.445662,6.7116075,13.523183,28.442123,31.549854,5.280572,6.010214,4.57188,38.6789,270.60968,205.62578,-13.314784,-62.35794,81.2179,1.3201836,1.6251004,1.8798234,1.5663761,1.6554914,-224.77623,706.5603,4.788055,3.1879258,1.0,1.0,0.0,0.0,1.0,0.0,0.0
72.83431,12.091194,32.932125,0.61456525,4.427883,1.944732,0.17795657,0.21628463,0.05839356,0.082183115,29733.416,0.012340974,2766.9802,0.04352521,38187.566,0.0765465,1542.0178,218801.28,135860.64,100469.25,3753.5266,40.720497,5.985709,47.98303,-4.1274376,-6.9002748,-1.6355597,15.923248,30.496304,5.1814923,163.64903,91.79691,0.0,14.757104,0.034692496,64.82471,34.684715,0.0,0.0,13.783811,142.67067,57.621826,2.0,2.0204196,1.0,0.0,0.0,0.0,0.0,0.0,0.0,0.0,1.0,1.0,0.0,1.0,0.0,0.0,0.0,0.0,0.0,0.0,0.0,0.0,0.0,0.0,0.0,0.0,0.0,0.0,0.0,0.0,0.0,0.0,0.0,0.0,0.0,0.0,0.0,0.0,0.0,0.0,0.0,0.0,0.0,0.0,0.0,0.0,0.0,0.0,0.0,0.0,0.0,0.0,-115.96384,93.58627,57.476078,11.224836,11.697503,15.808795,8.150886,9.64109,14.415401,7.2235804,12.977407,11.356496,2.7904723,3.9139924,2.4550657,44.186836,-28.371851,-35.204075,-26.630747,-50.136116,61.64423,0.49012136,0.54306203,1.1647036,1.3801715,0.831565,37.035217,264.52643,3.3654535,0.009739726,1.0,0.0,1.0,0.0,0.0,1.0,0.0
41.908768,-5.6810145,82.49565,35.767067,6.0022345,-0.17411673,-0.011948272,-0.21159233,0.016782824,-0.022570234,76067.08,-0.05229176,21256.178,-0.047972135,328147.12,-0.18264286,255810.88,-279012.22,-3376744.5,415183.38,40707.402,257.10156,108.44873,90.59903,235.34457,96.114716,35.248127,171.40134,286.21494,-0.2601253,181.74858,211.78308,0.0,200.65579,4.6304126,49.52027,71.96574,0.0,0.0,14.66385,43.981327,68.79655,2.0,3.4603376,1.0,0.0,0.0,0.0,0.0,0.0,0.0,0.0,0.0,1.0,0.0,0.0,0.0,0.0,1.0,0.0,0.0,1.0,0.0,0.0,1.0,0.0,0.0,0.0,0.0,0.0,0.0,0.0,1.0,1.0,0.0,1.0,0.0,0.0,0.0,1.0,0.0,1.0,0.0,0.0,1.0,0.0,0.0,0.0,0.0,0.0,0.0,0.0,1.0,0.0,13.97872,195.89896,106.73195,-0.50721896,1.8653307,36.624756,0.8484979,-4.8301997,33.836037,18.70149,26.41838,37.4774,5.9955225,8.547862,9.172508,80.91259,452.90598,279.5806,-30.147594,-105.002075,74.57969,1.4071863,2.0211525,2.7234244,-1.1651853,3.9364326,-231.27168,664.4598,8.139266,4.0137353,0.0,1.0,0.0,0.0,0.0,0.0,0.0
83.92394,2.4444468,18.989866,2.5802612,0.018828724,-0.121926,0.14177662,-0.061639927,0.043468554,0.04589958,4487.9785,0.0029259392,3979.8135,0.012741717,36474.14,0.06242694,118876.62,110741.94,-1811326.6,231310.48,46555.844,88.392334,34.444534,55.087303,23.469627,8.007813,27.119978,46.80199,92.47742,-0.32272235,142.19377,44.212196,0.0,45.91013,-0.32857,66.86209,26.416138,1.0,0.0,5.890536,153.40234,86.46784,2.0,1.351486,1.0,0.0,0.0,0.0,0.0,1.0,0.0,1.0,0.0,1.0,1.0,0.0,0.0,0.0,0.0,0.0,0.0,1.0,0.0,0.0,0.0,0.0,0.0,0.0,0.0,0.0,0.0,0.0,1.0,0.0,0.0,1.0,0.0,0.0,0.0,1.0,0.0,0.0,0.0,0.0,0.0,0.0,0.0,0.0,0.0,0.0,0.0,0.0,0.0,0.0,673.8712,97.52457,39.479603,4.7279534,4.8130264,32.92813,4.6069164,3.639123,28.851988,15.166974,25.13639,35.035896,3.3767123,4.968173,5.9475803,58.513874,93.325935,13.965103,-28.567812,-81.89882,93.58094,0.6098691,0.79079056,3.4282932,0.6604298,2.890633,-84.99957,960.822,4.295668,2.9675295,0.0,0.0,1.0,0.0,0.0,0.0,1.0
80.94601,8.3872595,39.168518,2.003263,4.763092,1.215367,0.0974437,0.1136312,0.0029062917,0.008928495,15859.605,0.013798875,3375.2368,0.025570288,38180.867,0.02794695,32093.969,96209.39,-127941.15,113072.695,36323.906,82.2628,35.766827,132.86893,48.957855,21.431376,54.84962,-8.474394,12.741274,-1.6214161,164.98596,38.67984,0.0,-12.531195,2.7613678,57.776627,16.632391,0.0,0.0,13.563317,159.68991,63.43819,2.0,1.435705,1.0,0.0,0.0,0.0,1.0,0.0,0.0,1.0,0.0,1.0,0.0,1.0,0.0,0.0,0.0,0.0,0.0,0.0,0.0,0.0,0.0,0.0,1.0,0.0,0.0,0.0,0.0,0.0,1.0,1.0,1.0,0.0,0.0,0.0,1.0,0.0,0.0,0.0,0.0,1.0,0.0,0.0,0.0,0.0,0.0,1.0,0.0,1.0,0.0,0.0,366.7596,74.51883,50.44953,1.2165108,4.374633,14.396447,0.73945415,-0.45228457,12.670031,4.8857827,3.9843607,5.6257005,2.7424402,4.0953083,2.7051835,45.902103,77.25265,38.042294,123.85986,73.456345,20.644188,0.8766685,0.898772,2.1128817,1.922277,1.7077194,153.56178,76.70484,3.0703902,1.8830757,0.0,0.0,1.0,0.0,0.0,0.0,1.0
44.51021,5.2747865,36.8141,7.6697392,5.3410125,-0.24762647,0.06345613,0.029492721,0.010659792,-0.051864102,30299.592,0.00504887,6291.576,0.010321676,161561.3,-0.1077025,172651.89,-801755.8,-634106.8,194034.73,141602.25,145.52733,40.21077,193.96277,158.56126,49.704662,83.65952,6.065015,80.49704,-2.8182962,162.44058,87.88487,0.0,4.306434,-0.9574769,43.050343,34.97488,1.0,1.0,12.25194,87.237144,168.8454,1.0,1.9493537,1.0,0.0,0.0,0.0,0.0,0.0,0.0,0.0,0.0,1.0,0.0,1.0,0.0,0.0,0.0,0.0,0.0,0.0,0.0,0.0,0.0,0.0,1.0,0.0,0.0,0.0,0.0,0.0,1.0,0.0,0.0,0.0,0.0,0.0,0.0,0.0,0.0,0.0,0.0,0.0,0.0,0.0,0.0,0.0,0.0,0.0,0.0,0.0,0.0,0.0,-93.62172,119.73247,51.8729,-1.2824016,1.7780704,38.320797,2.1085663,-3.6149077,31.408895,9.199352,-1.135675,-1.8092434,2.1844819,4.542029,8.103251,92.82348,154.07939,7.588409,229.96043,97.588005,69.69102,1.3418967,1.7843387,2.874835,0.17650604,0.5543777,107.41395,1045.6305,4.813277,0.97937036,0.0,1.0,0.0,0.0,0.0,1.0,0.0
63.660885,2.5017405,57.549576,11.742531,5.300677,-0.1951592,0.043851055,-0.044248067,0.009468194,0.06924839,17800.021,0.0036200457,9314.557,-0.0029274789,109525.53,-0.0616117,56096.76,-267014.78,-2897498.2,274486.9,60026.152,123.00853,88.2216,182.12428,95.5184,70.90184,115.66027,-3.9412737,69.72981,2.5443847,184.42177,99.99367,0.0,-8.758311,-1.509546,44.978806,30.452528,1.0,0.0,10.936159,138.91226,149.29471,1.0,2.2127705,0.0,0.0,0.0,0.0,0.0,1.0,0.0,1.0,0.0,1.0,0.0,1.0,0.0,0.0,0.0,0.0,0.0,1.0,0.0,0.0,0.0,0.0,0.0,0.0,0.0,0.0,1.0,0.0,0.0,0.0,0.0,1.0,0.0,0.0,0.0,0.0,0.0,0.0,0.0,0.0,0.0,1.0,0.0,0.0,0.0,0.0,0.0,0.0,0.0,0.0,838.3632,123.62401,65.935394,2.898484,4.2909727,37.30305,3.949114,0.06824136,29.8329,14.484382,9.79714,10.083097,3.1503181,5.2217855,7.7060795,69.98483,215.64076,79.12263,173.20815,60.400597,90.239494,1.0458078,1.6669724,2.6738424,1.0645939,0.46410304,144.67926,693.41675,5.011414,0.9099088,1.0,1.0,0.0,0.0,0.0,1.0,0.0
77.86757,5.9837418,46.216885,0.15692145,4.6363034,1.2415534,0.08108472,0.2013712,0.05878367,0.074553505,-8915.652,0.01829801,4383.7085,0.019430917,8167.3994,-0.03046177,14313.1455,174466.4,-1364013.2,177467.52,74643.92,33.0409,29.09357,102.171555,11.294302,17.706558,24.722727,-13.708616,17.562107,1.0346398,168.00905,67.75311,0.0,-23.254526,0.8973031,45.813274,25.695658,0.0,0.0,12.955353,144.05899,14.576648,1.0,1.7730352,1.0,0.0,0.0,0.0,0.0,1.0,0.0,1.0,1.0,1.0,0.0,0.0,0.0,0.0,0.0,0.0,0.0,1.0,0.0,0.0,0.0,0.0,1.0,0.0,0.0,0.0,0.0,1.0,1.0,0.0,0.0,1.0,0.0,0.0,0.0,0.0,0.0,0.0,0.0,1.0,1.0,0.0,0.0,0.0,0.0,0.0,0.0,0.0,0.0,0.0,306.77386,108.677956,73.75047,3.1092436,4.34573,36.70049,4.262828,0.7301488,30.115438,14.866459,8.041347,9.080244,1.1415039,2.9640753,2.8255856,69.85298,-18.112257,-63.73798,86.04353,28.467516,85.55291,0.8010695,1.0736903,1.6497808,1.3323376,1.2130514,327.95996,123.19408,3.3138418,-0.63670063,0.0,1.0,0.0,0.0,0.0,1.0,0.0
77.99105,7.470051,4.636343,-1.7811232,0.97658336,1.3876991,0.13069291,0.17441826,-0.005916086,0.04814382,20707.912,0.020931115,-2509.1426,0.022403805,18053.768,0.08833884,124665.09,642950.7,1715175.8,96807.28,50442.434,169.53856,61.355545,188.01575,72.66493,24.303925,110.80328,17.986717,53.664948,10.097086,156.49557,66.21711,0.0,13.080993,0.39347246,56.492928,27.344082,1.0,0.0,7.93445,141.33672,185.5243,2.0,1.668602,1.0,0.0,0.0,0.0,1.0,1.0,1.0,1.0,0.0,1.0,1.0,0.0,0.0,0.0,0.0,0.0,0.0,1.0,0.0,1.0,1.0,0.0,1.0,0.0,0.0,0.0,0.0,0.0,1.0,0.0,0.0,0.0,0.0,0.0,0.0,1.0,0.0,0.0,0.0,1.0,0.0,0.0,0.0,0.0,0.0,0.0,0.0,0.0,0.0,0.0,796.47614,106.50932,64.18031,14.523724,18.007278,37.84435,16.565521,12.382175,36.433144,23.278612,23.163176,30.387371,5.325965,5.9750333,4.2592945,18.908743,286.20862,229.79942,141.99895,84.12894,33.631416,0.66929406,0.55735874,3.385186,2.2289205,1.8200063,178.5569,745.7486,3.9944534,1.5741405,0.0,0.0,1.0,0.0,0.0,0.0,1.0
73.87124,1.4987377,21.93444,11.945981,2.5412126,1.3493556,0.18505651,0.214825,0.095867045,0.17083263,11387.254,0.0052933893,4484.075,0.024072412,25743.48,0.023181427,29080.105,230131.34,781409.56,242577.08,98214.63,93.94117,47.166927,118.91953,55.207203,32.09077,57.990685,10.607684,47.69228,12.599559,161.58325,116.55984,0.0,4.7390146,0.5324577,52.60093,44.298916,1.0,0.0,14.422072,126.83462,-13.015185,2.0,2.293542,0.0,0.0,1.0,0.0,1.0,1.0,0.0,1.0,1.0,1.0,0.0,1.0,0.0,1.0,0.0,0.0,0.0,0.0,0.0,0.0,0.0,0.0,0.0,0.0,0.0,0.0,0.0,0.0,0.0,0.0,0.0,1.0,0.0,0.0,1.0,0.0,0.0,0.0,0.0,1.0,1.0,0.0,0.0,0.0,0.0,0.0,0.0,0.0,0.0,0.0,-559.854,167.22816,93.99059,14.928491,18.23805,59.20806,15.747802,13.450247,56.058044,29.206053,24.321564,25.316677,2.6911523,4.359158,4.7013288,56.037567,111.04522,59.174126,52.806137,6.583308,30.35505,0.89001167,1.1253122,1.5297335,1.5574257,1.4181995,358.7653,623.96216,3.7653039,3.6614115,0.0,1.0,1.0,0.0,0.0,1.0,0.0
77.68029,2.7102208,38.63061,7.328674,3.9496915,2.3479836,0.15515062,0.29491106,0.09774908,0.11696866,-5601.502,0.0034465136,-2870.524,0.035257272,-37292.53,0.023148684,51790.586,174189.66,-317751.34,152018.14,58878.215,83.20098,23.251133,90.929565,41.671978,9.967131,37.11694,47.443962,77.385574,1.8273633,151.65327,84.401726,0.0,49.138012,1.6482967,58.749065,36.14179,1.0,0.0,11.829059,142.64522,111.26808,2.0,1.8740262,0.0,0.0,0.0,0.0,1.0,1.0,0.0,1.0,1.0,1.0,1.0,1.0,0.0,1.0,0.0,0.0,0.0,0.0,0.0,1.0,0.0,0.0,0.0,0.0,0.0,0.0,0.0,0.0,1.0,0.0,0.0,1.0,0.0,0.0,0.0,1.0,0.0,1.0,0.0,0.0,0.0,0.0,0.0,0.0,0.0,0.0,0.0,0.0,0.0,0.0,562.16547,150.17561,91.98366,5.548757,6.564241,41.621105,6.132273,4.5139365,41.61252,19.152382,11.042449,11.943639,3.0292609,4.352526,2.9030683,49.20731,61.46316,36.62349,24.607012,2.9893312,49.06374,0.762863,0.8085478,1.0986698,1.5840795,0.8466214,389.78647,467.53467,4.218499,0.24491577,1.0,0.0,1.0,0.0,0.0,1.0,0.0
100.12461,12.3940735,55.433914,9.0541,4.089313,0.51763356,-0.014170398,-0.2841522,-0.23010482,-0.13143371,62298.12,0.024534434,16127.736,-0.025233576,309830.78,0.1884335,208612.0,305980.62,2857501.8,438938.06,177687.31,247.25536,40.5589,178.73094,270.7548,61.400547,26.09522,45.144413,122.22383,3.643975,200.23317,203.08989,1.0,53.48003,6.602985,18.409655,59.444233,1.0,1.0,7.622707,95.3653,123.963646,2.0,3.4350073,1.0,0.0,0.0,0.0,0.0,0.0,0.0,0.0,0.0,0.0,0.0,0.0,0.0,0.0,1.0,0.0,0.0,0.0,0.0,0.0,0.0,0.0,0.0,0.0,0.0,0.0,0.0,0.0,0.0,0.0,0.0,0.0,0.0,0.0,0.0,0.0,0.0,0.0,0.0,0.0,0.0,0.0,0.0,0.0,0.0,0.0,0.0,0.0,0.0,0.0,-924.1814,160.92964,99.9703,10.841042,10.047709,1.5839097,9.903502,5.212599,1.1698624,11.551519,29.336988,36.668804,4.298972,6.5338044,11.43678,84.465706,349.3064,192.46458,175.68454,18.963022,128.56976,1.8085341,2.0620544,1.4346259,-0.2701125,3.6449823,-539.2246,740.87054,5.7475653,2.873814,0.0,1.0,0.0,0.0,0.0,0.0,1.0
71.273315,1.5923951,43.65125,6.7877927,4.4701896,0.3921017,0.023438437,0.0375933,0.0049777715,-0.04346429,-9782.151,-0.0053162146,1307.8658,-0.005940447,-20250.332,-0.055695012,99291.57,-210608.66,-1624069.4,235496.28,95652.54,155.5253,64.25121,156.29735,121.774796,49.30861,83.19961,38.04392,99.429985,-4.1668973,151.28172,63.09294,0.0,38.16059,2.6242828,42.160194,29.270008,1.0,1.0,9.101638,126.46345,38.12745,2.0,1.6098132,1.0,0.0,0.0,0.0,1.0,1.0,0.0,1.0,1.0,1.0,0.0,0.0,0.0,0.0,0.0,0.0,0.0,1.0,0.0,0.0,0.0,0.0,1.0,0.0,0.0,0.0,0.0,0.0,1.0,0.0,0.0,0.0,0.0,0.0,0.0,1.0,0.0,1.0,0.0,0.0,0.0,0.0,0.0,0.0,0.0,0.0,0.0,0.0,0.0,0.0,435.80786,133.33789,78.80477,-2.4919455,-1.0299578,32.126778,-1.9412222,-3.435814,29.413446,10.680798,4.9130034,6.417034,4.066063,5.6386967,6.3574247,54.393726,228.11005,132.54398,126.157295,48.78079,78.48065,1.1047351,1.3281026,3.0576034,1.8667886,1.9599376,203.35542,756.94727,4.4211955,1.0993544,0.0,0.0,1.0,0.0,0.0,0.0,1.0
84.61888,4.013201,23.468311,8.848223,3.8922365,1.3730117,0.11475085,0.15359509,0.059018172,0.08932266,35514.023,0.0038870836,5900.9824,0.001849739,85210.94,-0.002188517,39930.06,468646.53,-462520.72,103570.74,8121.8345,127.9624,72.748764,119.55466,53.435627,39.487103,75.526665,15.260192,43.238194,9.323136,158.8162,80.3157,0.0,10.764384,0.60890275,37.591354,32.75547,1.0,0.0,10.34144,220.15598,127.93349,1.0,1.8573066,0.0,0.0,0.0,0.0,1.0,1.0,0.0,1.0,0.0,1.0,1.0,1.0,0.0,0.0,1.0,0.0,0.0,0.0,0.0,0.0,0.0,0.0,0.0,0.0,0.0,0.0,0.0,0.0,0.0,1.0,1.0,1.0,0.0,0.0,1.0,1.0,0.0,0.0,0.0,1.0,0.0,0.0,0.0,0.0,0.0,0.0,0.0,0.0,0.0,0.0,514.5673,119.794685,78.231735,12.165037,14.468388,36.24396,12.682141,8.061304,33.353874,19.740376,15.826532,15.418032,4.7456746,5.2765617,2.9406471,18.197174,224.4876,197.18707,23.128904,0.0088437535,42.36488,0.70192105,0.7670264,1.6171846,2.2032883,1.7005316,313.3043,152.20337,3.6481857,3.7904155,0.0,0.0,1.0,0.0,0.0,1.0,0.0
60.3715,3.5441093,58.114265,11.0850935,3.6073523,2.0254343,0.13575695,0.13782424,-0.050846335,-0.05158412,57790.355,-0.026244527,11887.859,-0.009651157,211737.11,-0.044522706,97266.195,456587.28,-731560.5,154817.39,5328.084,238.11829,75.712975,93.94455,224.11159,75.17207,41.411007,99.82356,153.22606,6.6543856,181.04445,116.44086,1.0,119.603745,0.50291175,96.58533,39.04401,0.0,1.0,12.936699,77.54696,60.370853,0.0,2.3940074,1.0,0.0,0.0,0.0,0.0,0.0,0.0,0.0,0.0,1.0,0.0,0.0,0.0,0.0,1.0,0.0,0.0,0.0,0.0,0.0,0.0,0.0,0.0,0.0,0.0,0.0,0.0,0.0,1.0,0.0,0.0,0.0,0.0,0.0,0.0,1.0,0.0,0.0,0.0,0.0,1.0,0.0,0.0,0.0,0.0,0.0,0.0,0.0,0.0,0.0,160.43733,184.1152,105.97918,11.273002,11.961651,32.953495,9.686399,6.0211067,32.045525,18.39211,27.880077,33.752148,6.9618683,7.9007297,4.099126,21.059542,367.7825,308.84628,-57.9774,-93.962456,80.074326,1.2045267,1.4611254,0.8343302,-0.49343967,1.9607303,43.944675,1435.6077,6.8853927,2.092167,0.0,0.0,0.0,0.0,0.0,1.0,0.0
31.98242,-10.549636,6.434831,24.648241,-2.9260917,3.20267,0.19616471,0.39013112,0.1196721,0.06617945,45396.26,-0.059417732,1499.3136,0.026392907,124691.85,-0.02539861,62035.637,-51805.453,-2078690.5,377230.66,26059.924,273.5584,88.626595,127.2922,205.84846,68.48389,120.47237,164.41248,264.94318,16.989117,126.05328,107.515755,0.0,184.26135,-7.354152,111.301254,53.51509,0.0,0.0,22.16687,12.147186,-402.0852,1.0,1.9400096,1.0,0.0,1.0,0.0,1.0,1.0,0.0,0.0,0.0,1.0,0.0,1.0,0.0,0.0,0.0,0.0,1.0,1.0,0.0,1.0,1.0,0.0,0.0,0.0,0.0,0.0,1.0,0.0,0.0,1.0,0.0,0.0,0.0,0.0,0.0,1.0,0.0,1.0,0.0,0.0,1.0,0.0,0.0,0.0,0.0,0.0,0.0,0.0,1.0,0.0,-741.0555,232.90273,128.64226,16.963806,22.984732,70.240135,18.692785,18.540941,81.63343,45.162666,45.05263,52.12979,7.094888,9.283428,0.57598853,54.623806,499.08295,377.85898,-80.80112,-98.6983,106.92232,1.0263631,2.0118573,5.566464,1.3500086,0.5239587,499.8706,1471.4097,8.062824,-0.6069582,0.0,0.0,1.0,0.0,1.0,0.0,0.0
79.02272,-0.7425348,39.973602,8.529868,2.0766714,1.175227,0.19195937,0.05161738,0.08806062,0.13268971,-11920.928,0.00032034225,2777.7754,0.030896636,58229.586,0.017647877,59897.066,-172678.17,-1772669.4,290026.38,71264.72,79.63506,29.330967,99.34009,41.87353,15.1046915,51.52978,39.819004,94.87918,2.5845103,154.30069,67.21584,0.0,38.38344,-1.22157,90.314316,30.449541,1.0,0.0,7.555606,206.13217,167.18413,2.0,1.6916622,0.0,0.0,0.0,0.0,1.0,1.0,0.0,1.0,0.0,1.0,0.0,1.0,0.0,0.0,0.0,0.0,0.0,0.0,0.0,0.0,0.0,0.0,1.0,0.0,0.0,0.0,0.0,1.0,0.0,1.0,1.0,0.0,0.0,0.0,0.0,0.0,0.0,0.0,0.0,0.0,0.0,1.0,0.0,0.0,0.0,0.0,0.0,0.0,0.0,0.0,900.8979,155.63689,71.441345,4.611545,4.2445235,38.705425,5.699779,3.5410402,38.046463,17.15531,15.835144,20.163433,2.8113232,4.808306,5.6312065,65.93852,72.31745,-8.756845,50.25167,-12.445246,81.40349,0.7924036,1.0167658,2.0694675,1.186522,0.776162,197.38892,736.20465,4.8444433,0.84455925,0.0,1.0,0.0,0.0,0.0,1.0,0.0
78.81595,1.8429222,49.078854,15.24931,4.6439204,1.5004327,0.099692516,0.0025112806,0.0134613635,0.01296002,22104.055,0.0020763145,2406.1375,0.032449327,27060.72,-0.013263965,52861.348,130132.18,-1104326.2,214181.27,38725.664,142.64677,70.52241,113.70369,79.998886,42.894318,31.776611,33.083378,67.25879,-2.1529412,160.90337,75.60255,0.0,33.82963,-0.50063103,60.16276,30.145401,1.0,0.0,11.463525,161.97162,96.33597,2.0,1.8163153,0.0,0.0,1.0,0.0,1.0,1.0,1.0,1.0,1.0,1.0,1.0,1.0,0.0,1.0,1.0,0.0,1.0,1.0,0.0,0.0,1.0,0.0,1.0,0.0,0.0,0.0,0.0,0.0,1.0,1.0,0.0,0.0,1.0,0.0,0.0,0.0,0.0,0.0,0.0,0.0,0.0,0.0,0.0,0.0,0.0,0.0,0.0,0.0,0.0,0.0,439.49408,130.35626,77.67223,2.490397,2.4628024,15.05895,2.155332,2.9935634,12.179218,7.3498287,7.3104897,8.482922,4.8896875,5.764719,4.579206,24.961655,237.56532,181.68391,48.976727,9.186355,43.806046,0.84201854,0.9286613,1.8285439,1.4049323,0.93059385,86.074326,97.885315,4.02175,2.7260695,0.0,0.0,0.0,0.0,0.0,1.0,0.0
86.45721,-0.29994825,29.213793,9.673378,0.50070596,1.8794527,0.16980265,0.055846002,0.05121599,0.14872083,12139.117,0.0019341833,897.5964,0.039487462,40797.3,0.07181155,1913.2906,173790.81,-1044873.25,148511.86,7896.427,110.351036,40.191555,56.699577,53.978897,19.49999,7.9649663,57.65192,85.338356,5.149583,158.52365,53.93249,0.0,65.77509,-4.597717,78.21557,23.272787,0.0,0.0,13.820808,159.42072,23.340445,1.0,1.573174,1.0,0.0,0.0,0.0,0.0,1.0,0.0,1.0,1.0,1.0,1.0,1.0,0.0,0.0,1.0,0.0,0.0,0.0,0.0,0.0,1.0,0.0,0.0,0.0,0.0,0.0,0.0,0.0,1.0,0.0,0.0,1.0,0.0,0.0,0.0,1.0,0.0,0.0,0.0,0.0,0.0,0.0,0.0,0.0,0.0,0.0,0.0,0.0,0.0,0.0,402.19666,132.959,78.075806,8.775604,8.473982,25.982872,9.008516,10.288831,25.510183,18.647108,26.579393,30.94,4.52835,5.7315016,2.3548462,26.185003,147.25284,126.43589,-51.582104,-63.378426,49.475845,0.6293648,0.6833333,1.5517142,0.26950884,0.692881,19.55923,536.3701,4.3066206,-0.33160454,1.0,0.0,1.0,0.0,0.0,1.0,0.0
55.07886,1.5232694,-19.500574,-4.8921237,-6.52777,1.8913018,0.18083237,0.30255175,0.16618294,0.10147962,16462.994,-0.013295068,10855.075,0.0011996813,82346.53,0.104866005,104445.72,733884.0,-800805.9,343352.75,102104.94,176.21509,89.46635,116.16105,119.516495,62.577923,93.77425,108.51019,186.9532,17.712263,152.49829,58.120632,0.0,122.145454,-3.5504384,93.62367,27.94271,0.0,1.0,12.540728,7.771332,-231.05197,1.0,1.5372566,1.0,0.0,0.0,0.0,0.0,1.0,0.0,0.0,0.0,1.0,0.0,0.0,0.0,0.0,0.0,0.0,0.0,1.0,0.0,1.0,0.0,0.0,0.0,0.0,0.0,0.0,1.0,0.0,1.0,1.0,0.0,1.0,0.0,0.0,0.0,1.0,0.0,1.0,0.0,0.0,1.0,0.0,0.0,0.0,0.0,0.0,0.0,0.0,0.0,0.0,44.234158,141.93866,78.43544,17.315443,24.03191,85.54562,19.503927,19.533268,83.71543,46.029003,60.13931,78.559906,5.171576,7.140111,2.3197463,65.09845,309.82693,194.48262,-13.032187,-66.82507,129.10071,0.9756362,2.0179758,7.118456,0.8034812,3.852831,250.34596,1775.4155,6.999908,4.3381844,0.0,1.0,0.0,0.0,1.0,0.0,0.0
85.93189,2.60698,52.287224,10.357106,4.262273,1.3670225,0.10342958,0.10790706,-0.01477727,0.020595707,5637.378,0.007624577,1352.7202,0.026826773,-31576.326,0.025285196,37445.08,17700.414,-181537.22,257096.8,90765.63,114.68159,47.435383,119.52805,52.357574,24.457977,18.193598,3.7768402,42.26247,-1.6007543,168.51884,93.29319,0.0,0.8178254,-1.44457,64.82884,33.251366,0.0,0.0,14.095259,164.747,34.119278,2.0,2.0599887,1.0,0.0,1.0,0.0,0.0,1.0,0.0,1.0,0.0,0.0,1.0,1.0,0.0,0.0,0.0,0.0,0.0,0.0,0.0,0.0,0.0,0.0,0.0,0.0,0.0,0.0,0.0,0.0,0.0,0.0,0.0,1.0,0.0,0.0,0.0,0.0,0.0,0.0,0.0,0.0,0.0,0.0,0.0,0.0,0.0,0.0,0.0,0.0,0.0,0.0,-530.32263,147.73035,90.71484,2.4111423,2.0486004,27.259539,2.0332124,4.2782307,25.472494,13.240447,13.455452,15.147859,4.0801277,5.597914,5.170701,38.500847,158.02142,98.92191,88.135315,30.093834,35.75724,0.6313119,0.6840138,3.1431289,1.3156581,0.9427335,41.39887,180.5455,3.8794315,2.1841092,1.0,0.0,1.0,0.0,0.0,1.0,0.0
85.9037,4.8130856,45.583397,3.8129404,4.669838,0.19003649,-0.015958425,0.05057312,-0.025215285,-0.05570384,11983.378,-0.0021617517,3509.8735,-0.00039930118,71090.95,-0.030917697,98204.445,100654.39,-898267.5,201661.67,59313.15,171.07904,72.03477,194.7809,120.22439,51.09807,118.53395,28.470083,80.2667,-0.4395326,182.45305,96.39838,0.0,31.22978,2.2729776,28.650581,28.74962,1.0,0.0,9.206122,131.6315,168.68806,0.0,2.1619391,1.0,0.0,0.0,0.0,0.0,0.0,0.0,1.0,0.0,1.0,1.0,1.0,0.0,0.0,0.0,0.0,0.0,0.0,0.0,0.0,0.0,0.0,0.0,0.0,0.0,0.0,0.0,0.0,1.0,0.0,0.0,0.0,0.0,0.0,0.0,1.0,0.0,0.0,0.0,0.0,0.0,0.0,0.0,0.0,0.0,0.0,0.0,0.0,0.0,0.0,1442.5007,139.96179,92.78864,3.5299013,4.809379,42.06192,5.5253067,1.5402395,38.96026,20.20727,13.922939,17.547579,4.474777,6.0022697,7.151733,50.001823,289.2789,188.95302,177.7437,89.221115,83.017166,0.9534474,1.0192122,1.3099831,0.53819036,1.5432168,248.6472,795.9743,4.005664,5.5998406,0.0,0.0,1.0,0.0,0.0,0.0,1.0
55.244736,8.296551,25.239922,-4.365942,1.1337864,0.9371182,0.1588356,0.24697842,0.13306373,0.064912826,25950.002,-0.009160126,7723.681,0.006025804,54055.55,0.071144134,-1179.1216,363407.3,-282087.9,170328.16,107251.44,157.57542,71.53464,94.13083,105.750046,50.47048,45.21266,39.433285,100.01524,9.310252,164.42255,75.15085,0.0,40.599274,-2.1863437,75.257645,29.939398,0.0,0.0,13.322459,111.958015,-80.80282,2.0,1.8396333,0.0,0.0,0.0,0.0,0.0,0.0,0.0,0.0,0.0,0.0,0.0,1.0,0.0,0.0,0.0,0.0,0.0,1.0,0.0,0.0,0.0,0.0,0.0,0.0,0.0,0.0,1.0,0.0,0.0,0.0,0.0,1.0,0.0,0.0,0.0,0.0,0.0,1.0,0.0,1.0,1.0,0.0,0.0,0.0,0.0,0.0,0.0,0.0,0.0,0.0,-569.217,99.64452,54.59742,8.430738,13.571429,53.340454,10.690672,9.712352,52.17325,23.237465,28.390228,35.485947,4.9784164,6.442339,2.616792,47.677162,273.18292,187.91365,-47.943195,-81.36682,67.42299,0.9242479,1.2815566,3.3991163,0.7244681,2.2883282,279.0124,720.39575,5.11795,4.4603214,0.0,1.0,0.0,0.0,1.0,0.0,0.0
61.111736,-0.98493946,11.636508,3.9217155,-0.07972536,1.7313917,0.13476819,0.36345345,0.10111953,0.03821161,-20179.816,-1.8054718e-05,6154.9478,0.008500382,21437.398,0.010194977,130346.84,119362.195,-1429939.1,261386.11,111282.22,142.84465,53.30741,143.436,107.98571,39.96888,90.60554,41.569122,91.703705,4.498948,146.9884,30.119389,0.0,41.833733,0.12923147,66.64117,20.75312,0.0,1.0,12.72121,58.943085,-92.714355,1.0,1.1921895,1.0,0.0,0.0,0.0,0.0,1.0,0.0,0.0,0.0,1.0,0.0,0.0,0.0,0.0,0.0,0.0,0.0,0.0,0.0,1.0,0.0,0.0,1.0,0.0,0.0,0.0,0.0,0.0,1.0,0.0,0.0,1.0,0.0,0.0,0.0,1.0,0.0,1.0,0.0,0.0,1.0,0.0,0.0,0.0,0.0,0.0,0.0,0.0,0.0,0.0,-118.8052,144.31306,83.20049,5.0019217,10.157268,69.45293,7.373949,2.9742193,65.98795,29.857494,24.544743,33.542736,3.5475824,5.183898,2.0259945,67.48993,193.92892,107.14007,99.42652,28.348421,93.13827,1.1419746,1.5953084,5.307941,2.0428913,2.9413142,486.9606,1483.8832,5.528721,3.7152846,0.0,1.0,0.0,0.0,1.0,0.0,0.0
65.92901,-0.18433996,13.805441,5.0046525,-2.2013066,0.7575392,0.12567121,0.015993848,0.038814344,0.051228926,16589.615,0.004130844,8004.702,0.008220734,33770.98,0.05929466,136483.81,68252.08,-65708.0,394994.8,161484.94,163.66487,80.53087,146.19978,106.768936,53.32165,51.8766,27.94927,98.130264,3.7493236,154.37874,67.507675,0.0,26.21476,-2.256,75.716064,30.413351,1.0,1.0,13.209579,65.43687,-76.97366,2.0,1.6605746,0.0,0.0,0.0,0.0,0.0,1.0,0.0,0.0,0.0,1.0,0.0,0.0,0.0,1.0,0.0,0.0,0.0,0.0,0.0,0.0,0.0,0.0,1.0,0.0,0.0,0.0,1.0,0.0,0.0,0.0,0.0,1.0,0.0,0.0,0.0,0.0,0.0,1.0,0.0,0.0,1.0,0.0,0.0,0.0,0.0,0.0,0.0,0.0,0.0,0.0,-1120.2283,124.53567,60.38455,4.2101436,6.8724837,50.73282,5.4351015,6.783699,48.139088,25.974768,34.074764,44.359646,4.35768,6.456459,5.705899,71.702,278.12363,155.41972,120.48621,24.127615,83.96139,1.0155354,1.6040068,5.7415676,0.25563037,2.6214328,77.6108,1183.6267,5.9388905,3.6008778,0.0,0.0,0.0,0.0,1.0,0.0,0.0
57.219078,-3.1749158,80.12302,32.13088,7.715223,1.7553449,0.17517652,-0.008381928,-0.008701557,0.056157436,22868.227,-0.004753571,3082.3877,0.024417162,23675.812,-0.055012133,113601.695,-99089.99,-1980359.8,380164.44,23778.928,158.91098,68.85652,87.08457,60.9418,30.258354,-3.0142834,67.92193,118.132935,-4.9306765,162.93611,114.55232,0.0,76.69674,1.0962837,77.53561,43.82864,0.0,0.0,15.712419,89.56419,63.165565,1.0,2.2654269,1.0,0.0,0.0,0.0,0.0,0.0,0.0,0.0,0.0,1.0,0.0,1.0,0.0,0.0,0.0,0.0,0.0,0.0,0.0,0.0,0.0,0.0,0.0,0.0,0.0,0.0,0.0,0.0,1.0,1.0,0.0,0.0,0.0,0.0,0.0,1.0,0.0,0.0,0.0,0.0,0.0,0.0,0.0,0.0,0.0,0.0,0.0,0.0,0.0,0.0,-383.0937,180.65048,90.411934,-0.6705456,-3.7239032,7.8397336,-3.9465134,-1.3585763,5.790354,2.0353043,2.008973,-2.0610244,6.0866094,7.2851543,5.855504,27.378956,276.65176,206.43674,20.77166,-22.375849,40.74766,0.49663243,0.50353944,1.6052681,0.59018004,0.14136451,16.529732,284.83282,4.952692,1.0476629,0.0,0.0,1.0,0.0,0.0,1.0,0.0
87.22483,4.4217677,51.01647,9.88811,4.383318,0.3895973,0.05870744,-0.10663508,-0.029102977,-0.014137688,24547.238,0.00094099477,3984.8877,0.031809427,24781.857,-0.009795297,69997.61,261088.02,-1220823.6,311853.16,12722.915,116.83229,69.530396,144.02548,29.24745,30.374043,98.116905,11.608738,41.87186,7.8354554,170.52823,77.55274,0.0,9.53322,2.8402376,51.182095,27.148848,1.0,0.0,10.418894,142.71996,199.12965,1.0,1.9006884,0.0,0.0,1.0,0.0,0.0,1.0,0.0,1.0,0.0,1.0,1.0,0.0,0.0,1.0,0.0,0.0,0.0,0.0,0.0,0.0,0.0,0.0,0.0,0.0,0.0,0.0,0.0,0.0,0.0,1.0,0.0,0.0,1.0,0.0,0.0,0.0,0.0,0.0,0.0,0.0,0.0,0.0,0.0,0.0,0.0,0.0,0.0,0.0,0.0,0.0,17.402859,104.85715,62.65136,11.33259,10.978258,15.846568,9.14066,7.1586,12.384228,9.087211,12.327834,11.960146,4.4547005,5.699919,6.194418,33.15048,194.5871,137.55588,105.406075,41.34972,55.48914,0.48154846,0.5453104,1.1153237,1.6900961,0.7468395,-30.003918,-78.145744,3.3804567,0.25126046,0.0,0.0,1.0,0.0,0.0,0.0,1.0
68.23685,1.951501,54.522564,18.108093,6.1188617,1.0549263,0.06627318,-0.049277537,-0.04746278,0.0036788976,24116.984,-0.007998367,2547.0337,0.01630742,38090.37,-0.07439949,52477.633,-327200.12,-1395139.8,218166.92,25153.344,135.60492,56.27603,97.02088,124.24082,52.09538,21.463402,32.480873,81.7908,1.5343391,168.21751,120.36766,0.0,34.462925,1.3383651,48.111153,43.183723,0.0,0.0,12.762675,146.59782,75.11736,2.0,2.3520849,1.0,0.0,0.0,0.0,1.0,1.0,0.0,1.0,0.0,1.0,0.0,1.0,0.0,0.0,1.0,0.0,1.0,0.0,0.0,1.0,1.0,0.0,0.0,0.0,1.0,0.0,0.0,0.0,1.0,0.0,0.0,1.0,0.0,0.0,0.0,1.0,0.0,1.0,0.0,0.0,1.0,0.0,0.0,0.0,0.0,0.0,0.0,0.0,0.0,0.0,129.26283,148.5615,86.74745,5.442457,4.274933,7.097584,3.656733,2.2813427,7.627548,5.677206,6.384444,5.1780005,4.044009,5.5250616,5.8680243,53.608288,174.38904,97.1034,38.015198,-21.350111,79.6649,1.128925,1.3719386,1.329167,0.92641056,0.19446656,19.81437,205.04384,4.1614285,1.2478219,0.0,0.0,1.0,0.0,0.0,0.0,0.0
90.27798,5.3171062,39.70208,6.10213,3.6332133,0.44536942,0.083832346,-0.078969635,-0.06005895,-0.0010656881,9324.818,0.004207055,3145.2031,0.012811366,5131.6704,0.0050168512,71446.24,28508.969,-53620.87,250605.78,75945.12,92.787415,28.135212,77.14258,62.778076,17.756021,-2.4649835,-2.5895698,35.99198,-1.9968034,161.4507,77.27975,0.0,-9.549239,1.8630599,67.94969,30.878635,0.0,0.0,11.281699,161.168,74.20237,2.0,1.846313,1.0,0.0,0.0,0.0,0.0,1.0,0.0,0.0,0.0,1.0,0.0,1.0,0.0,0.0,0.0,0.0,0.0,0.0,0.0,0.0,0.0,0.0,0.0,0.0,1.0,0.0,0.0,0.0,1.0,0.0,0.0,1.0,0.0,0.0,0.0,0.0,0.0,0.0,0.0,0.0,1.0,0.0,0.0,0.0,0.0,0.0,0.0,0.0,0.0,0.0,-325.3002,110.5714,62.38575,2.3852592,1.9003844,9.732201,0.71441907,1.7302209,8.963863,6.429689,11.823939,13.914785,2.6388369,4.414127,5.647346,58.327515,74.122574,8.303691,42.145603,-21.798546,57.498363,0.8829594,1.0127921,2.112099,0.3840993,1.784817,-24.200726,362.75128,3.867665,2.2295628,0.0,0.0,1.0,0.0,0.0,1.0,0.0
71.65268,9.936533,31.487356,3.6223228,4.87562,0.9277845,0.093172796,0.24489288,0.044736918,0.011232355,26370.72,-0.0049160332,4204.4155,0.009057472,20272.746,0.03892002,15300.317,126537.9,-17447.768,64886.13,21225.205,134.21107,56.08844,134.60455,91.52137,39.529354,89.75774,28.847511,63.26528,7.2664495,165.23535,105.48168,0.0,29.958649,1.8951428,39.465717,38.967934,0.0,0.0,15.55725,116.250114,-79.430664,1.0,2.1858122,1.0,0.0,1.0,1.0,0.0,0.0,0.0,1.0,0.0,1.0,1.0,1.0,0.0,0.0,0.0,0.0,0.0,0.0,0.0,0.0,1.0,0.0,0.0,0.0,0.0,0.0,0.0,0.0,0.0,0.0,0.0,0.0,0.0,0.0,0.0,0.0,0.0,0.0,0.0,0.0,0.0,0.0,0.0,0.0,0.0,0.0,0.0,0.0,0.0,0.0,-626.0435,87.92705,62.758987,9.49548,14.316101,33.57235,9.42791,8.901936,32.691574,16.975534,13.267121,10.6131115,4.2690372,5.311483,3.7301662,42.951794,196.03856,144.89891,42.453697,14.080126,37.4535,0.88047063,1.0802097,2.2599502,1.9367197,1.7115465,223.24974,238.65852,3.586199,3.9666352,0.0,0.0,1.0,0.0,0.0,0.0,1.0
76.373764,4.678851,43.538597,9.233277,5.8070188,0.5476351,0.034239747,0.07591053,-0.00096005946,-0.0008602138,-298.495,0.0106186,-1371.9873,0.019077413,-24787.76,-0.025852721,19587.943,-201425.38,-1379108.8,165603.28,60135.38,105.0023,43.58952,165.19553,61.243244,25.472673,85.21227,-1.3349624,34.78572,-1.4823684,170.25975,75.49118,0.0,-5.1933665,1.1272333,26.70655,26.550636,1.0,0.0,12.749875,136.08662,165.23195,2.0,1.8751298,1.0,0.0,0.0,0.0,0.0,0.0,0.0,1.0,1.0,1.0,1.0,0.0,0.0,0.0,0.0,1.0,0.0,0.0,0.0,0.0,0.0,0.0,1.0,0.0,0.0,0.0,0.0,1.0,1.0,0.0,0.0,0.0,0.0,0.0,0.0,1.0,0.0,1.0,0.0,0.0,0.0,1.0,0.0,0.0,0.0,0.0,0.0,1.0,0.0,0.0,280.65427,104.22725,68.92926,1.3155853,2.8888602,25.351929,2.0371366,-0.34283566,21.541489,10.454665,1.1312475,0.25637174,2.9363465,4.593905,5.0611444,53.008404,145.61873,72.67841,173.74258,97.958015,46.239918,0.90123594,0.8596308,0.8947886,2.0572352,1.2418287,276.03848,228.37718,3.449167,4.1576343,0.0,1.0,0.0,0.0,0.0,0.0,1.0
81.64713,5.5494595,17.496758,5.641941,2.1966727,0.92910266,0.16092598,0.03973956,0.010985517,0.064634405,35193.48,0.014763566,3019.5625,0.039487813,89895.55,0.07230508,75009.266,26844.207,589659.4,188082.06,21137.357,55.17615,13.000909,99.74795,6.358246,-1.451835,46.557415,-2.8538866,13.521579,11.484247,152.95302,71.42883,0.0,-10.794634,1.3391174,50.812313,31.408493,1.0,0.0,11.202204,173.2523,43.13937,1.0,1.7253237,1.0,0.0,0.0,0.0,0.0,0.0,0.0,1.0,0.0,1.0,1.0,0.0,0.0,0.0,0.0,0.0,0.0,0.0,0.0,0.0,0.0,0.0,0.0,0.0,0.0,0.0,0.0,0.0,1.0,0.0,0.0,0.0,0.0,0.0,0.0,0.0,0.0,0.0,0.0,0.0,0.0,0.0,0.0,0.0,0.0,0.0,0.0,0.0,0.0,0.0,-829.5701,103.52928,58.516186,15.287279,16.828611,22.497007,13.021332,12.123371,17.972742,14.436026,16.347063,14.426128,2.089076,3.7000608,4.6308174,61.006416,7.255911,-24.01235,54.646526,5.862999,55.800373,0.580354,0.63512343,1.3815105,1.9462928,1.4705793,34.897194,333.21024,2.5249393,2.3627577,0.0,0.0,0.0,0.0,0.0,0.0,1.0
71.79002,1.4633172,44.625866,12.291111,4.9515862,0.5485115,0.08566016,0.010757388,-0.0070310663,-0.011686261,23225.215,0.0010876337,7649.309,0.019878885,60988.727,-0.05066405,73134.79,-90354.63,-1682604.1,213690.39,57129.492,78.24377,45.30064,66.435265,65.965294,39.975113,9.858637,-5.0510883,34.5174,3.781424,155.49425,81.3772,0.0,-14.499446,0.9011243,55.143982,34.636215,1.0,0.0,12.210609,206.77641,60.74351,2.0,1.8564341,0.0,0.0,1.0,0.0,0.0,1.0,0.0,1.0,0.0,1.0,0.0,0.0,0.0,0.0,0.0,0.0,0.0,1.0,0.0,0.0,0.0,0.0,0.0,0.0,0.0,0.0,0.0,0.0,0.0,0.0,0.0,1.0,0.0,0.0,1.0,1.0,0.0,1.0,0.0,1.0,1.0,0.0,0.0,0.0,0.0,0.0,0.0,0.0,0.0,0.0,-569.3878,132.98491,75.52177,5.2378902,5.270637,25.000315,4.4528875,2.7173939,21.582037,11.5493355,7.8023458,4.6343937,2.2989662,3.8991597,4.5420003,58.110012,61.18075,-4.556946,-4.3032537,-62.162086,86.78107,1.0061945,1.2822493,1.2707108,0.9230472,0.7377303,231.10542,272.83243,3.6965418,1.3979415,0.0,0.0,1.0,0.0,0.0,0.0,0.0
66.818245,-1.8760058,49.38768,19.89149,4.1370754,1.7787969,0.11820345,0.008595588,-0.010122068,0.033381037,6996.2446,-0.003942047,1726.8805,0.036745317,64817.16,-0.045594443,108004.23,-63561.656,-311631.66,300856.94,29152.254,136.75014,43.326077,116.81893,93.86702,32.837948,44.71299,43.481956,94.126274,10.751615,159.76883,105.04362,0.0,44.03468,3.3711116,67.62926,40.73673,0.0,0.0,15.39627,102.40492,-58.064964,0.0,2.146407,0.0,0.0,0.0,0.0,1.0,1.0,0.0,0.0,0.0,1.0,1.0,1.0,0.0,0.0,0.0,0.0,0.0,1.0,0.0,0.0,1.0,0.0,0.0,0.0,1.0,0.0,0.0,0.0,1.0,0.0,0.0,0.0,0.0,0.0,1.0,0.0,0.0,1.0,0.0,1.0,1.0,0.0,0.0,0.0,0.0,0.0,0.0,0.0,1.0,0.0,-23.753725,181.25137,106.512115,11.820481,13.856536,19.907536,10.161497,5.3723984,17.910782,12.834189,15.936916,16.058521,3.15263,5.229329,3.8809662,64.78605,177.74918,107.40715,51.916046,-5.270052,69.044334,0.9464211,1.1318762,1.5636067,1.8809886,0.59014225,-6.205993,-43.62415,4.529441,2.5273664,0.0,1.0,0.0,0.0,0.0,1.0,0.0
66.07215,5.5469723,34.64801,13.200496,4.126967,-0.13788487,0.07168355,-0.12707075,-0.07207339,-0.004190112,22624.701,0.0027386367,667.1183,0.023271574,28357.549,-0.044711318,71264.81,-97188.695,-303751.72,197655.22,44472.824,162.62544,64.98727,169.99625,119.657745,47.0146,86.56052,35.571987,89.69938,5.620865,166.34558,124.640785,0.0,39.066257,0.43760306,38.676792,45.180706,1.0,0.0,12.353658,118.08762,86.27393,1.0,2.3936355,1.0,0.0,0.0,0.0,0.0,0.0,0.0,1.0,0.0,1.0,0.0,1.0,0.0,0.0,0.0,0.0,1.0,0.0,1.0,1.0,0.0,0.0,0.0,0.0,0.0,0.0,0.0,0.0,1.0,1.0,0.0,0.0,0.0,0.0,0.0,1.0,0.0,0.0,0.0,0.0,0.0,0.0,0.0,0.0,0.0,0.0,0.0,0.0,0.0,0.0,277.9741,110.3764,56.228737,9.425462,9.756812,16.101978,8.491468,6.5925503,12.162186,11.210243,11.375938,8.085947,4.4367476,5.9150953,7.5125237,52.995094,243.95393,152.47456,149.83986,64.47702,70.22649,0.9590053,1.1521914,0.8903463,0.630139,0.18644527,-89.47925,423.64517,3.9855804,1.4352645,0.0,0.0,1.0,0.0,0.0,0.0,1.0
37.394466,-0.85354924,63.673565,20.785395,5.1411295,1.515794,0.28047147,0.21839333,0.14708467,0.19865988,85850.77,-0.009825761,13722.952,-0.02242456,201261.1,0.033544622,107253.42,103371.125,-28862.63,378801.97,107211.5,117.92435,56.33298,23.455425,59.3461,36.07545,-74.00763,81.972725,145.62073,1.7142017,160.92113,144.92531,0.0,88.519295,0.77343124,80.81342,56.96013,0.0,0.0,17.795538,68.353424,-67.303635,1.0,2.5952792,0.0,0.0,0.0,0.0,0.0,0.0,0.0,0.0,0.0,0.0,0.0,0.0,0.0,0.0,0.0,0.0,0.0,0.0,0.0,0.0,0.0,0.0,0.0,0.0,0.0,0.0,0.0,0.0,1.0,0.0,0.0,1.0,0.0,0.0,0.0,0.0,0.0,1.0,0.0,0.0,1.0,0.0,0.0,0.0,0.0,0.0,0.0,0.0,0.0,0.0,-3030.9832,179.22366,83.091,6.1336794,5.579888,40.912785,4.3576703,4.312712,40.058537,17.16428,18.744904,20.007776,4.604073,6.2579947,5.3584332,54.550426,182.72815,124.86932,-95.70665,-118.97751,66.12569,0.7896297,0.92174125,1.207417,-0.76040864,2.3854659,297.55472,769.0123,6.08498,-0.7531862,0.0,0.0,0.0,0.0,0.0,1.0,0.0
71.81567,-1.9309145,35.7675,6.6440845,1.3654804,0.47576043,0.09317469,-0.040021993,-0.026690584,0.017156422,11684.122,-0.004667009,964.9944,-0.009429067,25036.742,0.004433183,57773.996,57125.805,-2698223.8,69228.3,20922.758,206.6273,90.305565,146.07632,161.73367,66.57435,97.21369,79.55395,141.48323,-4.7884197,141.6428,29.957829,0.0,87.89719,-2.9378152,49.614822,22.080576,1.0,1.0,7.3481674,93.19659,-19.906242,1.0,1.1670645,1.0,0.0,0.0,0.0,1.0,1.0,0.0,1.0,0.0,1.0,0.0,0.0,0.0,0.0,0.0,1.0,1.0,1.0,0.0,1.0,0.0,0.0,1.0,0.0,0.0,0.0,1.0,0.0,1.0,0.0,0.0,0.0,0.0,1.0,0.0,1.0,0.0,0.0,1.0,0.0,1.0,0.0,0.0,0.0,0.0,0.0,0.0,0.0,0.0,0.0,3502.0667,135.4591,69.76916,-1.3851035,-2.1351686,37.674767,-0.39575532,-0.8920727,33.744034,16.898497,20.081385,26.185574,6.118508,7.0776873,4.9034305,29.289915,357.94836,260.9918,43.105915,5.7930636,63.607845,1.1533111,1.5280541,3.5857615,0.31729445,2.1648517,148.6548,1454.065,4.855052,3.590802,0.0,0.0,1.0,0.0,0.0,0.0,1.0
56.53038,0.36052707,24.556185,7.858898,2.2469249,0.52897006,0.16868642,0.10733893,0.06232579,0.0746932,19100.074,0.0024765923,2436.7654,-0.0013048552,30238.846,0.0033708876,111746.984,-170542.78,-86726.56,223248.39,118453.52,133.14847,52.128616,127.002426,103.29592,43.144997,61.63507,7.4891644,80.31123,10.994395,155.95299,78.36667,0.0,-0.119778335,-1.5013447,78.126396,33.789837,1.0,0.0,9.831231,196.04404,150.844,0.0,1.8220958,0.0,0.0,0.0,0.0,0.0,1.0,0.0,1.0,0.0,1.0,0.0,1.0,0.0,0.0,0.0,0.0,0.0,0.0,0.0,0.0,0.0,0.0,0.0,0.0,1.0,0.0,0.0,1.0,0.0,0.0,1.0,0.0,1.0,0.0,0.0,1.0,0.0,1.0,0.0,0.0,1.0,0.0,0.0,0.0,0.0,0.0,0.0,0.0,0.0,0.0,-83.67604,146.79147,70.39767,10.257009,11.957392,48.8755,12.879193,7.2986774,47.48633,23.339314,15.256005,15.407425,3.3082507,5.2220073,5.229826,64.171616,183.32182,70.99483,63.213394,-15.04996,64.683846,1.0778688,1.3053453,2.6991153,0.83474123,0.9769057,394.63785,710.14935,4.7694354,1.989333,0.0,0.0,0.0,0.0,0.0,0.0,1.0
86.817955,-4.941929,14.006236,8.26537,-3.408713,1.8036115,0.27839702,0.033488434,0.14464723,0.26862088,58095.11,-0.0015960567,8741.269,0.031663157,210804.47,0.18312971,16116.589,-128642.445,-2508259.2,342965.34,24888.973,50.28992,28.006353,9.0182295,-12.489875,5.48566,-15.108745,53.391407,78.167305,10.631893,149.41885,14.511957,0.0,56.00724,-7.6663327,70.19189,13.554402,0.0,0.0,11.242395,98.02698,142.53104,2.0,1.053972,1.0,0.0,0.0,0.0,0.0,0.0,1.0,1.0,0.0,0.0,1.0,0.0,0.0,0.0,0.0,0.0,0.0,0.0,0.0,0.0,0.0,0.0,0.0,0.0,0.0,0.0,0.0,0.0,0.0,0.0,0.0,0.0,0.0,0.0,0.0,0.0,0.0,0.0,0.0,0.0,0.0,0.0,0.0,0.0,0.0,0.0,0.0,0.0,0.0,0.0,1358.0746,134.48132,65.88226,15.382224,14.077572,35.123257,13.409675,15.334306,32.9015,24.503979,43.630184,58.847836,3.5671163,5.4175634,2.772783,42.88589,45.86508,21.01893,-120.866844,-109.17259,50.718582,0.41453704,0.8340146,3.6175432,0.6033523,2.6962092,-4.4440603,626.4165,4.645387,4.7450647,0.0,0.0,0.0,0.0,0.0,0.0,1.0
51.528595,-1.5026834,51.811283,21.12167,4.9638066,2.2312396,0.17895752,-0.064533815,-0.044688348,0.037320662,51009.207,-0.009416575,-207.54123,0.0048892214,106009.89,-0.035879813,117349.61,-167970.12,-1685033.6,240337.67,-6508.1895,199.09514,69.71359,110.78507,142.32469,48.960445,11.392647,111.066666,177.56653,-6.7172914,143.84508,74.65039,0.0,127.58268,-0.9891692,68.33907,36.286583,0.0,0.0,12.794262,58.174507,54.271595,1.0,1.6906064,1.0,0.0,0.0,0.0,1.0,1.0,1.0,0.0,0.0,1.0,1.0,1.0,0.0,0.0,0.0,0.0,1.0,1.0,0.0,1.0,1.0,0.0,0.0,0.0,1.0,0.0,0.0,0.0,1.0,1.0,0.0,1.0,0.0,1.0,0.0,1.0,0.0,1.0,1.0,0.0,1.0,0.0,0.0,0.0,0.0,0.0,0.0,0.0,0.0,0.0,1228.1841,182.54109,85.051476,-1.2108623,-3.5372639,-4.2352924,-4.6948595,-3.0321898,-6.362018,-4.6150117,4.5894227,4.8320575,6.335967,7.321136,5.347115,27.092724,315.71582,228.78291,9.792778,-29.473654,62.820427,0.9076766,1.344661,3.2896378,0.08908355,0.47741315,-140.16794,870.8647,5.6666408,2.6323893,0.0,0.0,1.0,0.0,0.0,0.0,0.0
72.64257,1.911204,16.106022,6.394104,0.15895788,0.9671652,0.21287334,0.032184854,0.041223902,0.13659476,74848.734,0.009385805,4120.6167,0.016828852,117960.68,0.08116921,22771.713,147704.92,450205.03,199178.61,57414.18,102.07365,40.782543,96.83914,49.00927,22.199696,28.091446,16.188686,51.166397,11.962296,146.90326,79.329865,0.0,9.933338,-4.4631257,51.755608,36.840874,0.0,0.0,11.784267,136.83788,59.882324,2.0,1.7603947,1.0,0.0,0.0,0.0,0.0,0.0,0.0,0.0,0.0,1.0,1.0,0.0,0.0,0.0,0.0,0.0,0.0,0.0,0.0,0.0,1.0,0.0,0.0,0.0,0.0,0.0,0.0,0.0,0.0,0.0,0.0,0.0,0.0,0.0,0.0,0.0,0.0,0.0,0.0,0.0,1.0,0.0,0.0,0.0,0.0,0.0,0.0,0.0,0.0,0.0,84.65958,130.55896,63.136757,16.909773,16.23659,32.935204,15.954655,15.567993,29.265032,20.544558,28.151562,30.931393,3.8352463,5.1494427,5.313669,40.067898,125.6341,81.95493,12.250902,-20.74438,44.10079,0.6957815,0.93361175,1.8787254,0.57491744,1.33643,68.9078,619.07117,3.7419274,2.1628528,0.0,0.0,1.0,0.0,0.0,0.0,1.0
71.2746,-0.4603044,20.119762,4.6515217,1.0265641,-0.50423485,0.055969235,-0.03186797,0.16414642,0.046224833,38921.58,-0.0067758528,6233.0396,0.01961832,175756.77,-0.0068042083,77408.43,-184646.3,-3536762.8,256917.9,52941.73,193.40433,113.26334,186.01186,59.479782,50.29965,170.20241,86.107895,145.7673,8.02321,161.39595,32.42314,0.0,99.08544,-4.044051,43.988243,16.05645,1.0,1.0,4.7903347,26.049604,49.654816,2.0,1.2891471,1.0,0.0,0.0,0.0,0.0,0.0,0.0,1.0,0.0,1.0,0.0,0.0,0.0,0.0,0.0,0.0,0.0,0.0,0.0,1.0,0.0,0.0,0.0,0.0,0.0,0.0,0.0,0.0,1.0,1.0,0.0,0.0,0.0,0.0,0.0,1.0,0.0,1.0,1.0,0.0,0.0,1.0,0.0,0.0,0.0,0.0,0.0,0.0,0.0,0.0,2431.2908,106.27,48.441772,8.146506,8.673122,66.742035,13.152703,9.404591,63.613216,26.723516,23.368954,28.817772,7.5137296,8.558533,7.579357,21.58141,433.23196,327.95358,133.71677,63.236317,77.09422,0.3800114,0.41325173,1.9033281,-0.1541152,0.63369405,313.7264,1224.6458,4.554673,2.1610737,0.0,0.0,1.0,0.0,0.0,0.0,1.0
65.417114,0.64789957,18.050047,5.4631276,0.3016684,1.0359737,0.09986927,0.04894483,0.042039905,-0.015114793,5540.3564,0.004583493,4711.7036,0.013398766,7144.5093,-0.015640963,144814.66,162104.9,-1122958.1,248815.25,87369.19,155.81181,62.546097,115.620476,105.09044,40.88837,53.97373,48.101917,102.29979,3.1370106,150.96982,46.221928,0.0,50.724186,-0.36951712,66.32715,23.889822,1.0,1.0,9.264547,79.891846,85.46557,1.0,1.4154735,1.0,0.0,0.0,0.0,1.0,1.0,1.0,0.0,0.0,1.0,1.0,0.0,0.0,0.0,0.0,0.0,0.0,0.0,0.0,0.0,0.0,0.0,1.0,0.0,0.0,0.0,0.0,0.0,1.0,0.0,0.0,0.0,0.0,0.0,0.0,1.0,0.0,1.0,0.0,0.0,0.0,0.0,0.0,0.0,0.0,0.0,0.0,0.0,0.0,0.0,666.5506,140.99431,75.96309,6.059333,7.423995,45.35016,7.508969,5.113364,40.37308,18.774303,25.623608,35.611095,4.5110044,5.952956,3.9568908,50.161186,238.62833,137.21892,58.41171,-12.144428,72.77134,0.97352004,1.2949764,4.5071416,0.91396964,2.593298,79.74463,999.44226,5.038272,3.3378158,0.0,0.0,1.0,0.0,1.0,0.0,0.0
52.5351,7.462476,22.637646,0.5632168,1.59453,2.1044683,0.1613837,0.28951135,0.16255751,0.122157246,21840.363,-0.0064961533,7541.741,0.023914503,61593.41,0.07169366,9264.082,305084.12,716317.94,233120.81,66663.945,122.68604,57.4783,73.25497,68.523766,36.989998,22.996075,39.0464,88.99086,15.229126,175.14285,98.04176,0.0,42.501595,-0.084155574,70.11469,32.881763,0.0,0.0,14.242941,145.58966,-151.77037,2.0,2.155605,0.0,0.0,0.0,0.0,0.0,1.0,0.0,1.0,0.0,1.0,0.0,1.0,0.0,1.0,1.0,0.0,0.0,1.0,0.0,0.0,1.0,0.0,0.0,0.0,0.0,0.0,0.0,0.0,1.0,0.0,0.0,1.0,0.0,0.0,0.0,0.0,0.0,1.0,0.0,0.0,1.0,0.0,0.0,0.0,0.0,0.0,0.0,0.0,0.0,0.0,-1390.8984,125.826195,80.077896,13.666502,19.978834,47.27855,13.348152,13.2191515,44.929134,21.712011,30.812313,37.49013,4.808585,6.2964544,2.4140673,51.942684,193.2461,122.18087,-55.094227,-102.48667,91.91716,0.749067,1.169197,3.3313413,2.1026647,1.5940751,134.26881,492.65424,4.8765936,6.561255,0.0,1.0,0.0,0.0,1.0,0.0,0.0
83.546906,2.9658992,47.220196,8.21186,4.7665243,1.6293246,0.09213057,0.13836528,0.06969376,0.09985147,18019.182,-0.0041681016,2850.1533,0.020548925,24279.957,-0.016201455,81720.484,321430.78,557434.7,219765.61,48552.23,121.08205,55.923763,101.51085,69.68986,35.9589,43.158012,45.135384,90.79998,6.777936,164.6652,106.10556,0.0,47.98392,2.9377642,56.659584,40.029594,0.0,0.0,12.5248165,167.92184,162.44168,1.0,2.1785157,1.0,0.0,1.0,0.0,1.0,1.0,1.0,1.0,0.0,1.0,1.0,1.0,0.0,0.0,0.0,0.0,0.0,0.0,0.0,0.0,0.0,0.0,0.0,0.0,0.0,0.0,0.0,0.0,0.0,1.0,1.0,0.0,1.0,0.0,1.0,1.0,0.0,0.0,0.0,1.0,0.0,0.0,0.0,0.0,0.0,0.0,0.0,0.0,0.0,0.0,105.55999,156.20206,100.00976,9.365374,10.554185,39.08567,9.532666,6.444089,38.678345,18.464258,16.73899,17.303202,3.9402444,5.315164,3.8592,47.070057,169.61678,116.13333,20.329666,-25.84427,58.911205,0.87947,0.8201085,1.3135839,1.067488,0.69697016,232.26546,311.323,4.454345,1.1263437,0.0,0.0,1.0,0.0,0.0,1.0,0.0
57.956287,-0.3428772,34.38117,19.929863,1.9638094,0.18935533,0.12599917,0.20987691,0.06353035,0.04817664,113876.63,-0.021870784,12723.2295,-0.03034861,221717.27,-0.024285192,88060.26,149114.94,102980.625,277524.47,138507.69,200.80658,73.44504,109.03801,164.04916,62.165134,33.137486,92.460625,164.33862,4.8873377,160.67499,198.0493,0.0,102.16544,-3.642366,33.159714,74.0957,1.0,1.0,16.39441,74.85066,18.069832,1.0,3.1692438,1.0,0.0,0.0,0.0,0.0,0.0,0.0,0.0,0.0,0.0,0.0,0.0,0.0,0.0,1.0,0.0,0.0,0.0,0.0,1.0,0.0,0.0,0.0,0.0,0.0,0.0,0.0,0.0,1.0,0.0,0.0,0.0,0.0,0.0,0.0,0.0,0.0,1.0,0.0,0.0,0.0,0.0,0.0,0.0,0.0,0.0,0.0,0.0,0.0,0.0,-2100.686,170.70056,92.38368,12.271097,12.923124,73.98431,14.649436,10.653711,74.48403,40.806793,38.17916,46.867554,5.533358,7.32001,7.1534243,60.762943,332.43185,233.0847,6.1115413,-32.635536,36.331833,1.0559134,1.3739045,2.4636755,-1.3234156,3.7077978,313.40012,1132.8834,6.3661394,0.94896656,0.0,0.0,0.0,0.0,0.0,1.0,0.0
89.73202,1.0398105,35.193054,12.926877,3.859145,0.9749715,0.13609546,0.29150313,0.0717818,0.076111786,-2099.6997,0.008180671,1968.9259,0.037427146,3907.1985,0.0596547,42341.965,1247.3888,-3722832.8,127621.57,4918.8022,63.035427,45.87293,108.594284,-33.02713,2.9093852,94.2506,38.54064,40.31924,-1.8360353,150.37378,31.86834,0.0,40.17034,-1.8707544,47.054432,19.968977,1.0,0.0,15.244131,131.83913,-56.472103,1.0,1.2568724,1.0,0.0,0.0,0.0,0.0,0.0,0.0,1.0,0.0,1.0,1.0,0.0,0.0,0.0,0.0,1.0,0.0,0.0,0.0,0.0,0.0,0.0,1.0,1.0,0.0,0.0,0.0,0.0,1.0,0.0,0.0,1.0,0.0,0.0,0.0,0.0,0.0,1.0,0.0,0.0,0.0,0.0,0.0,0.0,0.0,0.0,0.0,0.0,0.0,0.0,-59.884743,63.00798,39.499054,2.1010075,2.9356976,46.04966,2.9818153,2.758907,42.574768,21.419514,9.677542,9.53758,3.8130555,4.715813,1.4846125,36.989384,91.17352,91.168,68.41252,68.800385,10.2495985,0.23097327,0.3052591,2.3420146,2.2331781,2.0010204,482.3736,351.29434,3.405262,3.1367278,1.0,0.0,1.0,0.0,1.0,1.0,0.0
42.152954,-9.1494875,76.31189,33.070568,5.782914,-0.22904092,0.07795357,-0.04449717,0.09168092,0.0991279,77038.95,-0.03473993,16720.016,-0.04900354,288824.72,-0.15690269,223677.62,-652165.06,-4279298.5,316549.3,91449.07,210.6919,83.125725,117.12236,219.76022,84.24023,45.879894,122.832375,229.55466,-13.746581,166.45885,156.97728,0.0,143.91745,-1.9202958,46.701424,59.568035,1.0,0.0,14.196877,65.69504,169.93736,1.0,2.7527614,1.0,0.0,0.0,0.0,0.0,1.0,0.0,0.0,0.0,1.0,0.0,1.0,0.0,0.0,1.0,0.0,0.0,0.0,0.0,0.0,1.0,1.0,1.0,0.0,0.0,0.0,0.0,0.0,1.0,1.0,1.0,1.0,0.0,0.0,0.0,1.0,0.0,1.0,0.0,0.0,1.0,0.0,0.0,0.0,0.0,0.0,0.0,0.0,0.0,0.0,1436.4714,202.99991,90.26013,-10.08735,-11.999845,59.008682,-7.7229424,-14.715411,56.495094,21.744528,18.545763,29.705345,4.2378,6.6113853,9.192576,88.48897,319.98224,147.17987,52.059364,-32.26587,49.095463,1.5204831,2.1308334,3.483379,-1.7753744,3.1716099,111.27708,1463.7521,7.8869095,5.1124167,0.0,0.0,1.0,0.0,0.0,0.0,0.0
35.798676,2.6720545,19.841066,12.202512,1.5541921,1.0443959,0.23374665,0.00067882444,0.13976927,0.14658841,49960.18,0.009814374,3952.4172,0.0051910263,73872.89,0.039095536,116045.625,205353.12,39428.145,187903.12,83061.74,175.46399,68.04131,88.40885,93.301216,33.924294,3.886242,98.16662,156.62141,3.7035189,148.08449,111.003395,0.0,112.101875,-2.9346569,66.08718,48.22758,0.0,0.0,9.713051,-6.384389,171.5689,1.0,2.121735,1.0,0.0,0.0,0.0,0.0,0.0,0.0,1.0,0.0,1.0,0.0,0.0,1.0,0.0,1.0,0.0,0.0,0.0,0.0,1.0,0.0,0.0,1.0,0.0,0.0,0.0,0.0,1.0,1.0,1.0,0.0,0.0,0.0,0.0,0.0,1.0,0.0,1.0,1.0,0.0,1.0,0.0,0.0,0.0,0.0,0.0,0.0,0.0,0.0,0.0,1175.6078,143.05931,51.512608,7.6424456,7.552702,49.26209,8.262075,7.81676,40.92511,15.840062,28.150866,37.03882,6.4707108,7.55962,5.8257737,36.105873,299.09177,214.8295,7.1106606,-42.22179,72.94381,0.7183314,0.8605745,1.3214312,-1.6205945,2.0942986,17.734533,1575.4172,5.9156494,7.063547,0.0,0.0,1.0,0.0,0.0,0.0,0.0
51.90932,1.2307088,74.22148,12.998118,6.0955386,1.1903247,0.113789015,0.07978793,0.041029267,0.035398412,-7074.783,-0.0047449404,6215.24,0.015590427,14889.706,-0.035863124,44569.652,-146519.17,-3345247.5,246297.73,66481.266,105.87894,53.88748,86.88464,97.1858,49.154385,17.290764,35.463825,106.07287,-5.372653,165.24207,99.107895,0.0,35.900547,-0.6099719,73.34361,37.50719,0.0,0.0,12.41472,155.21515,-6.997741,2.0,2.1262743,0.0,0.0,0.0,0.0,1.0,1.0,0.0,0.0,0.0,1.0,0.0,1.0,0.0,1.0,0.0,0.0,0.0,1.0,0.0,0.0,0.0,0.0,1.0,0.0,0.0,0.0,1.0,0.0,1.0,1.0,0.0,0.0,0.0,0.0,0.0,0.0,0.0,0.0,0.0,0.0,1.0,0.0,0.0,0.0,0.0,0.0,0.0,0.0,0.0,0.0,999.85406,162.66745,86.884026,-3.4642048,-4.685826,27.22933,-4.4913564,-4.4396815,23.249266,8.449353,4.0681925,5.4730473,2.7927878,4.661815,5.009678,58.21508,124.4197,21.588326,6.099963,-55.286636,104.06515,1.1519202,1.5220065,2.2796886,1.3812039,0.9341715,119.57498,563.22833,4.7159414,-0.20427252,0.0,1.0,0.0,0.0,0.0,0.0,1.0
88.043915,4.0631466,28.075977,7.412509,3.366507,0.66250545,0.07107052,0.030857375,0.014404593,0.025094667,14373.972,0.0039332495,2865.3706,0.0088928845,16561.82,-0.027232004,60331.855,177650.16,-720329.7,161937.3,25389.727,95.20798,47.17655,119.15378,43.15863,26.003727,71.4463,10.354793,39.54919,7.2396035,161.1847,69.89116,0.0,6.714878,-0.17937823,34.139774,27.165602,1.0,0.0,10.426161,174.95314,137.16858,0.0,1.7584046,1.0,0.0,0.0,0.0,0.0,1.0,0.0,1.0,1.0,1.0,1.0,1.0,0.0,0.0,0.0,0.0,0.0,0.0,0.0,0.0,1.0,0.0,0.0,0.0,0.0,0.0,0.0,0.0,1.0,0.0,0.0,0.0,0.0,0.0,0.0,1.0,0.0,0.0,0.0,0.0,0.0,0.0,0.0,0.0,0.0,0.0,0.0,0.0,0.0,0.0,1205.9222,105.912605,67.72687,12.003371,11.978423,24.106398,12.431419,7.6635747,20.676376,15.535798,15.5427,16.388268,3.6413026,4.6916018,4.2356896,32.75982,115.97877,80.27526,74.78722,29.289146,64.57787,0.6830866,0.8234097,0.9733921,1.6419332,1.4384402,119.94595,-8.341798,3.3709304,0.5082531,1.0,0.0,1.0,0.0,0.0,1.0,0.0
86.17044,4.4359965,22.23453,13.5550995,3.9217741,0.63492775,0.046315048,0.10090052,-0.02616023,0.034064997,34285.926,0.013160508,-1079.3835,0.032843776,43680.016,-0.025908047,17240.148,-31817.223,-1829765.6,69022.06,6412.5303,112.695,49.62547,160.28827,41.164543,20.270193,108.08128,36.095802,58.507084,9.490469,163.83798,109.2864,1.0,39.599865,-3.956037,24.28292,40.55105,0.0,1.0,15.365142,173.45909,112.90461,1.0,2.1798909,1.0,0.0,0.0,0.0,1.0,1.0,0.0,1.0,0.0,1.0,1.0,0.0,0.0,0.0,0.0,0.0,1.0,0.0,0.0,0.0,1.0,0.0,1.0,0.0,0.0,0.0,0.0,1.0,1.0,0.0,1.0,0.0,0.0,0.0,0.0,1.0,0.0,0.0,0.0,0.0,0.0,0.0,0.0,0.0,0.0,0.0,0.0,0.0,0.0,0.0,750.07684,85.37831,58.13596,12.837922,12.091093,34.882645,14.9537325,11.937971,31.416739,23.802984,15.337271,9.372973,4.0495434,5.142079,3.9018238,34.0568,159.45757,137.08461,144.2747,107.106384,17.91962,0.4920319,0.59845394,0.4804548,0.8813623,0.2994295,317.2563,120.51697,3.620345,1.0894995,1.0,0.0,1.0,0.0,1.0,0.0,0.0
74.36354,4.958152,43.25913,4.8272257,5.7100835,0.35750487,0.05801028,-0.011122397,-0.010619183,0.019642932,35782.07,0.008723321,4319.989,0.013236611,75739.375,0.0007757764,84431.76,-49301.965,-794230.94,175861.03,42561.53,78.36689,49.22287,116.3405,45.00881,33.3547,34.028744,5.9843307,41.62746,-1.9229376,162.93753,68.53563,0.0,-0.7285515,2.0250022,37.98821,26.661987,1.0,0.0,11.550004,119.57141,211.76216,2.0,1.7580904,1.0,0.0,0.0,0.0,1.0,1.0,0.0,1.0,0.0,1.0,1.0,0.0,0.0,0.0,0.0,0.0,0.0,1.0,0.0,0.0,0.0,0.0,1.0,0.0,0.0,0.0,0.0,0.0,1.0,0.0,0.0,0.0,1.0,0.0,0.0,0.0,0.0,0.0,0.0,0.0,0.0,0.0,0.0,0.0,0.0,0.0,0.0,0.0,0.0,0.0,417.9307,107.01241,64.18559,2.9277277,3.119708,18.923712,2.5142543,1.4484167,13.661059,6.379436,1.8459576,1.3284165,2.205583,3.682052,5.2165594,57.997574,84.96534,23.4575,89.71676,32.324375,64.45445,0.90112317,1.0828949,0.94984305,0.6063889,1.067242,224.37454,222.72264,3.3132951,3.2714846,0.0,0.0,0.0,0.0,0.0,0.0,1.0
61.718685,0.4169551,12.483619,7.0544343,-0.7519647,1.478821,0.23279592,-0.051894028,0.075273074,0.09715178,26899.484,0.014706028,4998.6646,0.020249251,36066.316,0.071572475,151555.66,339471.2,35138.656,246034.53,82485.15,133.98152,52.042908,41.241413,73.982544,27.742632,-30.078854,56.555523,97.419655,4.603513,141.49612,39.45319,0.0,60.409477,-0.64464295,89.049034,25.207323,1.0,1.0,7.5858965,63.262707,103.67064,1.0,1.2869556,1.0,0.0,0.0,0.0,0.0,1.0,0.0,0.0,0.0,1.0,1.0,0.0,0.0,0.0,0.0,0.0,0.0,0.0,0.0,0.0,0.0,0.0,1.0,0.0,0.0,0.0,0.0,0.0,1.0,1.0,0.0,1.0,0.0,0.0,0.0,1.0,0.0,1.0,1.0,0.0,0.0,0.0,0.0,0.0,0.0,0.0,0.0,0.0,0.0,0.0,905.24,146.49718,60.19814,7.896717,7.275342,34.592106,6.850759,8.183025,28.551352,13.353687,31.278147,40.176773,5.050584,6.151839,4.1655774,40.606354,193.77728,126.36433,-48.99549,-94.05216,76.70044,0.82317215,1.0589056,2.8240733,-0.45130467,2.2068212,-65.859634,1336.1292,5.126284,6.389172,0.0,0.0,1.0,0.0,1.0,0.0,0.0
62.991077,3.9862103,48.328693,11.783449,5.7455225,0.7104562,0.15589823,-0.04000879,0.08998879,0.12922755,3025.8337,0.012137103,-657.66327,0.027844122,31586.295,0.025848892,72019.58,-462095.88,-1165304.0,137803.4,62217.09,79.52598,21.4767,99.05491,46.751324,11.000133,10.299089,10.40677,46.338696,-3.7057033,156.38513,72.33857,0.0,7.300448,0.6186333,60.652534,30.874134,1.0,0.0,8.455373,158.61841,262.11197,2.0,1.7552923,1.0,0.0,0.0,0.0,0.0,0.0,0.0,1.0,1.0,1.0,1.0,1.0,0.0,0.0,0.0,0.0,0.0,0.0,0.0,0.0,0.0,0.0,0.0,0.0,0.0,0.0,0.0,1.0,1.0,0.0,1.0,0.0,1.0,0.0,0.0,1.0,0.0,0.0,1.0,0.0,0.0,0.0,0.0,0.0,0.0,0.0,0.0,0.0,0.0,0.0,958.9815,109.867836,49.428974,-1.5107162,-1.4238969,17.443762,-2.5802612,-2.5610137,12.94388,1.3403986,1.9155939,1.1315536,2.4677901,4.177827,6.3111405,57.53904,50.274387,-6.309124,93.470566,35.09083,42.457115,0.8964556,0.8827791,0.72440225,1.153494,1.046025,94.39115,492.80365,4.0902123,4.139988,0.0,1.0,0.0,0.0,0.0,1.0,0.0
68.980835,6.822165,43.23008,2.2674623,3.6494806,2.0625799,0.12199156,0.08133345,0.056877885,0.094955005,-12091.355,0.022504456,3601.5276,0.0023333093,21395.365,0.19443649,85738.59,167412.83,103377.22,162072.66,62358.727,141.65834,18.909388,88.86969,154.60251,28.397089,21.870754,37.840492,93.07937,8.865531,173.03555,86.449585,1.0,43.132957,3.5681155,62.843895,30.081642,1.0,0.0,8.606401,60.1352,40.989143,2.0,2.003389,0.0,0.0,0.0,0.0,1.0,1.0,0.0,0.0,0.0,0.0,0.0,0.0,0.0,0.0,1.0,0.0,0.0,1.0,0.0,1.0,0.0,1.0,0.0,0.0,0.0,0.0,0.0,0.0,0.0,0.0,0.0,0.0,0.0,0.0,0.0,0.0,0.0,0.0,0.0,0.0,1.0,0.0,0.0,0.0,0.0,0.0,0.0,0.0,0.0,0.0,2335.578,148.16786,94.50706,10.114706,12.880665,28.799095,8.822945,3.8701024,26.511292,13.0822315,21.14394,25.570154,2.7076952,4.373745,4.74119,64.307465,139.07747,50.88393,-5.1554694,-63.850338,92.32862,1.4993026,1.7934588,1.7700748,1.6328484,2.8430889,-127.67324,799.1767,5.295607,3.0599425,0.0,1.0,0.0,0.0,0.0,0.0,1.0
44.797043,-0.15625195,46.632908,18.414417,4.5363793,1.5038658,0.21708603,-0.09143057,0.09799767,0.1549275,-10064.03,0.019123867,6231.225,0.03542874,63780.426,0.16223823,129190.15,-243373.7,-273539.75,422261.94,111499.05,118.81573,21.863323,44.70605,115.54167,27.360365,-26.941345,57.88932,135.95915,14.119459,151.84851,127.02024,0.0,62.00448,2.886131,77.23361,51.612976,0.0,0.0,7.940593,82.58821,85.04612,2.0,2.3490825,1.0,0.0,1.0,0.0,1.0,1.0,0.0,0.0,0.0,0.0,0.0,1.0,0.0,0.0,1.0,0.0,0.0,1.0,0.0,0.0,0.0,0.0,0.0,0.0,0.0,0.0,0.0,0.0,0.0,1.0,0.0,0.0,0.0,0.0,0.0,1.0,0.0,0.0,1.0,0.0,1.0,0.0,0.0,0.0,0.0,0.0,0.0,0.0,0.0,0.0,520.81287,210.89062,97.532,11.665593,12.892197,31.848028,9.878849,6.907264,24.826477,8.001627,16.767942,17.531895,2.7283118,5.2211843,7.8811936,82.191025,98.590256,-24.94163,-60.74776,-152.48233,132.22627,1.1833782,1.6574675,1.1712267,0.9248648,0.379112,-280.7437,759.40875,5.8031225,2.4320316,0.0,1.0,0.0,0.0,0.0,1.0,0.0
96.86335,-1.1629305,39.764866,9.796393,2.5233157,1.0961856,0.09600995,0.020302556,-0.0038038231,0.060526114,-5560.0435,0.0040592337,1898.3975,0.029578932,-4008.8103,0.003145769,22029.414,325099.56,-515530.44,234511.64,69809.32,102.73951,49.066475,91.96339,55.24054,29.68479,30.380604,10.460925,40.940075,5.7886624,157.97166,60.576675,0.0,5.1537623,-0.48247316,62.913975,26.620426,1.0,0.0,11.729135,167.04092,-11.400095,2.0,1.6441953,1.0,0.0,1.0,0.0,0.0,0.0,0.0,1.0,0.0,0.0,1.0,1.0,0.0,1.0,0.0,0.0,0.0,0.0,0.0,0.0,0.0,0.0,0.0,0.0,1.0,0.0,0.0,0.0,0.0,0.0,0.0,0.0,1.0,0.0,1.0,0.0,0.0,0.0,0.0,0.0,0.0,0.0,0.0,0.0,0.0,0.0,0.0,0.0,0.0,0.0,325.091,151.03516,93.04032,9.554081,9.87684,33.34912,10.181196,6.7437963,30.82692,18.644697,18.967579,22.342508,3.468638,4.745745,3.725003,34.910183,129.86005,92.60378,32.744614,-13.02415,61.28262,0.86853033,0.8579696,1.2666857,1.5748863,0.862474,154.85689,143.14568,3.501564,2.0519726,0.0,1.0,0.0,0.0,0.0,1.0,0.0
72.069176,-0.008071172,46.56917,12.402313,3.818084,1.6127723,0.09100509,0.13994448,-0.025450133,0.010332729,-989.83496,-0.006485984,1077.6202,0.014527043,-25097.291,0.03904414,72815.83,-66483.19,-419261.3,244875.2,111325.05,165.56607,69.9952,106.05621,127.49067,54.78809,21.508844,21.645231,76.83245,-0.13251415,154.37726,80.01579,0.0,17.15236,-0.24540767,57.63972,34.192036,0.0,0.0,15.010403,129.82433,-8.31055,2.0,1.812492,0.0,0.0,0.0,0.0,0.0,1.0,0.0,1.0,1.0,1.0,0.0,1.0,1.0,1.0,0.0,0.0,0.0,1.0,0.0,0.0,0.0,0.0,0.0,1.0,0.0,0.0,1.0,0.0,0.0,0.0,0.0,0.0,0.0,0.0,0.0,0.0,0.0,1.0,0.0,0.0,1.0,0.0,0.0,0.0,0.0,0.0,0.0,0.0,0.0,0.0,-1102.4182,137.67903,86.49924,-1.0309353,3.0497139,26.473585,0.4453071,2.9023576,28.178522,15.370857,9.693026,11.322102,4.9972396,6.5039387,4.324961,44.887775,269.62415,184.39061,21.35941,-21.720041,51.69448,1.1194524,1.3477697,3.7861018,1.2123638,1.5001909,308.4763,643.1767,4.7068353,3.4256136,0.0,1.0,0.0,0.0,0.0,0.0,1.0
67.34045,3.5510957,43.3897,9.714343,4.086558,1.089753,0.08166715,0.14727639,-0.029199729,-0.03762809,-12950.952,0.0055461437,1028.4861,0.03197398,-24592.754,-0.039937478,99138.88,-36120.934,-1438204.6,216087.88,71913.36,124.09896,50.372307,155.40887,97.553665,40.15364,79.96284,9.032699,53.599396,-0.508249,161.60144,71.998,0.0,4.7381845,1.8894941,65.85035,28.784683,0.0,0.0,14.870625,117.65284,-53.185734,1.0,1.7808801,0.0,0.0,0.0,0.0,1.0,1.0,0.0,0.0,0.0,1.0,0.0,1.0,0.0,0.0,0.0,0.0,0.0,1.0,0.0,0.0,0.0,0.0,1.0,0.0,0.0,0.0,1.0,0.0,1.0,1.0,0.0,0.0,0.0,0.0,0.0,0.0,0.0,1.0,0.0,1.0,1.0,0.0,0.0,0.0,0.0,0.0,0.0,0.0,1.0,0.0,296.46347,120.80675,71.93348,1.6794901,4.620427,30.009087,2.528627,0.14117813,27.698734,14.427815,7.6597505,8.7793045,2.7235425,4.631235,4.1212935,67.71726,152.43268,74.5949,136.12154,67.82764,52.207577,1.0055724,1.4009748,3.21422,2.418609,1.0996952,181.71698,367.03937,3.9918191,-0.09630041,0.0,1.0,0.0,0.0,0.0,0.0,0.0
78.54095,4.1682744,66.181435,6.6361165,5.311734,-0.27629,0.045983266,-0.1766545,-0.053155944,-0.07376121,26397.123,-0.004994257,7554.906,0.02101304,154007.45,0.021731157,113854.016,-407118.22,-1556829.4,302629.78,109604.805,158.93393,66.4336,107.57528,113.56386,46.90677,22.323725,21.855236,73.05855,-5.488034,170.07388,60.154404,1.0,23.846548,2.4796758,68.19928,22.516981,0.0,0.0,7.6739817,105.04203,55.541676,2.0,1.6904185,0.0,0.0,0.0,0.0,0.0,0.0,0.0,0.0,0.0,0.0,0.0,1.0,1.0,0.0,1.0,0.0,0.0,0.0,0.0,0.0,0.0,0.0,0.0,0.0,0.0,0.0,0.0,0.0,1.0,0.0,0.0,0.0,0.0,0.0,0.0,0.0,0.0,0.0,0.0,0.0,0.0,1.0,0.0,0.0,0.0,0.0,0.0,0.0,0.0,0.0,168.02505,106.76987,51.328938,-5.1995883,-4.1713786,8.795105,-4.3347015,-3.235433,7.386077,0.1946258,1.7807245,5.0907607,4.9900904,6.553577,8.809224,50.478275,257.24762,147.4351,56.522503,-23.167782,67.389915,0.9496983,1.0784729,2.153206,0.068964124,1.119855,-83.80359,585.7623,4.075922,3.771548,0.0,1.0,0.0,0.0,0.0,0.0,1.0
69.059006,5.2410097,20.455296,5.7880507,1.718989,1.5038803,0.16064161,0.14815915,0.090734094,0.090041384,15424.968,-0.0013797979,2299.6636,0.008020183,1057.9255,0.02246961,107429.74,406304.9,62968.16,215327.83,52611.78,133.04457,51.36876,108.01845,71.23363,28.020779,55.5597,60.48528,117.11577,5.621144,153.6253,93.862404,0.0,63.015743,0.042846654,63.683605,39.09627,1.0,0.0,11.502243,139.86508,130.4455,1.0,1.9863831,0.0,0.0,1.0,0.0,0.0,1.0,0.0,1.0,0.0,1.0,1.0,1.0,0.0,0.0,0.0,0.0,0.0,0.0,0.0,0.0,1.0,0.0,0.0,0.0,1.0,0.0,0.0,0.0,0.0,1.0,0.0,0.0,1.0,0.0,0.0,1.0,0.0,0.0,0.0,0.0,0.0,0.0,0.0,0.0,0.0,0.0,0.0,0.0,0.0,0.0,1040.2836,132.81213,73.66459,9.786817,12.128952,39.209816,9.716899,7.5192623,36.497044,18.7568,23.510427,28.410805,4.14723,5.6014557,4.091007,46.06043,183.01505,108.970215,10.896963,-33.041542,52.650352,0.7409475,1.0292952,3.47865,1.320128,2.1632693,52.084923,540.13696,5.0360785,1.9085072,0.0,0.0,1.0,0.0,0.0,0.0,0.0
86.661606,6.9014688,33.001835,9.546603,3.956836,2.0773094,0.16786134,0.14203201,0.00085715763,0.06955275,-20837.557,0.019653616,-491.20425,0.0568373,-62023.914,0.017997645,138716.38,138800.28,-10635.872,99125.97,29254.23,81.19468,18.68788,106.23358,45.028305,8.295207,30.801191,-12.623489,-0.7699258,1.3004624,170.95564,62.587093,1.0,-16.074015,0.97602373,60.248215,21.802622,1.0,1.0,14.14096,144.64096,93.60549,1.0,1.7382793,1.0,0.0,1.0,0.0,0.0,1.0,0.0,1.0,0.0,1.0,1.0,1.0,0.0,0.0,0.0,0.0,0.0,0.0,0.0,1.0,0.0,0.0,0.0,0.0,0.0,0.0,0.0,0.0,1.0,0.0,0.0,0.0,0.0,0.0,0.0,0.0,0.0,0.0,0.0,1.0,1.0,0.0,0.0,0.0,0.0,0.0,0.0,0.0,0.0,0.0,458.06207,110.29531,65.14426,6.517604,6.0423884,13.059833,5.944262,4.7661963,11.261836,10.557996,10.090231,8.49622,2.7986727,3.778268,2.5993714,39.66433,55.57404,28.394577,95.55651,48.21136,34.35349,0.8794687,0.77105,1.4850047,1.9638859,0.62727255,11.079487,297.7627,2.9463046,1.9510382,0.0,0.0,1.0,0.0,0.0,1.0,0.0
30.080667,6.3761253,15.845901,5.365209,-4.5928006,-0.5114202,0.0887566,-0.31191882,-0.01889054,0.0377156,118821.95,-0.028653966,39890.543,-0.083159514,612441.5,-0.11102673,157641.03,678374.06,4486780.5,566795.56,317206.25,318.9721,99.242905,163.94014,390.69226,135.58371,5.2456055,76.942116,259.37692,33.4035,187.03336,346.29553,0.0,82.188065,-0.38008863,61.1012,118.68697,0.0,1.0,7.8385916,143.92523,-4.361338,1.0,4.970616,0.0,0.0,0.0,0.0,0.0,0.0,0.0,0.0,0.0,0.0,0.0,0.0,0.0,0.0,1.0,0.0,0.0,0.0,0.0,0.0,0.0,0.0,0.0,0.0,0.0,0.0,0.0,0.0,1.0,0.0,0.0,0.0,0.0,0.0,0.0,1.0,0.0,1.0,0.0,0.0,1.0,0.0,0.0,0.0,0.0,0.0,0.0,0.0,0.0,0.0,-4824.998,267.18442,128.98915,29.135618,34.108604,78.51073,31.495104,20.221886,71.309715,48.273815,77.353676,97.30384,3.8220363,7.812064,12.696208,129.48393,499.68887,238.06403,57.59166,-152.77219,237.12938,2.5309,3.3932173,4.2469664,-2.7928188,5.833305,-666.1326,2469.0908,10.271653,-2.8260891,0.0,1.0,0.0,0.0,0.0,1.0,0.0
75.37809,3.0425773,32.977264,12.92274,3.3096557,1.2525163,0.13722788,0.04333621,-0.0009702873,0.05283689,32195.652,0.0036262954,1504.2312,0.020387718,42079.5,0.0070794686,124464.06,167050.64,-1379919.9,179014.77,27202.51,152.04852,63.36949,104.02522,70.63818,30.14847,35.730618,44.372627,85.63242,-4.7175565,148.1382,80.47624,0.0,45.217022,-1.3151556,57.35654,36.30339,1.0,0.0,11.129939,154.03801,72.72412,1.0,1.7875713,1.0,0.0,0.0,0.0,1.0,1.0,0.0,0.0,0.0,1.0,1.0,1.0,0.0,0.0,1.0,0.0,0.0,0.0,1.0,0.0,0.0,0.0,1.0,0.0,0.0,0.0,0.0,0.0,1.0,1.0,1.0,0.0,0.0,0.0,0.0,1.0,0.0,1.0,1.0,0.0,0.0,0.0,0.0,0.0,0.0,0.0,0.0,0.0,0.0,0.0,568.0874,119.70433,60.79601,0.54560155,-0.13663496,20.274973,0.27122283,1.4020187,18.518597,11.40175,12.955703,16.856464,5.4186287,6.3486795,5.2282443,28.379759,250.2858,187.97656,28.3056,-15.969457,50.12989,0.6152363,0.75342697,3.1731424,1.3414873,1.2601614,21.575958,789.87537,4.356206,1.4911453,0.0,0.0,1.0,0.0,1.0,0.0,0.0
72.755135,5.6792874,18.801254,4.982133,2.2654908,0.45701215,0.14338161,0.12074554,0.02349122,0.056223717,8901.979,0.008859942,-286.21576,0.040297404,50884.074,0.05393214,88294.97,-178855.02,675663.1,150457.33,51197.418,104.835495,33.96465,185.57944,80.35644,28.724854,128.19319,-11.340303,38.12506,15.848524,160.03171,103.12329,0.0,-20.582968,0.170035,76.27294,39.987007,0.0,0.0,11.307247,190.6576,203.56635,2.0,2.1186142,1.0,0.0,0.0,0.0,1.0,1.0,0.0,1.0,0.0,1.0,0.0,1.0,0.0,0.0,0.0,0.0,0.0,0.0,0.0,1.0,0.0,0.0,1.0,0.0,1.0,0.0,0.0,0.0,1.0,1.0,0.0,0.0,0.0,0.0,0.0,0.0,0.0,0.0,0.0,0.0,0.0,0.0,0.0,0.0,0.0,0.0,0.0,0.0,0.0,0.0,379.35156,102.76079,50.092922,17.311497,22.102596,45.860035,18.970135,12.362504,44.84498,23.738043,19.318413,22.56956,2.2042987,4.276178,5.7591143,74.70099,89.07499,0.10232127,190.11113,99.87964,55.60483,0.91123235,1.1363262,2.405887,1.8096617,0.18321554,133.76224,622.049,4.0509973,3.1269617,1.0,0.0,1.0,0.0,0.0,1.0,1.0
71.647995,5.65524,48.44273,1.5942389,4.2240024,1.4165722,0.105749436,-0.04486422,-0.030548638,0.0718682,576.339,0.046533223,807.24286,0.00830334,-45191.824,0.2701923,54628.64,342369.12,1224117.4,300041.0,169644.28,165.52919,54.55021,121.60373,130.38666,40.455868,-17.453226,18.097908,78.485664,-4.130194,162.7956,65.21528,0.0,14.796949,1.0535682,51.36569,25.875477,1.0,0.0,10.944249,78.24672,-3.5343466,2.0,1.7024138,1.0,0.0,0.0,0.0,0.0,1.0,0.0,0.0,1.0,0.0,0.0,0.0,0.0,0.0,0.0,1.0,0.0,1.0,0.0,1.0,0.0,0.0,0.0,0.0,0.0,0.0,0.0,0.0,0.0,0.0,0.0,0.0,0.0,0.0,0.0,0.0,0.0,0.0,0.0,0.0,1.0,0.0,0.0,0.0,0.0,0.0,0.0,0.0,0.0,0.0,365.8595,139.67747,81.70569,-3.083379,-3.0165093,19.782877,-3.068229,-1.221662,14.849243,3.5144587,8.242449,11.084103,4.5004206,6.0602226,5.824043,48.1887,253.03065,146.65999,72.83035,-10.476227,79.084564,1.2311932,1.3041604,2.1752007,-0.3480457,1.1953356,40.062428,722.6282,4.361421,2.1348362,0.0,1.0,0.0,0.0,0.0,0.0,1.0
93.76137,4.0941224,14.724085,4.360465,0.4362815,1.4968065,0.14817333,0.115998626,0.034186374,0.048951104,-5825.267,0.007600739,4468.006,0.050086755,30411.094,0.056097995,693.638,524325.94,-762301.0,141813.84,1969.5642,75.099144,28.942455,81.694725,26.575377,9.077633,58.547737,0.98345387,16.891214,12.817928,158.11017,39.652447,0.0,-3.7867568,-0.27072576,76.110916,19.271397,0.0,0.0,11.531361,148.86855,-37.324272,2.0,1.4179177,1.0,0.0,1.0,0.0,0.0,1.0,0.0,0.0,0.0,1.0,0.0,1.0,0.0,1.0,0.0,0.0,0.0,0.0,0.0,0.0,0.0,0.0,0.0,0.0,0.0,0.0,0.0,1.0,0.0,1.0,1.0,0.0,0.0,0.0,1.0,0.0,0.0,0.0,0.0,0.0,0.0,0.0,0.0,0.0,0.0,0.0,0.0,0.0,0.0,0.0,613.13165,101.745735,63.403038,15.426894,19.040596,30.925568,15.804881,12.83874,29.869217,22.735268,26.940907,31.656008,2.4269028,3.6967714,1.8198768,42.227943,75.395615,46.416077,0.9831299,-33.621147,61.804646,0.77764803,0.89839894,1.7063537,2.4500284,1.9484427,105.1569,224.32617,3.4613445,5.0124526,0.0,1.0,0.0,0.0,0.0,0.0,1.0
80.929184,5.7171497,35.893764,8.347972,3.9443386,0.07005928,0.09963791,-0.21315864,-0.045887046,0.048760824,31186.223,0.011731552,6370.341,0.011874137,133966.95,0.08525531,127051.23,-338365.66,1141199.4,305610.3,84462.72,107.126366,42.723495,109.837975,58.986317,24.168245,3.5096343,26.823488,73.47071,-1.9463975,164.33122,99.776764,0.0,27.049662,3.4084115,36.37758,37.13371,1.0,0.0,9.659355,78.88027,121.39257,2.0,2.0826037,0.0,0.0,1.0,1.0,0.0,0.0,0.0,1.0,0.0,0.0,0.0,1.0,0.0,0.0,0.0,0.0,0.0,0.0,0.0,0.0,0.0,0.0,0.0,1.0,0.0,0.0,0.0,0.0,1.0,0.0,0.0,0.0,0.0,0.0,0.0,0.0,0.0,0.0,0.0,0.0,0.0,0.0,0.0,0.0,0.0,0.0,0.0,0.0,0.0,0.0,-35.573456,111.17504,55.061813,1.0717932,3.1588638,5.7254252,-0.22570837,3.8004858,0.8988965,2.0544295,9.925055,12.325258,3.3060205,5.3020864,9.294203,74.77044,138.2307,38.9735,96.935844,9.130676,69.47453,0.86643267,1.0182335,2.3660767,-0.21418166,2.112394,-239.00711,625.6626,3.737713,6.952132,0.0,1.0,0.0,0.0,0.0,1.0,1.0
70.52761,3.1575787,40.983273,8.597557,4.99462,0.59590364,0.076433964,0.14285299,0.08284938,0.052128088,24176.832,0.004097366,3298.1353,0.018391674,77893.58,-0.03422256,97716.16,-208212.81,-1270745.0,299054.47,108576.766,105.27127,45.93396,120.17544,41.390778,22.041414,58.37756,25.687801,77.46425,5.462441,173.0771,80.964226,1.0,27.118698,-0.019236939,58.83678,28.421654,1.0,1.0,13.222094,85.48587,26.704542,2.0,1.9418974,1.0,0.0,0.0,0.0,0.0,1.0,0.0,0.0,0.0,0.0,0.0,1.0,1.0,1.0,0.0,0.0,0.0,0.0,0.0,1.0,0.0,0.0,1.0,0.0,1.0,0.0,0.0,0.0,1.0,0.0,0.0,0.0,1.0,0.0,0.0,0.0,0.0,0.0,0.0,0.0,0.0,0.0,0.0,0.0,0.0,0.0,0.0,0.0,0.0,0.0,-204.32515,132.32976,74.728645,7.547585,8.920483,46.774094,9.565257,3.5299542,44.41792,16.819578,8.728192,9.840596,3.7591136,5.436332,5.4333386,49.50165,153.61401,68.860214,99.93602,13.299644,60.680183,0.68229574,0.64945257,1.0987661,0.6911471,0.25821623,266.86417,553.8293,4.37569,-0.15309612,0.0,1.0,0.0,0.0,0.0,1.0,0.0
45.99261,-8.265936,57.555225,24.469368,2.5436125,2.3985837,0.10827711,-0.024150172,-0.015865447,0.059184957,-20010.5,-0.037796814,3828.8552,0.011734246,60546.684,-0.023346456,93658.055,-136978.64,-1005430.2,278069.56,-25260.635,274.78607,98.04239,146.34575,258.65982,95.406075,94.276306,117.52488,204.81482,12.583354,165.50612,92.60705,0.0,134.24254,3.9342012,91.636284,33.78834,0.0,0.0,13.474191,107.15035,-117.70944,1.0,2.0322325,1.0,0.0,0.0,0.0,0.0,1.0,0.0,1.0,0.0,1.0,0.0,1.0,0.0,0.0,0.0,0.0,1.0,1.0,0.0,0.0,1.0,0.0,0.0,0.0,1.0,0.0,0.0,0.0,1.0,1.0,0.0,0.0,0.0,0.0,1.0,0.0,0.0,1.0,0.0,1.0,1.0,0.0,0.0,0.0,0.0,0.0,0.0,0.0,0.0,0.0,1937.2416,224.94923,135.36188,9.839866,15.766357,19.608051,7.4390464,3.5850854,20.475302,14.166925,25.053564,32.777187,6.6576414,8.258414,3.7965775,45.523033,461.93634,347.77347,8.8234005,-41.530083,78.270744,1.6738493,2.0747375,3.585865,2.596808,1.3676454,-101.668785,735.4661,6.5789886,7.0363007,0.0,0.0,1.0,0.0,0.0,0.0,0.0
87.51626,7.0036054,34.768536,6.700227,4.4910703,1.1063892,0.12719841,0.120496266,-0.02547664,0.0036122215,26815.803,0.013104578,3689.093,0.03491888,26852.172,0.044355985,42291.03,292241.78,-508618.5,191539.5,40587.184,84.31324,48.51026,101.198456,23.07996,21.900354,36.03318,-2.5097275,1.380986,3.010176,159.75308,53.253746,0.0,-8.436381,2.1156828,46.640812,23.60236,1.0,0.0,13.033011,113.31369,-88.88933,1.0,1.5655895,0.0,0.0,1.0,0.0,0.0,0.0,0.0,1.0,1.0,0.0,0.0,0.0,1.0,1.0,0.0,0.0,0.0,0.0,0.0,0.0,0.0,0.0,0.0,0.0,0.0,0.0,0.0,0.0,0.0,0.0,0.0,0.0,1.0,0.0,0.0,0.0,0.0,0.0,0.0,0.0,0.0,0.0,0.0,0.0,0.0,0.0,0.0,0.0,0.0,0.0,-510.92654,86.018776,56.817867,8.002498,9.2837715,15.533377,5.84601,6.1346774,12.096346,9.399216,5.733538,3.3255048,3.8394186,4.633052,3.4651184,32.618404,111.76132,93.82133,41.1403,13.136225,44.429245,0.64734626,0.72535086,1.520932,2.2823071,1.2073247,168.62056,-38.87056,2.3400893,2.6050105,0.0,1.0,0.0,0.0,0.0,0.0,1.0
74.45625,7.2906394,38.29685,3.970835,4.511092,1.8693647,0.15914296,0.23255974,0.04259883,0.0630502,-13911.181,0.0113519635,368.4892,0.0379378,-53184.305,0.020763177,33814.543,142764.38,-536372.1,187799.77,39411.824,58.120625,21.251976,101.14382,14.684997,5.8757715,41.49901,-3.6997273,20.345224,2.7687073,164.00887,76.07874,0.0,-11.038763,0.41998,70.5712,29.296392,1.0,0.0,13.557876,156.65979,9.8775215,2.0,1.8485404,1.0,0.0,1.0,0.0,1.0,1.0,1.0,1.0,1.0,1.0,0.0,1.0,0.0,0.0,0.0,0.0,0.0,0.0,0.0,0.0,0.0,0.0,0.0,0.0,0.0,0.0,0.0,0.0,0.0,1.0,0.0,1.0,1.0,0.0,0.0,0.0,0.0,0.0,0.0,0.0,1.0,0.0,0.0,0.0,0.0,0.0,0.0,0.0,0.0,0.0,-246.73898,116.79069,69.8621,7.0111628,8.857212,27.72839,5.648568,5.304103,23.491255,10.845788,8.256948,9.328263,2.4475887,3.8272362,3.0478206,53.04219,15.182184,-23.849712,53.050064,9.527691,63.75246,0.62915707,0.8306598,2.3056717,2.1585433,0.81039125,200.16873,196.01294,3.2279766,2.6381161,0.0,1.0,0.0,0.0,0.0,1.0,0.0
86.55853,6.051862,27.355333,2.6193538,3.5213394,0.77058744,0.05955934,0.062594704,0.04301181,0.052373353,22778.713,0.0025146971,4940.758,0.033375002,99085.086,0.0052118343,28634.38,-143995.02,-989157.7,196058.27,46966.24,50.25588,25.56494,99.89373,35.16005,20.720068,51.800144,17.517508,58.201954,11.305659,172.98686,93.97307,0.0,18.131409,-0.5712972,53.88586,32.761276,0.0,0.0,12.287349,159.9118,115.38721,2.0,2.0964422,1.0,0.0,1.0,0.0,1.0,1.0,0.0,1.0,0.0,1.0,1.0,1.0,0.0,0.0,0.0,0.0,0.0,0.0,0.0,1.0,0.0,0.0,0.0,0.0,1.0,0.0,0.0,0.0,1.0,1.0,1.0,0.0,1.0,0.0,0.0,0.0,0.0,0.0,0.0,0.0,1.0,0.0,0.0,0.0,0.0,0.0,0.0,0.0,0.0,0.0,697.20764,122.596664,80.98083,13.673553,15.013082,36.217705,13.598927,11.726108,34.48186,19.006458,16.945467,17.207253,1.3503863,3.444233,5.382163,63.19314,-12.9037285,-70.42948,69.69399,4.1366673,66.43266,0.85090595,1.0326773,1.1659031,0.90165305,0.49128667,116.504295,209.669,3.5879798,2.4382594,0.0,1.0,1.0,0.0,0.0,0.0,1.0
40.787296,4.503022,37.72785,1.5980917,2.7095573,1.043436,0.13481867,0.2077494,0.16548643,0.13744837,-20734.97,-0.0075725224,6074.872,0.009503452,13880.66,0.014902178,66412.11,-25723.145,-1245519.4,248519.62,73836.08,121.712135,73.18731,125.90909,89.866646,57.322994,67.002464,39.527122,115.797134,8.388515,176.0228,86.5697,0.0,40.300323,2.3142302,75.33081,28.978384,0.0,0.0,11.654089,115.733315,-72.62612,2.0,2.028056,0.0,0.0,0.0,0.0,0.0,1.0,0.0,1.0,0.0,1.0,0.0,0.0,0.0,0.0,0.0,0.0,0.0,1.0,0.0,1.0,1.0,0.0,0.0,0.0,0.0,0.0,0.0,0.0,0.0,0.0,0.0,1.0,0.0,0.0,0.0,0.0,0.0,1.0,0.0,1.0,1.0,0.0,0.0,0.0,0.0,0.0,0.0,0.0,0.0,0.0,-734.1297,130.57387,72.46519,5.7094812,11.159023,50.68879,7.130505,4.4580607,48.576477,20.330496,20.179417,25.995628,3.263395,5.366069,4.609326,72.53763,188.8934,74.35557,46.89513,-36.403152,125.53912,1.1404276,1.6429094,3.6207314,2.2309718,1.3537676,272.2174,832.55396,5.257192,-0.6900564,1.0,0.0,0.0,1.0,1.0,0.0,0.0
64.660706,3.986881,20.09777,5.6030626,3.0850818,0.20740098,0.12084637,-0.09818556,0.0011442754,0.0735379,14497.663,0.01814586,3896.1719,0.027063401,85468.09,0.043026082,150966.27,-199786.44,64218.605,140114.1,50026.266,113.51358,44.277203,109.319435,72.661964,28.722517,33.37466,-8.758477,31.321783,7.8119454,160.5328,64.8019,0.0,-20.292753,0.8063054,50.88551,26.2976,1.0,0.0,9.158205,122.3745,281.29114,2.0,1.6865091,1.0,0.0,0.0,0.0,0.0,1.0,0.0,1.0,0.0,1.0,1.0,0.0,0.0,0.0,0.0,0.0,0.0,1.0,0.0,0.0,0.0,0.0,1.0,0.0,0.0,0.0,0.0,0.0,1.0,0.0,0.0,0.0,0.0,0.0,0.0,1.0,0.0,0.0,0.0,0.0,0.0,0.0,0.0,0.0,0.0,0.0,0.0,0.0,0.0,0.0,-288.5172,103.04673,49.167683,8.430465,11.433581,21.801365,9.60658,6.022599,15.944466,9.568225,12.331423,13.956266,3.1835067,4.6610804,5.7932014,59.22059,147.07376,63.147076,72.44513,-6.832484,72.88529,1.0095603,1.053145,1.8849925,0.5996256,0.84281933,51.62619,737.25336,4.0590186,4.246681,0.0,0.0,1.0,0.0,0.0,0.0,1.0
